-- MySQL dump 10.13  Distrib 8.0.12, for Win64 (x86_64)
--
-- Host: 47.105.107.242    Database: logistics
-- ------------------------------------------------------
-- Server version	8.0.15

/*!40101 SET @OLD_CHARACTER_SET_CLIENT=@@CHARACTER_SET_CLIENT */;
/*!40101 SET @OLD_CHARACTER_SET_RESULTS=@@CHARACTER_SET_RESULTS */;
/*!40101 SET @OLD_COLLATION_CONNECTION=@@COLLATION_CONNECTION */;
 SET NAMES utf8 ;
/*!40103 SET @OLD_TIME_ZONE=@@TIME_ZONE */;
/*!40103 SET TIME_ZONE='+00:00' */;
/*!40014 SET @OLD_UNIQUE_CHECKS=@@UNIQUE_CHECKS, UNIQUE_CHECKS=0 */;
/*!40014 SET @OLD_FOREIGN_KEY_CHECKS=@@FOREIGN_KEY_CHECKS, FOREIGN_KEY_CHECKS=0 */;
/*!40101 SET @OLD_SQL_MODE=@@SQL_MODE, SQL_MODE='NO_AUTO_VALUE_ON_ZERO' */;
/*!40111 SET @OLD_SQL_NOTES=@@SQL_NOTES, SQL_NOTES=0 */;

--
-- Table structure for table `SPRING_SESSION`
--

DROP TABLE IF EXISTS `SPRING_SESSION`;
/*!40101 SET @saved_cs_client     = @@character_set_client */;
 SET character_set_client = utf8mb4 ;
CREATE TABLE `SPRING_SESSION` (
  `PRIMARY_ID` char(36) NOT NULL,
  `SESSION_ID` char(36) NOT NULL,
  `CREATION_TIME` bigint(20) NOT NULL,
  `LAST_ACCESS_TIME` bigint(20) NOT NULL,
  `MAX_INACTIVE_INTERVAL` int(11) NOT NULL,
  `EXPIRY_TIME` bigint(20) NOT NULL,
  `PRINCIPAL_NAME` varchar(100) DEFAULT NULL,
  PRIMARY KEY (`PRIMARY_ID`),
  UNIQUE KEY `SPRING_SESSION_IX1` (`SESSION_ID`),
  KEY `SPRING_SESSION_IX2` (`EXPIRY_TIME`),
  KEY `SPRING_SESSION_IX3` (`PRINCIPAL_NAME`)
) ENGINE=InnoDB DEFAULT CHARSET=utf8mb4 COLLATE=utf8mb4_0900_ai_ci ROW_FORMAT=DYNAMIC;
/*!40101 SET character_set_client = @saved_cs_client */;

--
-- Dumping data for table `SPRING_SESSION`
--

LOCK TABLES `SPRING_SESSION` WRITE;
/*!40000 ALTER TABLE `SPRING_SESSION` DISABLE KEYS */;
INSERT INTO `SPRING_SESSION` VALUES ('25bb9b60-acb4-4601-be72-6dfa75451d58','4a016e0a-ed05-4a3d-8585-66fa9354350c',1551891967041,1551891967041,3000,1551894967041,NULL),('4f89b201-2d86-45a9-9afb-84ebdcb47ef2','1edc941d-8e33-497d-94d0-86f84e7032f9',1551891723108,1551891723108,3000,1551894723108,NULL),('6a4bf7fd-9721-4252-9d00-8082a8f0bf9c','5ea55bf7-1830-4a1b-88c0-443c196de365',1551892731509,1551892731509,3000,1551895731509,NULL),('7514813e-50da-4ba4-8b81-03ab9baac149','ca9b4342-6e60-4e90-bf79-88adb77fc7c3',1551890492921,1551890492921,3000,1551893492921,NULL),('dd561936-8b9f-436e-9009-93f1a5174daf','f892ae9e-6519-4c1d-a15d-ad5c2d0427e9',1551892098745,1551892098745,3000,1551895098745,NULL),('f6a13adc-d953-4692-8f8e-14af516fbedf','1449a455-6c6f-41db-80cf-d07a4c19d57e',1551891953459,1551891953459,3000,1551894953459,NULL);
/*!40000 ALTER TABLE `SPRING_SESSION` ENABLE KEYS */;
UNLOCK TABLES;

--
-- Table structure for table `SPRING_SESSION_ATTRIBUTES`
--

DROP TABLE IF EXISTS `SPRING_SESSION_ATTRIBUTES`;
/*!40101 SET @saved_cs_client     = @@character_set_client */;
 SET character_set_client = utf8mb4 ;
CREATE TABLE `SPRING_SESSION_ATTRIBUTES` (
  `SESSION_PRIMARY_ID` char(36) NOT NULL,
  `ATTRIBUTE_NAME` varchar(200) NOT NULL,
  `ATTRIBUTE_BYTES` blob NOT NULL,
  PRIMARY KEY (`SESSION_PRIMARY_ID`,`ATTRIBUTE_NAME`),
  CONSTRAINT `SPRING_SESSION_ATTRIBUTES_FK` FOREIGN KEY (`SESSION_PRIMARY_ID`) REFERENCES `SPRING_SESSION` (`primary_id`) ON DELETE CASCADE
) ENGINE=InnoDB DEFAULT CHARSET=utf8mb4 COLLATE=utf8mb4_0900_ai_ci ROW_FORMAT=DYNAMIC;
/*!40101 SET character_set_client = @saved_cs_client */;

--
-- Dumping data for table `SPRING_SESSION_ATTRIBUTES`
--

LOCK TABLES `SPRING_SESSION_ATTRIBUTES` WRITE;
/*!40000 ALTER TABLE `SPRING_SESSION_ATTRIBUTES` DISABLE KEYS */;
INSERT INTO `SPRING_SESSION_ATTRIBUTES` VALUES ('25bb9b60-acb4-4601-be72-6dfa75451d58','SPRING_SECURITY_SAVED_REQUEST',_binary '¨\Ì\0sr\0Aorg.springframework.security.web.savedrequest.DefaultSavedRequest@HD˘6dî\0I\0\nserverPortL\0contextPatht\0Ljava/lang/String;L\0cookiest\0Ljava/util/ArrayList;L\0headerst\0Ljava/util/Map;L\0localesq\0~\0L\0methodq\0~\0L\0\nparametersq\0~\0L\0pathInfoq\0~\0L\0queryStringq\0~\0L\0\nrequestURIq\0~\0L\0\nrequestURLq\0~\0L\0schemeq\0~\0L\0\nserverNameq\0~\0L\0servletPathq\0~\0xp\0\0\0Pt\0\0sr\0java.util.ArrayListxÅ\“ô\«aù\0I\0sizexp\0\0\0\0w\0\0\0\0xsr\0java.util.TreeMap¡ˆ>-%j\Ê\0L\0\ncomparatort\0Ljava/util/Comparator;xpsr\0*java.lang.String$CaseInsensitiveComparatorw\\}\\P\Â\Œ\0\0xpw\0\0\0t\0acceptsq\0~\0\0\0\0w\0\0\0t\04text/html, image/gif, image/jpeg, *; q=.2, */*; q=.2xt\0\nconnectionsq\0~\0\0\0\0w\0\0\0t\0\nkeep-alivext\0hostsq\0~\0\0\0\0w\0\0\0t\047.105.107.242xt\0\nuser-agentsq\0~\0\0\0\0w\0\0\0t\09Mozilla/5.0 (Linux; Android 4.1.1; Nexus 7 Build/JRO03D))xxsq\0~\0\0\0\0w\0\0\0sr\0java.util.Locale~¯`ú0˘\Ï\0I\0hashcodeL\0countryq\0~\0L\0\nextensionsq\0~\0L\0languageq\0~\0L\0scriptq\0~\0L\0variantq\0~\0xpˇˇˇˇt\0USq\0~\0t\0enq\0~\0q\0~\0xxt\0GETsq\0~\0pw\0\0\0\0xppt\0/t\0http://47.105.107.242/t\0httpt\047.105.107.242t\0/'),('4f89b201-2d86-45a9-9afb-84ebdcb47ef2','SPRING_SECURITY_SAVED_REQUEST',_binary '¨\Ì\0sr\0Aorg.springframework.security.web.savedrequest.DefaultSavedRequest@HD˘6dî\0I\0\nserverPortL\0contextPatht\0Ljava/lang/String;L\0cookiest\0Ljava/util/ArrayList;L\0headerst\0Ljava/util/Map;L\0localesq\0~\0L\0methodq\0~\0L\0\nparametersq\0~\0L\0pathInfoq\0~\0L\0queryStringq\0~\0L\0\nrequestURIq\0~\0L\0\nrequestURLq\0~\0L\0schemeq\0~\0L\0\nserverNameq\0~\0L\0servletPathq\0~\0xp\0\0\0Pt\0\0sr\0java.util.ArrayListxÅ\“ô\«aù\0I\0sizexp\0\0\0\0w\0\0\0\0xsr\0java.util.TreeMap¡ˆ>-%j\Ê\0L\0\ncomparatort\0Ljava/util/Comparator;xpsr\0*java.lang.String$CaseInsensitiveComparatorw\\}\\P\Â\Œ\0\0xpw\0\0\0t\0content-lengthsq\0~\0\0\0\0w\0\0\0t\00xt\0hostsq\0~\0\0\0\0w\0\0\0t\047.105.107.242:80xt\0\nuser-agentsq\0~\0\0\0\0w\0\0\0t\0tMozilla/5.0 (Macintosh; Intel Mac OS X 10_11_6) AppleWebKit/601.7.7 (KHTML, like Gecko) Version/9.1.2 Safari/601.7.7xxsq\0~\0\0\0\0w\0\0\0sr\0java.util.Locale~¯`ú0˘\Ï\0I\0hashcodeL\0countryq\0~\0L\0\nextensionsq\0~\0L\0languageq\0~\0L\0scriptq\0~\0L\0variantq\0~\0xpˇˇˇˇt\0USq\0~\0t\0enq\0~\0q\0~\0xxt\0GETsq\0~\0pw\0\0\0\0xppt\0/t\0http://47.105.107.242/t\0httpt\047.105.107.242t\0/'),('6a4bf7fd-9721-4252-9d00-8082a8f0bf9c','SPRING_SECURITY_SAVED_REQUEST',_binary '¨\Ì\0sr\0Aorg.springframework.security.web.savedrequest.DefaultSavedRequest@HD˘6dî\0I\0\nserverPortL\0contextPatht\0Ljava/lang/String;L\0cookiest\0Ljava/util/ArrayList;L\0headerst\0Ljava/util/Map;L\0localesq\0~\0L\0methodq\0~\0L\0\nparametersq\0~\0L\0pathInfoq\0~\0L\0queryStringq\0~\0L\0\nrequestURIq\0~\0L\0\nrequestURLq\0~\0L\0schemeq\0~\0L\0\nserverNameq\0~\0L\0servletPathq\0~\0xp\0\0\0Pt\0\0sr\0java.util.ArrayListxÅ\“ô\«aù\0I\0sizexp\0\0\0\0w\0\0\0\0xsr\0java.util.TreeMap¡ˆ>-%j\Ê\0L\0\ncomparatort\0Ljava/util/Comparator;xpsr\0*java.lang.String$CaseInsensitiveComparatorw\\}\\P\Â\Œ\0\0xpw\0\0\0\0xsq\0~\0\0\0\0w\0\0\0sr\0java.util.Locale~¯`ú0˘\Ï\0I\0hashcodeL\0countryq\0~\0L\0\nextensionsq\0~\0L\0languageq\0~\0L\0scriptq\0~\0L\0variantq\0~\0xpˇˇˇˇt\0USq\0~\0t\0enq\0~\0q\0~\0xxt\0GETsq\0~\0pw\0\0\0\0xppt\0/t\0http://localhost/t\0httpt\0	localhostt\0/'),('7514813e-50da-4ba4-8b81-03ab9baac149','SPRING_SECURITY_SAVED_REQUEST',_binary '¨\Ì\0sr\0Aorg.springframework.security.web.savedrequest.DefaultSavedRequest@HD˘6dî\0I\0\nserverPortL\0contextPatht\0Ljava/lang/String;L\0cookiest\0Ljava/util/ArrayList;L\0headerst\0Ljava/util/Map;L\0localesq\0~\0L\0methodq\0~\0L\0\nparametersq\0~\0L\0pathInfoq\0~\0L\0queryStringq\0~\0L\0\nrequestURIq\0~\0L\0\nrequestURLq\0~\0L\0schemeq\0~\0L\0\nserverNameq\0~\0L\0servletPathq\0~\0xp\0\0\0Pt\0\0sr\0java.util.ArrayListxÅ\“ô\«aù\0I\0sizexp\0\0\0\0w\0\0\0\0xsr\0java.util.TreeMap¡ˆ>-%j\Ê\0L\0\ncomparatort\0Ljava/util/Comparator;xpsr\0*java.lang.String$CaseInsensitiveComparatorw\\}\\P\Â\Œ\0\0xpw\0\0\0t\0content-lengthsq\0~\0\0\0\0w\0\0\0t\00xt\0hostsq\0~\0\0\0\0w\0\0\0t\047.105.107.242:80xt\0\nuser-agentsq\0~\0\0\0\0w\0\0\0t\0tMozilla/5.0 (Macintosh; Intel Mac OS X 10_11_6) AppleWebKit/601.7.7 (KHTML, like Gecko) Version/9.1.2 Safari/601.7.7xxsq\0~\0\0\0\0w\0\0\0sr\0java.util.Locale~¯`ú0˘\Ï\0I\0hashcodeL\0countryq\0~\0L\0\nextensionsq\0~\0L\0languageq\0~\0L\0scriptq\0~\0L\0variantq\0~\0xpˇˇˇˇt\0USq\0~\0t\0enq\0~\0q\0~\0xxt\0GETsq\0~\0pw\0\0\0\0xppt\0/t\0http://47.105.107.242/t\0httpt\047.105.107.242t\0/'),('dd561936-8b9f-436e-9009-93f1a5174daf','SPRING_SECURITY_SAVED_REQUEST',_binary '¨\Ì\0sr\0Aorg.springframework.security.web.savedrequest.DefaultSavedRequest@HD˘6dî\0I\0\nserverPortL\0contextPatht\0Ljava/lang/String;L\0cookiest\0Ljava/util/ArrayList;L\0headerst\0Ljava/util/Map;L\0localesq\0~\0L\0methodq\0~\0L\0\nparametersq\0~\0L\0pathInfoq\0~\0L\0queryStringq\0~\0L\0\nrequestURIq\0~\0L\0\nrequestURLq\0~\0L\0schemeq\0~\0L\0\nserverNameq\0~\0L\0servletPathq\0~\0xp\0\0\0Pt\0\0sr\0java.util.ArrayListxÅ\“ô\«aù\0I\0sizexp\0\0\0\0w\0\0\0\0xsr\0java.util.TreeMap¡ˆ>-%j\Ê\0L\0\ncomparatort\0Ljava/util/Comparator;xpsr\0*java.lang.String$CaseInsensitiveComparatorw\\}\\P\Â\Œ\0\0xpw\0\0\0t\0acceptsq\0~\0\0\0\0w\0\0\0t\04text/html, image/gif, image/jpeg, *; q=.2, */*; q=.2xt\0\nconnectionsq\0~\0\0\0\0w\0\0\0t\0\nkeep-alivext\0hostsq\0~\0\0\0\0w\0\0\0t\047.105.107.242xt\0\nuser-agentsq\0~\0\0\0\0w\0\0\0t\09Mozilla/5.0 (Linux; Android 4.1.1; Nexus 7 Build/JRO03D))xxsq\0~\0\0\0\0w\0\0\0sr\0java.util.Locale~¯`ú0˘\Ï\0I\0hashcodeL\0countryq\0~\0L\0\nextensionsq\0~\0L\0languageq\0~\0L\0scriptq\0~\0L\0variantq\0~\0xpˇˇˇˇt\0USq\0~\0t\0enq\0~\0q\0~\0xxt\0GETsq\0~\0pw\0\0\0\0xppt\0/t\0http://47.105.107.242/t\0httpt\047.105.107.242t\0/'),('f6a13adc-d953-4692-8f8e-14af516fbedf','SPRING_SECURITY_SAVED_REQUEST',_binary '¨\Ì\0sr\0Aorg.springframework.security.web.savedrequest.DefaultSavedRequest@HD˘6dî\0I\0\nserverPortL\0contextPatht\0Ljava/lang/String;L\0cookiest\0Ljava/util/ArrayList;L\0headerst\0Ljava/util/Map;L\0localesq\0~\0L\0methodq\0~\0L\0\nparametersq\0~\0L\0pathInfoq\0~\0L\0queryStringq\0~\0L\0\nrequestURIq\0~\0L\0\nrequestURLq\0~\0L\0schemeq\0~\0L\0\nserverNameq\0~\0L\0servletPathq\0~\0xp\0\0\0Pt\0\0sr\0java.util.ArrayListxÅ\“ô\«aù\0I\0sizexp\0\0\0\0w\0\0\0\0xsr\0java.util.TreeMap¡ˆ>-%j\Ê\0L\0\ncomparatort\0Ljava/util/Comparator;xpsr\0*java.lang.String$CaseInsensitiveComparatorw\\}\\P\Â\Œ\0\0xpw\0\0\0t\0acceptsq\0~\0\0\0\0w\0\0\0t\04text/html, image/gif, image/jpeg, *; q=.2, */*; q=.2xt\0\nconnectionsq\0~\0\0\0\0w\0\0\0t\0\nkeep-alivext\0hostsq\0~\0\0\0\0w\0\0\0t\0\rwww.jpdyu.comxt\0\nuser-agentsq\0~\0\0\0\0w\0\0\0t\09Mozilla/5.0 (Linux; Android 4.1.1; Nexus 7 Build/JRO03D))xxsq\0~\0\0\0\0w\0\0\0sr\0java.util.Locale~¯`ú0˘\Ï\0I\0hashcodeL\0countryq\0~\0L\0\nextensionsq\0~\0L\0languageq\0~\0L\0scriptq\0~\0L\0variantq\0~\0xpˇˇˇˇt\0USq\0~\0t\0enq\0~\0q\0~\0xxt\0GETsq\0~\0pw\0\0\0\0xppt\0/t\0http://www.jpdyu.com/t\0httpt\0\rwww.jpdyu.comt\0/');
/*!40000 ALTER TABLE `SPRING_SESSION_ATTRIBUTES` ENABLE KEYS */;
UNLOCK TABLES;

--
-- Table structure for table `l_amazon_order`
--

DROP TABLE IF EXISTS `l_amazon_order`;
/*!40101 SET @saved_cs_client     = @@character_set_client */;
 SET character_set_client = utf8mb4 ;
CREATE TABLE `l_amazon_order` (
  `amazonOrderId` varchar(45) COLLATE utf8_bin NOT NULL,
  `userId` varchar(45) COLLATE utf8_bin DEFAULT NULL,
  `sellerOrderId` varchar(45) COLLATE utf8_bin DEFAULT NULL,
  `purchaseDate` varchar(45) COLLATE utf8_bin DEFAULT NULL,
  `lastUpdateDate` varchar(45) COLLATE utf8_bin DEFAULT NULL,
  `orderStatus` varchar(45) COLLATE utf8_bin DEFAULT NULL,
  `fulfillmentChannel` varchar(45) COLLATE utf8_bin DEFAULT NULL,
  `salesChannel` varchar(45) COLLATE utf8_bin DEFAULT NULL,
  `ShipServiceLevel` varchar(45) COLLATE utf8_bin DEFAULT NULL,
  `name` varchar(45) COLLATE utf8_bin DEFAULT NULL,
  `addressLine1` varchar(100) COLLATE utf8_bin DEFAULT NULL,
  `stateOrRegion` varchar(45) COLLATE utf8_bin DEFAULT NULL,
  `postalCode` varchar(45) COLLATE utf8_bin DEFAULT NULL,
  `countryCode` varchar(45) COLLATE utf8_bin DEFAULT NULL,
  `currencyCode` varchar(45) COLLATE utf8_bin DEFAULT NULL,
  `amount` varchar(45) COLLATE utf8_bin DEFAULT NULL,
  `numberOfItemsUnshipped` varchar(45) COLLATE utf8_bin DEFAULT NULL,
  `numberOfItemsShipped` varchar(45) COLLATE utf8_bin DEFAULT NULL,
  `paymentMethod` varchar(45) COLLATE utf8_bin DEFAULT NULL,
  `paymentMethodDetail` varchar(45) COLLATE utf8_bin DEFAULT NULL,
  `marketplaceId` varchar(45) COLLATE utf8_bin DEFAULT NULL,
  `buyerName` varchar(45) COLLATE utf8_bin DEFAULT NULL,
  `shipmentServiceLevelCategory` varchar(45) COLLATE utf8_bin DEFAULT NULL,
  `orderType` varchar(45) COLLATE utf8_bin DEFAULT NULL,
  `eraliestShipDate` varchar(45) COLLATE utf8_bin DEFAULT NULL,
  `latestShipDate` varchar(45) COLLATE utf8_bin DEFAULT NULL,
  `isBusinessOrder` varchar(45) COLLATE utf8_bin DEFAULT NULL,
  `isPrime` varchar(45) COLLATE utf8_bin DEFAULT NULL,
  `isPremiumOrder` varchar(45) COLLATE utf8_bin DEFAULT NULL,
  `isReplacementOrder` varchar(45) COLLATE utf8_bin DEFAULT NULL,
  PRIMARY KEY (`amazonOrderId`)
) ENGINE=InnoDB DEFAULT CHARSET=utf8 COLLATE=utf8_bin;
/*!40101 SET character_set_client = @saved_cs_client */;

--
-- Dumping data for table `l_amazon_order`
--

LOCK TABLES `l_amazon_order` WRITE;
/*!40000 ALTER TABLE `l_amazon_order` DISABLE KEYS */;
/*!40000 ALTER TABLE `l_amazon_order` ENABLE KEYS */;
UNLOCK TABLES;

--
-- Table structure for table `l_carrier_order`
--

DROP TABLE IF EXISTS `l_carrier_order`;
/*!40101 SET @saved_cs_client     = @@character_set_client */;
 SET character_set_client = utf8mb4 ;
CREATE TABLE `l_carrier_order` (
  `id` int(11) NOT NULL,
  `carrier_no` varchar(45) COLLATE utf8_bin DEFAULT NULL,
  `order_no_start` varchar(45) COLLATE utf8_bin DEFAULT NULL,
  `order_no_end` varchar(45) COLLATE utf8_bin DEFAULT NULL,
  PRIMARY KEY (`id`)
) ENGINE=InnoDB DEFAULT CHARSET=utf8 COLLATE=utf8_bin;
/*!40101 SET character_set_client = @saved_cs_client */;

--
-- Dumping data for table `l_carrier_order`
--

LOCK TABLES `l_carrier_order` WRITE;
/*!40000 ALTER TABLE `l_carrier_order` DISABLE KEYS */;
/*!40000 ALTER TABLE `l_carrier_order` ENABLE KEYS */;
UNLOCK TABLES;

--
-- Table structure for table `l_category`
--

DROP TABLE IF EXISTS `l_category`;
/*!40101 SET @saved_cs_client     = @@character_set_client */;
 SET character_set_client = utf8mb4 ;
CREATE TABLE `l_category` (
  `id` int(11) NOT NULL AUTO_INCREMENT,
  `seq` int(11) DEFAULT NULL,
  `type` varchar(20) COLLATE utf8_bin DEFAULT NULL,
  `name` varchar(200) COLLATE utf8_bin DEFAULT NULL,
  PRIMARY KEY (`id`),
  UNIQUE KEY `l_catagory_id_uindex` (`id`)
) ENGINE=InnoDB AUTO_INCREMENT=33 DEFAULT CHARSET=utf8 COLLATE=utf8_bin;
/*!40101 SET character_set_client = @saved_cs_client */;

--
-- Dumping data for table `l_category`
--

LOCK TABLES `l_category` WRITE;
/*!40000 ALTER TABLE `l_category` DISABLE KEYS */;
INSERT INTO `l_category` VALUES (1,1,'order','Êµ∑Â§ñ‰ªì‰ª£ÂèëËÆ¢Âçï'),(2,2,'order','ÁâπËâ≤Â∞èÂåÖ'),(7,1,'carrier','Êó•Êú¨ÈÇÆÊîø'),(8,2,'carrier','‰ΩêÂ∑ùÊÄ•‰æø'),(9,3,'carrier','ÈªëÁå´ËøêËæì'),(10,4,'carrier','Ë•øÊµìËøêËæì'),(11,5,'carrier','Âç°ËΩ¶Ê¥æÈÄÅ'),(12,3,'order','Â∑≤Êã¶Êà™ËÆ¢Âçï'),(13,4,'order','ÂÖ∂‰ªñ'),(14,6,'carrier','ÂÖ∂‰ªñ'),(15,1,'deliver','Êµ∑ËøêÊï¥Êüú20GP/HQ'),(16,2,'deliver','Êµ∑ËøêÊï¥Êüú40GP/HQ'),(17,3,'deliver','Êµ∑ËøêÊï£Ë¥ß'),(18,4,'deliver','Á©∫Ëøê'),(19,5,'deliver','Âç°ËΩ¶Ê¥æÈÄÅ'),(20,6,'deliver','ÂÖ∂‰ªñ'),(21,1,'classification','Â∞èÁâ©'),(22,2,'classification','ÊúçË£Ö'),(23,3,'classification','Êà∑Â§ñËøêÂä®'),(24,4,'classification','ÁîµÂ≠ê‰∫ßÂìÅ'),(25,5,'classification','ÂÆ∂Â±ÖÁî®ÂìÅ'),(26,6,'classification','Áé©ÂÖ∑'),(27,7,'classification','ÊòìÁ¢éÂìÅ'),(28,8,'classification','Â§ß‰ª∂'),(30,9,'classification','ÂÖ∂‰ªñ'),(31,1,'method','‰∏úÂ≤≥Â§¥Á®ã'),(32,2,'method','ÂÖ∂‰ªñÂ§¥Á®ã');
/*!40000 ALTER TABLE `l_category` ENABLE KEYS */;
UNLOCK TABLES;

--
-- Table structure for table `l_channel`
--

DROP TABLE IF EXISTS `l_channel`;
/*!40101 SET @saved_cs_client     = @@character_set_client */;
 SET character_set_client = utf8mb4 ;
CREATE TABLE `l_channel` (
  `id` int(11) NOT NULL AUTO_INCREMENT,
  `channel_code` varchar(20) COLLATE utf8_bin DEFAULT NULL,
  `channel_name` varchar(50) COLLATE utf8_bin DEFAULT NULL,
  `cooperator_code` varchar(20) COLLATE utf8_bin DEFAULT NULL,
  `currency_code` varchar(20) COLLATE utf8_bin DEFAULT NULL,
  `min_days` int(11) DEFAULT NULL,
  `max_days` int(11) DEFAULT NULL,
  `weight_rule_code` int(11) DEFAULT NULL,
  `weight_multi` int(11) DEFAULT NULL,
  `default_package_weight` double DEFAULT NULL,
  `default_package_fee` double DEFAULT NULL,
  `fee_code_rule` int(11) DEFAULT NULL,
  `whether_multi_package` varchar(1) COLLATE utf8_bin DEFAULT NULL,
  `whether_volume` varchar(1) COLLATE utf8_bin DEFAULT NULL,
  `whether_charge_at_first` varchar(1) COLLATE utf8_bin DEFAULT NULL,
  `whether_charge_for_them` varchar(1) COLLATE utf8_bin DEFAULT NULL,
  `whether_insurance` varchar(1) COLLATE utf8_bin DEFAULT NULL,
  `enable` varchar(1) COLLATE utf8_bin DEFAULT NULL,
  `remarks` varchar(500) COLLATE utf8_bin DEFAULT NULL,
  `update_on` timestamp NULL DEFAULT NULL,
  `create_by` varchar(20) COLLATE utf8_bin DEFAULT NULL,
  `update_by` varchar(20) COLLATE utf8_bin DEFAULT NULL,
  `create_on` timestamp NULL DEFAULT NULL,
  `channel_adapter` varchar(100) COLLATE utf8_bin DEFAULT NULL,
  PRIMARY KEY (`id`)
) ENGINE=InnoDB AUTO_INCREMENT=12 DEFAULT CHARSET=utf8 COLLATE=utf8_bin;
/*!40101 SET character_set_client = @saved_cs_client */;

--
-- Dumping data for table `l_channel`
--

LOCK TABLES `l_channel` WRITE;
/*!40000 ALTER TABLE `l_channel` DISABLE KEYS */;
INSERT INTO `l_channel` VALUES (10,'CHL0009','ËôöÊãüÊµ∑Â§ñ‰ªìËΩ¨Âèë-Êó•ÈÇÆÊ¥æÈÄÅ','1','JPY',1,3,3,0,0,0,3,'N','N','Y','N','N','Y','','2019-02-21 17:17:00','admin','admin','2019-02-21 17:10:11','ËôöÊãüÊµ∑Â§ñ‰ªìËΩ¨Âèë'),(11,'CHL0011','ËôöÊãüÊµ∑Â§ñ‰ªìËΩ¨Âèë-Á©∫Âä†Ê¥æ','1','CNY',3,7,3,0,0,0,3,'N','N','Y','N','N','Y','','2019-02-21 17:16:48','admin','admin','2019-02-21 17:11:35','ËôöÊãüÊµ∑Â§ñ‰ªìËΩ¨Âèë');
/*!40000 ALTER TABLE `l_channel` ENABLE KEYS */;
UNLOCK TABLES;

--
-- Table structure for table `l_claim`
--

DROP TABLE IF EXISTS `l_claim`;
/*!40101 SET @saved_cs_client     = @@character_set_client */;
 SET character_set_client = utf8mb4 ;
CREATE TABLE `l_claim` (
  `claim_id` varchar(50) COLLATE utf8_bin NOT NULL,
  `order_no` varchar(45) COLLATE utf8_bin DEFAULT NULL,
  `track_no` varchar(45) COLLATE utf8_bin DEFAULT NULL,
  `remarks` varchar(200) COLLATE utf8_bin DEFAULT NULL,
  `img_path` varchar(1000) COLLATE utf8_bin DEFAULT NULL,
  `create_on` timestamp NULL DEFAULT NULL,
  `update_on` timestamp NULL DEFAULT NULL,
  `create_by` varchar(30) COLLATE utf8_bin DEFAULT NULL,
  `update_by` varchar(30) COLLATE utf8_bin DEFAULT NULL,
  PRIMARY KEY (`claim_id`)
) ENGINE=InnoDB DEFAULT CHARSET=utf8 COLLATE=utf8_bin;
/*!40101 SET character_set_client = @saved_cs_client */;

--
-- Dumping data for table `l_claim`
--

LOCK TABLES `l_claim` WRITE;
/*!40000 ALTER TABLE `l_claim` DISABLE KEYS */;
INSERT INTO `l_claim` VALUES ('DY4ae01f84',NULL,NULL,NULL,'',NULL,NULL,NULL,NULL),('DY5789d505','DYb41755c0','xxxxx','xxxxxxxx','','2019-02-19 14:59:05',NULL,'user01',NULL),('DY661eb085',NULL,NULL,NULL,'',NULL,NULL,NULL,NULL),('DY947912ce',NULL,NULL,NULL,'',NULL,NULL,NULL,NULL),('DYa4914f98',NULL,NULL,NULL,'C:/tmp/claim/DYa4914f98/DYa6fd5011_QQÊµèËßàÂô®Êà™Âõæ_20180109235724_5640D09F303C4184B6D3FF2069398BEE.jpg;C:/tmp/claim/DYa4914f98/DY792f2959_QQÊµèËßàÂô®Êà™Âõæ_20180206214851_D57E3F203B584a9c8B8F0D80E031379A.jpg;C:/tmp/claim/DYa4914f98/DYd8db7538_QQÊµèËßàÂô®Êà™Âõæ_20180206215234_BDCB19050F184154834BFF8C2D0BFA5C.jpg',NULL,NULL,NULL,NULL),('DYb37e077d','DYb41755c0','xxx','xxx','',NULL,'2019-02-19 15:49:49','user01','user01'),('DYbdf89284','DYb41755c0','xxxxxx','xxxxxxxx','',NULL,'2019-02-21 15:04:42','user01','user01'),('DYd0e94b8a','xx','xx','xx','','2018-12-15 03:36:01',NULL,'user01',NULL),('DYde599d70',NULL,NULL,NULL,'C:/tmp/claim/DYde599d70/DYb6ffbb1f_QQÊµèËßàÂô®Êà™Âõæ_20180308223736_54E2B1592E1B4d43936BB660859994D0.jpg',NULL,NULL,NULL,NULL),('DYf7251a75','xxx','xx','xx','','2018-12-15 15:06:02',NULL,'user01',NULL),('undefined',NULL,NULL,NULL,'',NULL,NULL,NULL,NULL);
/*!40000 ALTER TABLE `l_claim` ENABLE KEYS */;
UNLOCK TABLES;

--
-- Table structure for table `l_claim_content`
--

DROP TABLE IF EXISTS `l_claim_content`;
/*!40101 SET @saved_cs_client     = @@character_set_client */;
 SET character_set_client = utf8mb4 ;
CREATE TABLE `l_claim_content` (
  `claim_id` varchar(20) COLLATE utf8_bin DEFAULT NULL,
  `sku` varchar(20) COLLATE utf8_bin DEFAULT NULL,
  `name` varchar(200) COLLATE utf8_bin DEFAULT NULL,
  `deal_with` int(11) DEFAULT NULL,
  `num` int(11) DEFAULT NULL
) ENGINE=InnoDB DEFAULT CHARSET=utf8 COLLATE=utf8_bin;
/*!40101 SET character_set_client = @saved_cs_client */;

--
-- Dumping data for table `l_claim_content`
--

LOCK TABLES `l_claim_content` WRITE;
/*!40000 ALTER TABLE `l_claim_content` DISABLE KEYS */;
INSERT INTO `l_claim_content` VALUES ('DY2843543d','121211','1212',1,12),('DY2843543d','121211','1212',1,12),('DY65d842c7','sdfsdf','aaa',1,5),('DY65d842c7','sdfsdf','aaa',1,5),('DY65d842c7','sdfsdf','aaa',1,5),('DY4ae01f84','sdfsdf','aaa',1,5),('DY4ae01f84','sdfsdf','aaa',1,5),('DY36784423','sdfsdf','aaa',1,5),('DY36784423','sdfsdf','aaa',1,5),('DYbdf89284','sdfsdf','aaa',1,5);
/*!40000 ALTER TABLE `l_claim_content` ENABLE KEYS */;
UNLOCK TABLES;

--
-- Table structure for table `l_claim_storage`
--

DROP TABLE IF EXISTS `l_claim_storage`;
/*!40101 SET @saved_cs_client     = @@character_set_client */;
 SET character_set_client = utf8mb4 ;
CREATE TABLE `l_claim_storage` (
  `id` int(11) NOT NULL AUTO_INCREMENT,
  `sku` varchar(20) COLLATE utf8_bin DEFAULT NULL,
  `num` int(11) DEFAULT NULL,
  `type` int(11) DEFAULT NULL,
  `target` varchar(200) COLLATE utf8_bin DEFAULT NULL,
  `create_on` timestamp NULL DEFAULT NULL,
  `update_on` timestamp NULL DEFAULT NULL,
  `create_by` varchar(50) COLLATE utf8_bin DEFAULT NULL,
  `update_by` varchar(50) COLLATE utf8_bin DEFAULT NULL,
  `status` int(11) DEFAULT NULL,
  `remarks` varchar(1000) COLLATE utf8_bin DEFAULT NULL,
  `name_for_customers` varchar(200) COLLATE utf8_bin DEFAULT NULL,
  `price` double DEFAULT NULL,
  PRIMARY KEY (`id`)
) ENGINE=InnoDB AUTO_INCREMENT=3 DEFAULT CHARSET=utf8 COLLATE=utf8_bin;
/*!40101 SET character_set_client = @saved_cs_client */;

--
-- Dumping data for table `l_claim_storage`
--

LOCK TABLES `l_claim_storage` WRITE;
/*!40000 ALTER TABLE `l_claim_storage` DISABLE KEYS */;
INSERT INTO `l_claim_storage` VALUES (1,'121211',18,2,'xxx','2018-12-16 04:22:57','2018-12-22 15:09:32','user01',NULL,6,NULL,NULL,NULL);
/*!40000 ALTER TABLE `l_claim_storage` ENABLE KEYS */;
UNLOCK TABLES;

--
-- Table structure for table `l_deliver_box`
--

DROP TABLE IF EXISTS `l_deliver_box`;
/*!40101 SET @saved_cs_client     = @@character_set_client */;
 SET character_set_client = utf8mb4 ;
CREATE TABLE `l_deliver_box` (
  `parentsku` varchar(40) COLLATE utf8_bin NOT NULL,
  `sku` varchar(45) COLLATE utf8_bin NOT NULL DEFAULT 'skudeflaut',
  `box_seq` int(11) DEFAULT NULL,
  `num` int(11) DEFAULT NULL,
  `owner` varchar(45) COLLATE utf8_bin DEFAULT NULL,
  `deliverStatus` varchar(45) COLLATE utf8_bin DEFAULT NULL,
  `method` varchar(45) COLLATE utf8_bin DEFAULT NULL,
  `create_on` datetime DEFAULT CURRENT_TIMESTAMP,
  `update_on` datetime DEFAULT CURRENT_TIMESTAMP,
  `insurance` varchar(45) COLLATE utf8_bin DEFAULT NULL,
  `head` varchar(45) COLLATE utf8_bin DEFAULT NULL,
  `defect_num` double DEFAULT NULL,
  `normal_num` double DEFAULT NULL,
  `loss_num` double DEFAULT NULL,
  `wrap_type` varchar(45) COLLATE utf8_bin DEFAULT NULL,
  `track_no` varchar(45) COLLATE utf8_bin DEFAULT NULL,
  `tax_type` int(11) DEFAULT NULL,
  `clearance_type` int(11) DEFAULT NULL,
  `estimated_date` datetime DEFAULT NULL,
  `img_path` varchar(2000) COLLATE utf8_bin DEFAULT NULL,
  `user_confirm` varchar(20) COLLATE utf8_bin DEFAULT NULL,
  `deliver_way` varchar(30) COLLATE utf8_bin DEFAULT NULL,
  `operation_type` varchar(30) COLLATE utf8_bin DEFAULT NULL,
  `fee_1` varchar(2) COLLATE utf8_bin DEFAULT NULL,
  `fee_2` varchar(2) COLLATE utf8_bin DEFAULT NULL,
  `fee_3` varchar(2) COLLATE utf8_bin DEFAULT NULL,
  `fee_4` varchar(2) COLLATE utf8_bin DEFAULT NULL,
  `fee_5` varchar(2) COLLATE utf8_bin DEFAULT NULL,
  `fee_6` varchar(2) COLLATE utf8_bin DEFAULT NULL,
  `fee_7` varchar(2) COLLATE utf8_bin DEFAULT NULL,
  `fee_8` varchar(2) COLLATE utf8_bin DEFAULT NULL,
  `fee_a` varchar(2) COLLATE utf8_bin DEFAULT NULL,
  `fee_d` varchar(2) COLLATE utf8_bin DEFAULT NULL,
  `fee_c` varchar(2) COLLATE utf8_bin DEFAULT NULL,
  `fee_b` varchar(2) COLLATE utf8_bin DEFAULT NULL,
  `fee_e` varchar(2) COLLATE utf8_bin DEFAULT NULL,
  `channel` int(11) DEFAULT NULL
) ENGINE=InnoDB DEFAULT CHARSET=utf8 COLLATE=utf8_bin;
/*!40101 SET character_set_client = @saved_cs_client */;

--
-- Dumping data for table `l_deliver_box`
--

LOCK TABLES `l_deliver_box` WRITE;
/*!40000 ALTER TABLE `l_deliver_box` DISABLE KEYS */;
INSERT INTO `l_deliver_box` VALUES ('DYeb03880d','sdfsdf',1,2,'user01','4','2','2018-12-09 14:54:07','2019-02-15 23:35:26','222','1',NULL,NULL,NULL,'ÈùûËá™Â∏¶ÂåÖË£Ö','',NULL,NULL,NULL,NULL,'Y',NULL,NULL,NULL,NULL,NULL,NULL,NULL,NULL,NULL,NULL,NULL,NULL,NULL,NULL,NULL,NULL),('DY15b5262b','121211',1,1,'user01','3','3','2018-12-09 15:01:34','2019-02-19 10:54:10','222222222','1',NULL,NULL,NULL,'Ëá™Â∏¶ÂåÖË£Ö','',NULL,NULL,NULL,NULL,NULL,NULL,NULL,NULL,NULL,NULL,NULL,NULL,NULL,NULL,NULL,NULL,NULL,NULL,NULL,NULL,NULL),('DY3bc55cf4','121211',1,23,'user01','1','2','2018-12-09 17:01:41','2018-12-29 16:03:20','12','1',1,21,1,'Ëá™Â∏¶ÂåÖË£Ö','',2,2,'2018-12-09 00:00:00','C:/tmp/upload4/DY3bc55cf4/DYf3831b01_QQÊµèËßàÂô®Êà™Âõæ_20180206215234_BDCB19050F184154834BFF8C2D0BFA5C.jpg;C:/tmp/upload4/DY3bc55cf4/DYbab8647e_QQÊµèËßàÂô®Êà™Âõæ_20180206215525_B5FD3DD2082C47a6962FDFD9F300762A.jpg;C:/tmp/upload4/DY3bc55cf4/DY905bd5ee_QQÊµèËßàÂô®Êà™Âõæ_20180308223736_54E2B1592E1B4d43936BB660859994D0.jpg','Y',NULL,NULL,NULL,NULL,NULL,NULL,NULL,NULL,NULL,NULL,NULL,NULL,NULL,NULL,NULL,NULL),('DYf87e115b','121211',1,222,'user01','2','3','2018-12-09 22:39:55','2019-02-22 01:18:30','15','1',NULL,NULL,NULL,'Ëá™Â∏¶ÂåÖË£Ö','',2,2,'2018-12-09 00:00:00',NULL,NULL,NULL,NULL,NULL,NULL,NULL,NULL,NULL,NULL,NULL,NULL,NULL,NULL,NULL,NULL,NULL,NULL),('DY763170db','sku00001',1,23,'user01','1','2','2018-12-10 23:19:45','2018-12-10 23:19:45','','1',NULL,2,NULL,'Ëá™Â∏¶ÂåÖË£Ö','',2,2,'2018-12-22 00:00:00',NULL,NULL,NULL,NULL,NULL,NULL,NULL,NULL,NULL,NULL,NULL,NULL,NULL,NULL,NULL,NULL,NULL,NULL),('DYd93322fc','sku00001',1,24,'user01','1','3','2018-12-11 21:48:21','2019-01-31 21:38:40','','2',NULL,NULL,NULL,'Ëá™Â∏¶ÂåÖË£Ö','xxx',2,2,'2018-12-29 00:00:00',NULL,NULL,NULL,NULL,NULL,NULL,NULL,NULL,NULL,NULL,NULL,NULL,NULL,NULL,NULL,NULL,NULL,NULL),('DY020fe2ff','sku00001',1,23,'user01','1','4','2018-12-11 21:48:44','2018-12-11 21:48:44','','2',NULL,NULL,NULL,'Ëá™Â∏¶ÂåÖË£Ö','xxxx',2,2,'2018-12-29 00:00:00',NULL,NULL,NULL,NULL,NULL,NULL,NULL,NULL,NULL,NULL,NULL,NULL,NULL,NULL,NULL,NULL,NULL,NULL),('DYbc3bfc55','sku00001',1,11,'user01','1','5','2018-12-11 21:49:10','2018-12-31 22:58:39','','2',NULL,NULL,NULL,'Ëá™Â∏¶ÂåÖË£Ö','xxxx',2,2,'2019-03-01 00:00:00',NULL,NULL,NULL,NULL,NULL,NULL,NULL,NULL,NULL,NULL,NULL,NULL,NULL,NULL,NULL,NULL,NULL,NULL),('DYcff595bb','sku00001',1,23,'user01','1','5','2018-12-11 21:50:09','2018-12-11 21:50:09','','2',NULL,NULL,NULL,'Ëá™Â∏¶ÂåÖË£Ö','xxx',2,2,'2018-12-22 00:00:00',NULL,NULL,NULL,NULL,NULL,NULL,NULL,NULL,NULL,NULL,NULL,NULL,NULL,NULL,NULL,NULL,NULL,NULL),('DY424390c2','sku00001',1,24,'user01','1','5','2018-12-11 21:50:24','2018-12-11 21:50:24','','2',NULL,NULL,NULL,'Ëá™Â∏¶ÂåÖË£Ö','xxx',2,2,'2018-12-30 00:00:00',NULL,NULL,NULL,NULL,NULL,NULL,NULL,NULL,NULL,NULL,NULL,NULL,NULL,NULL,NULL,NULL,NULL,NULL),('DYede5a1d1','sku00001',1,55,'user01','1','6','2018-12-11 21:50:51','2018-12-11 21:50:51','','2',NULL,NULL,NULL,'Ëá™Â∏¶ÂåÖË£Ö','xxxx',2,2,'2018-12-30 00:00:00',NULL,NULL,NULL,NULL,NULL,NULL,NULL,NULL,NULL,NULL,NULL,NULL,NULL,NULL,NULL,NULL,NULL,NULL),('DYd171f7b7','sku00001',1,22,'user01','1','2','2018-12-11 22:59:16','2019-01-05 16:40:32','','2',NULL,NULL,NULL,'Ëá™Â∏¶ÂåÖË£Ö','xx',-1,-1,'2018-12-11 00:00:00',NULL,NULL,NULL,NULL,NULL,NULL,NULL,NULL,NULL,NULL,NULL,NULL,NULL,NULL,NULL,NULL,NULL,NULL),('DY938d8b97','121211',1,12,'user01','1','3','2018-12-16 21:12:32','2018-12-31 22:56:08','','1',NULL,NULL,NULL,'Ëá™Â∏¶ÂåÖË£Ö','',2,2,'2018-12-22 00:00:00',NULL,NULL,NULL,NULL,NULL,NULL,NULL,NULL,NULL,NULL,NULL,NULL,NULL,NULL,NULL,NULL,NULL,NULL),('DY11b8dfd0','121211',1,12,'user01','1','1','2018-12-17 00:11:26','2019-01-09 15:24:26','23.0','2',NULL,NULL,NULL,'Ëá™Â∏¶ÂåÖË£Ö','xxx',0,1,'2019-01-01 00:00:00',NULL,NULL,NULL,NULL,NULL,NULL,NULL,NULL,NULL,NULL,NULL,NULL,NULL,NULL,NULL,NULL,NULL,NULL),('DY5e0a194e','121211',1,10,'user01','1','6','2019-01-09 15:30:25','2019-01-30 23:01:46','','1',NULL,NULL,NULL,'Ëá™Â∏¶ÂåÖË£Ö','',2,2,'2019-01-10 00:00:00',NULL,NULL,'ÈõÜË£ÖÁÆ±Âç°ËΩ¶Ê¥æÈÄÅ','ÊôÆË¥ßÂÖ•Â∫ì','Y','Y','N','N','N','N','Y','Y','N','N','N','N','N',NULL),('DY5e0a194e','sdfsdf',2,20,'user01','1','6','2019-01-09 15:30:25','2019-01-30 23:01:46','','1',NULL,NULL,NULL,'Ëá™Â∏¶ÂåÖË£Ö','',2,2,'2019-01-10 00:00:00',NULL,NULL,'ÈõÜË£ÖÁÆ±Âç°ËΩ¶Ê¥æÈÄÅ','ÊôÆË¥ßÂÖ•Â∫ì','Y','Y','N','N','N','N','Y','Y','N','N','N','N','N',NULL),('DY5e0a194e','sku00001',3,30,'user01','1','6','2019-01-09 15:30:25','2019-01-30 23:01:46','','1',NULL,NULL,NULL,'Ëá™Â∏¶ÂåÖË£Ö','',2,2,'2019-01-10 00:00:00',NULL,NULL,'ÈõÜË£ÖÁÆ±Âç°ËΩ¶Ê¥æÈÄÅ','ÊôÆË¥ßÂÖ•Â∫ì','Y','Y','N','N','N','N','Y','Y','N','N','N','N','N',NULL),('DY6e2e3a93','sku0002',1,10,'user01','1','4','2019-01-25 15:02:25','2019-01-31 21:39:02','','1',NULL,NULL,NULL,'Ëá™Â∏¶ÂåÖË£Ö','',2,2,'2019-02-03 00:00:00',NULL,NULL,NULL,NULL,NULL,NULL,NULL,NULL,NULL,NULL,NULL,NULL,NULL,NULL,NULL,NULL,NULL,NULL),('DY6e2e3a93','sku0002',2,20,'user01','1','4','2019-01-25 15:02:25','2019-01-31 21:39:02','','1',NULL,NULL,NULL,'Ëá™Â∏¶ÂåÖË£Ö','',2,2,'2019-02-03 00:00:00',NULL,NULL,NULL,NULL,NULL,NULL,NULL,NULL,NULL,NULL,NULL,NULL,NULL,NULL,NULL,NULL,NULL,NULL),('DY639bf784','121211',1,10,'user01','1','6','2019-01-31 21:14:16','2019-01-31 21:38:58','','1',NULL,NULL,NULL,'Ëá™Â∏¶ÂåÖË£Ö','',2,2,'2019-02-03 00:00:00',NULL,NULL,NULL,NULL,NULL,NULL,NULL,NULL,NULL,NULL,NULL,NULL,NULL,NULL,NULL,NULL,NULL,NULL),('DY639bf784','sku0002',2,20,'user01','1','6','2019-01-31 21:14:16','2019-01-31 21:38:58','','1',NULL,NULL,NULL,'Ëá™Â∏¶ÂåÖË£Ö','',2,2,'2019-02-03 00:00:00',NULL,NULL,NULL,NULL,NULL,NULL,NULL,NULL,NULL,NULL,NULL,NULL,NULL,NULL,NULL,NULL,NULL,NULL),('DY21d5de5c','121211',1,12,'user01','1','2','2019-01-31 22:44:48','2019-01-31 22:44:45','25','1',NULL,NULL,NULL,'Ëá™Â∏¶ÂåÖË£Ö','',2,2,'2019-01-31 00:00:00',NULL,NULL,NULL,NULL,NULL,NULL,NULL,NULL,NULL,NULL,NULL,NULL,NULL,NULL,NULL,NULL,NULL,NULL),('DYe30c2943','sku00001/8950615433071',1,12,'user01','1','','2019-02-06 17:14:59','2019-02-06 17:14:59','','2',NULL,NULL,NULL,'Ëá™Â∏¶ÂåÖË£Ö','xx',2,2,'2019-02-08 00:00:00',NULL,NULL,NULL,NULL,NULL,NULL,NULL,NULL,NULL,NULL,NULL,NULL,NULL,NULL,NULL,NULL,NULL,-1),('DYf0254818','sku00001/8950615433071',1,12,'user01','1','','2019-02-06 18:50:56','2019-02-06 18:50:57','','2',NULL,NULL,NULL,'Ëá™Â∏¶ÂåÖË£Ö','xxxxxxxxxxxx',2,2,'2019-02-07 00:00:00',NULL,NULL,NULL,NULL,NULL,NULL,NULL,NULL,NULL,NULL,NULL,NULL,NULL,NULL,NULL,NULL,NULL,-1);
/*!40000 ALTER TABLE `l_deliver_box` ENABLE KEYS */;
UNLOCK TABLES;

--
-- Table structure for table `l_deliver_box_p`
--

DROP TABLE IF EXISTS `l_deliver_box_p`;
/*!40101 SET @saved_cs_client     = @@character_set_client */;
 SET character_set_client = utf8mb4 ;
CREATE TABLE `l_deliver_box_p` (
  `parentsku` varchar(40) COLLATE utf8_bin NOT NULL,
  `sku` varchar(45) COLLATE utf8_bin NOT NULL,
  `box_seq` int(11) DEFAULT NULL,
  `num` int(11) DEFAULT NULL,
  `owner` varchar(45) COLLATE utf8_bin DEFAULT NULL,
  `deliverStatus` varchar(45) COLLATE utf8_bin DEFAULT NULL,
  `method` varchar(45) COLLATE utf8_bin DEFAULT NULL,
  `create_on` datetime DEFAULT CURRENT_TIMESTAMP,
  `update_on` datetime DEFAULT CURRENT_TIMESTAMP,
  `insurance` varchar(45) COLLATE utf8_bin DEFAULT NULL,
  `head` varchar(45) COLLATE utf8_bin DEFAULT NULL,
  `defect_num` double DEFAULT NULL,
  `normal_num` double DEFAULT NULL,
  `loss_num` double DEFAULT NULL,
  `wrap_type` varchar(45) COLLATE utf8_bin DEFAULT NULL,
  `track_no` varchar(45) COLLATE utf8_bin DEFAULT NULL
) ENGINE=InnoDB DEFAULT CHARSET=utf8 COLLATE=utf8_bin;
/*!40101 SET character_set_client = @saved_cs_client */;

--
-- Dumping data for table `l_deliver_box_p`
--

LOCK TABLES `l_deliver_box_p` WRITE;
/*!40000 ALTER TABLE `l_deliver_box_p` DISABLE KEYS */;
/*!40000 ALTER TABLE `l_deliver_box_p` ENABLE KEYS */;
UNLOCK TABLES;

--
-- Table structure for table `l_express_track_code`
--

DROP TABLE IF EXISTS `l_express_track_code`;
/*!40101 SET @saved_cs_client     = @@character_set_client */;
 SET character_set_client = utf8mb4 ;
CREATE TABLE `l_express_track_code` (
  `id` int(11) NOT NULL AUTO_INCREMENT,
  `express_company_code` varchar(45) COLLATE utf8_bin DEFAULT NULL,
  `min_track_code` varchar(45) COLLATE utf8_bin DEFAULT NULL,
  `max_track_code` varchar(45) COLLATE utf8_bin DEFAULT NULL,
  PRIMARY KEY (`id`)
) ENGINE=InnoDB AUTO_INCREMENT=8 DEFAULT CHARSET=utf8 COLLATE=utf8_bin;
/*!40101 SET character_set_client = @saved_cs_client */;

--
-- Dumping data for table `l_express_track_code`
--

LOCK TABLES `l_express_track_code` WRITE;
/*!40000 ALTER TABLE `l_express_track_code` DISABLE KEYS */;
INSERT INTO `l_express_track_code` VALUES (5,'1','23','299999'),(7,'2','9','2000');
/*!40000 ALTER TABLE `l_express_track_code` ENABLE KEYS */;
UNLOCK TABLES;

--
-- Table structure for table `l_group_role`
--

DROP TABLE IF EXISTS `l_group_role`;
/*!40101 SET @saved_cs_client     = @@character_set_client */;
 SET character_set_client = utf8mb4 ;
CREATE TABLE `l_group_role` (
  `id` int(11) NOT NULL AUTO_INCREMENT,
  `groupid` int(11) DEFAULT NULL,
  `roleid` int(11) DEFAULT NULL,
  PRIMARY KEY (`id`)
) ENGINE=InnoDB DEFAULT CHARSET=utf8 COLLATE=utf8_bin;
/*!40101 SET character_set_client = @saved_cs_client */;

--
-- Dumping data for table `l_group_role`
--

LOCK TABLES `l_group_role` WRITE;
/*!40000 ALTER TABLE `l_group_role` DISABLE KEYS */;
/*!40000 ALTER TABLE `l_group_role` ENABLE KEYS */;
UNLOCK TABLES;

--
-- Table structure for table `l_group_user`
--

DROP TABLE IF EXISTS `l_group_user`;
/*!40101 SET @saved_cs_client     = @@character_set_client */;
 SET character_set_client = utf8mb4 ;
CREATE TABLE `l_group_user` (
  `id` int(11) NOT NULL AUTO_INCREMENT,
  `groupid` int(11) DEFAULT NULL,
  `userid` int(11) DEFAULT NULL,
  PRIMARY KEY (`id`)
) ENGINE=InnoDB DEFAULT CHARSET=utf8 COLLATE=utf8_bin;
/*!40101 SET character_set_client = @saved_cs_client */;

--
-- Dumping data for table `l_group_user`
--

LOCK TABLES `l_group_user` WRITE;
/*!40000 ALTER TABLE `l_group_user` DISABLE KEYS */;
/*!40000 ALTER TABLE `l_group_user` ENABLE KEYS */;
UNLOCK TABLES;

--
-- Table structure for table `l_label`
--

DROP TABLE IF EXISTS `l_label`;
/*!40101 SET @saved_cs_client     = @@character_set_client */;
 SET character_set_client = utf8mb4 ;
CREATE TABLE `l_label` (
  `id` int(11) NOT NULL AUTO_INCREMENT,
  `key` varchar(45) COLLATE utf8_bin DEFAULT NULL,
  `value` varchar(200) COLLATE utf8_bin DEFAULT NULL,
  PRIMARY KEY (`id`)
) ENGINE=InnoDB AUTO_INCREMENT=79 DEFAULT CHARSET=utf8 COLLATE=utf8_bin;
/*!40101 SET character_set_client = @saved_cs_client */;

--
-- Dumping data for table `l_label`
--

LOCK TABLES `l_label` WRITE;
/*!40000 ALTER TABLE `l_label` DISABLE KEYS */;
INSERT INTO `l_label` VALUES (1,'cooperator_1','Êó•Êú¨ÈÇÆÊîø'),(2,'cooperator_2','‰ΩêÂ∑ùÊÄ•‰æø'),(3,'cooperator_3','ÈªëÁå´ËøêËæì'),(4,'cooperator_4','Ë•øÊµìËøêËæì'),(5,'cooperator_5','Âç°ËΩ¶Ê¥æÈÄÅ'),(6,'cooperator_6','ÂÖ∂‰ªñ'),(7,'currency_CNY','‰∫∫Ê∞ëÂ∏Å'),(8,'currency_USD','ÁæéÈáë'),(9,'currency_JPY','Êó•ÂÖÉ'),(10,'weightRule_1','ÈáçÈáè*Á≥ªÊï∞'),(11,'weightRule_2','ÈáçÈáè+ÂåÖË£Ö'),(12,'weightRule_3','‰∫∫Â∑•ËÆæÁΩÆ'),(13,'feeRule_1','‰∫∫Â∑•ËæìÂÖ•'),(14,'feeRule_2','ÂêéÂè∞ËÆ°ÁÆó'),(15,'feeRule_3','ÂêéÂè∞ËÆ°ÁÆó+‰∫∫Â∑•ËæìÂÖ•'),(16,'head_1','‰∏úÂ≤≥Â§¥Á®ã'),(17,'head_2','ÂÖ∂‰ªñÂ§¥Á®ã'),(18,'method_1','Êµ∑ËøêÊï¥Êüú20GP/HQ'),(19,'method_2','Êµ∑ËøêÊï¥Êüú40GP/HQ'),(20,'method_3','Êµ∑ËøêÊï£Ë¥ß'),(21,'method_4','Á©∫Ëøê'),(22,'method_5','Âç°ËΩ¶Ê¥æÈÄÅ'),(23,'method_6','ÂÖ∂‰ªñ'),(24,'size_1','Â∞è‰ª∂(‰∏âËæπÂíå60cm‰ª•‰∏ãÔºåÊúÄÈïøËæπ34cm‰ª•‰∏ãÔºåÂéöÂ∫¶3cm‰ª•‰∏ãÔºåÈáçÈáè1kg‰ª•‰∏ã)'),(25,'size_2','Ê†áÂáÜ‰ª∂(‰∏âËæπÂíå160cm‰ª•‰∏ãÔºåÈáçÈáè25kg‰ª•‰∏ã)'),(26,'size_3','Â§ß‰ª∂(‰∏âËæπÂíå160cm‰ª•‰∏äÔºåÈáçÈáè50kg‰ª•‰∏ã)'),(27,'size_4','ÂÖ∂‰ªñ'),(28,'order_1','Êµ∑Â§ñ‰ªì‰ª£ÂèëËÆ¢Âçï'),(29,'order_2','ÁâπËâ≤Â∞èÂåÖ'),(30,'status_1','Â∑≤ÁîüÊàêËÆ¢Âçï,Êú™Á°ÆËÆ§Áõ∏ÂÖ≥‰ø°ÊÅØÂèäÊèê‰∫§Âá∫Â∫ì'),(31,'status_2','Â∑≤Á°ÆËÆ§Áõ∏ÂÖ≥‰ø°ÊÅØ,Êú™Êèê‰∫§Âá∫Â∫ì'),(32,'status_3','Â∑≤Êèê‰∫§Âá∫Â∫ì'),(33,'status_4','Â∑≤Âá∫Â∫ì'),(34,'status_5','Â∑≤ÂÆåÊàê'),(35,'status_6','ËÆ¢ÂçïÂ∑≤Êã¶Êà™,ÊÇ®ÂèØÈáçÊñ∞ÁºñËæëÊèê‰∫§'),(36,'platform_1','‰∫öÈ©¨ÈÄä'),(37,'platform_2','‰πêÂ§©'),(38,'platform_3','ÈõÖËôé'),(39,'platform_4','Ê≤ÉÂ∞îÁéõ'),(40,'category_1','Êµ∑Â§ñ‰ªì‰ª£ÂèëËÆ¢Âçï'),(41,'category_2','ÁâπËâ≤Â∞èÂåÖ'),(42,'carrier_2','‰ΩêÂ∑ùÊÄ•‰æø'),(43,'carrier_3','ÈªëÁå´ËøêËæì'),(44,'carrier_4','Ë•øÊµìËøêËæì'),(45,'carrier_5','Âç°ËΩ¶Ê¥æÈÄÅ'),(46,'ord_status_1','Êñ∞Âª∫'),(47,'ord_status_2','ÂæÖÂÆ°Ê†∏'),(48,'ord_status_3','Â∑≤ÂÆ°Ê†∏ÂæÖÂá∫Â∫ì'),(49,'ord_status_4','Â∑≤Âá∫Â∫ì'),(50,'ord_status_5','Â∑≤ÂÆåÊàê'),(51,'ord_status_6','Â∫üÂºÉ'),(52,'ord_status_7','ÂºÇÂ∏∏'),(53,'deal_with_1','ÈáçÊñ∞‰∏äÊû∂'),(54,'deal_with_2','ËΩ¨Ëøê'),(55,'deal_with_3','ÈîÄÊØÅ'),(56,'deal_with_4','‰∏çËâØÂìÅ'),(57,'classification_1','Â∞èÁâ©'),(58,'classification_2','ÊúçË£Ö'),(59,'classification_3','Êà∑Â§ñËøêÂä®'),(60,'classification_4','ÁîµÂ≠ê‰∫ßÂìÅ'),(61,'classification_5','ÂÆ∂Â±ÖÁî®ÂìÅ'),(62,'classification_6','Áé©ÂÖ∑'),(63,'classification_7','ÊòìÁ¢éÂìÅ'),(64,'classification_8','Â§ß‰ª∂'),(65,'classification_9','ÂÖ∂‰ªñ'),(66,'warehousing_1','Êñ∞Âª∫'),(67,'warehousing_2','ÂâçÁΩÆÊµ∑Â§ñ‰ªì'),(68,'warehousing_3','Â§¥Á®ãÊî∂Ë¥ßÂæÖËΩ¨Ëøê'),(69,'warehousing_4','ËΩ¨Ëøê‰∏≠'),(70,'warehousing_5','Êµ∑Â§ñ‰ªìÂÖ•Â∫ìÊ∏ÖÁÇπ'),(71,'warehousing_6','ÂÖ•Â∫ìÊ∏ÖÁÇπÂÆåÊàê'),(72,'warehousing_7','Êµ∑Â§ñ‰ªì‰∏äÊû∂ÂÆåÊàê'),(73,'warehousing_8','Â∫üÂºÉ'),(74,'warehousing_9','ÂºÇÂ∏∏'),(75,'clearanceType_1','ÂçïÁã¨ÈÄÄÁ®éÊä•ÂÖ≥'),(76,'clearanceType_2','Êó†ÈÄÄÁ®éÊä•ÂÖ≥'),(77,'taxType_1','È¢ÑÁº¥ÂÖ≥Á®é'),(78,'taxType_2','ÂÆûÊä•ÂÆûÈîÄ');
/*!40000 ALTER TABLE `l_label` ENABLE KEYS */;
UNLOCK TABLES;

--
-- Table structure for table `l_manual_order`
--

DROP TABLE IF EXISTS `l_manual_order`;
/*!40101 SET @saved_cs_client     = @@character_set_client */;
 SET character_set_client = utf8mb4 ;
CREATE TABLE `l_manual_order` (
  `id` int(11) NOT NULL AUTO_INCREMENT,
  `ord_no` varchar(20) COLLATE utf8_bin DEFAULT NULL,
  `category` int(11) DEFAULT NULL,
  `carrier_no` int(11) DEFAULT NULL,
  `track_no` varchar(20) COLLATE utf8_bin DEFAULT NULL,
  `owner` varchar(20) COLLATE utf8_bin DEFAULT NULL,
  `status` int(11) DEFAULT NULL,
  `update_on` timestamp NULL DEFAULT NULL,
  `create_on` timestamp NULL DEFAULT NULL,
  `create_by` varchar(20) COLLATE utf8_bin DEFAULT NULL,
  `update_by` varchar(20) COLLATE utf8_bin DEFAULT NULL,
  `from_ken_id` int(11) DEFAULT NULL,
  `from_city_id` int(11) DEFAULT NULL,
  `from_town_id` int(11) DEFAULT NULL,
  `from_where` varchar(200) COLLATE utf8_bin DEFAULT NULL,
  `from_zipcode` varchar(20) COLLATE utf8_bin DEFAULT NULL,
  `to_ken_id` int(11) DEFAULT NULL,
  `to_city_id` int(11) DEFAULT NULL,
  `to_town_id` int(11) DEFAULT NULL,
  `to_where` varchar(200) COLLATE utf8_bin DEFAULT NULL,
  `to_zipcode` varchar(20) COLLATE utf8_bin DEFAULT NULL,
  `on_behalf` varchar(2) COLLATE utf8_bin DEFAULT NULL,
  `amount` double DEFAULT NULL,
  `china_no` varchar(50) COLLATE utf8_bin DEFAULT NULL,
  `from_contact` varchar(50) COLLATE utf8_bin DEFAULT NULL,
  `to_contact` varchar(50) COLLATE utf8_bin DEFAULT NULL,
  `from_whom` varchar(200) COLLATE utf8_bin DEFAULT NULL,
  `to_whom` varchar(200) COLLATE utf8_bin DEFAULT NULL,
  `channel` varchar(100) COLLATE utf8_bin DEFAULT NULL,
  PRIMARY KEY (`id`)
) ENGINE=InnoDB AUTO_INCREMENT=19 DEFAULT CHARSET=utf8 COLLATE=utf8_bin;
/*!40101 SET character_set_client = @saved_cs_client */;

--
-- Dumping data for table `l_manual_order`
--

LOCK TABLES `l_manual_order` WRITE;
/*!40000 ALTER TABLE `l_manual_order` DISABLE KEYS */;
INSERT INTO `l_manual_order` VALUES (10,'string',10,10,'string','string',1,'2019-02-25 13:31:12','2019-02-03 06:30:45','string','string',14,14152,141520036,'string','string',11,11203,112030081,'string','string','Y',10,'string','xxx','xxx','string','string','string'),(11,'DY527f1ba7',2,NULL,'','user01',1,'2019-02-21 17:14:31','2019-02-21 17:13:28','user01',NULL,-1,3484,34840026,'','',14,14210,142100015,'','','N',NULL,'80005387728','','','user01','','-1'),(13,'DYf7a4c8f1',1,4,'23','operator',1,'2019-02-24 13:59:54','2019-02-24 13:59:54','operator',NULL,1,1519,15190001,'','',14,14210,142100012,'','','N',NULL,'','','','operator','','-1'),(15,'DY3221de91',1,4,'23','user01',1,'2019-02-27 03:06:43','2019-02-24 16:47:52','user01',NULL,9,9321,93210000,'xxxxxxxxxxx','xxxxxxxxxxxxx',14,14214,142140019,'xxxxxxxxxx','xxxxx','N',NULL,'xxxx','xxxxxxxxxx','xxxxxxxxxx','user01','xxxxxxxx','-1'),(16,'DYb337f6bb',1,3,'23','user01',3,'2019-02-28 12:22:41','2019-02-24 16:50:56','user01',NULL,9,9364,93640006,'xxxxxxxxxx','xxxxxxxx',8,8447,84470014,'xxxxxxxx','xxxxxxx','N',NULL,'xxxxxx','xxxxxxxxxx','xxxxxxxxxx','user01','xxxxxxxxxxxx','-1'),(18,'DY25ceaa9f',1,NULL,'','user01',4,'2019-02-28 12:22:09','2019-02-27 03:13:16','user01',NULL,-1,-1,-1,'','',12,12104,121040023,'','','N',NULL,'','','','user01','','-1');
/*!40000 ALTER TABLE `l_manual_order` ENABLE KEYS */;
UNLOCK TABLES;

--
-- Table structure for table `l_manual_order_content`
--

DROP TABLE IF EXISTS `l_manual_order_content`;
/*!40101 SET @saved_cs_client     = @@character_set_client */;
 SET character_set_client = utf8mb4 ;
CREATE TABLE `l_manual_order_content` (
  `id` int(11) NOT NULL AUTO_INCREMENT,
  `ordno` varchar(20) COLLATE utf8_bin DEFAULT NULL,
  `sku` varchar(20) COLLATE utf8_bin DEFAULT NULL,
  `name` varchar(200) COLLATE utf8_bin DEFAULT NULL,
  `num` int(11) DEFAULT NULL,
  `price` double DEFAULT NULL,
  `real_num` varchar(20) COLLATE utf8_bin DEFAULT NULL,
  PRIMARY KEY (`id`)
) ENGINE=InnoDB AUTO_INCREMENT=30 DEFAULT CHARSET=utf8 COLLATE=utf8_bin;
/*!40101 SET character_set_client = @saved_cs_client */;

--
-- Dumping data for table `l_manual_order_content`
--

LOCK TABLES `l_manual_order_content` WRITE;
/*!40000 ALTER TABLE `l_manual_order_content` DISABLE KEYS */;
INSERT INTO `l_manual_order_content` VALUES (1,'DY7f70a288','121211','1212',12,111,NULL),(2,'DY0e08ea33','sku00001','skjfk',12,9,NULL),(3,'DYa27fdda4','sku00001','',7,0,NULL),(4,'DY39c6f28c','sku00001','skjfk',10,9,NULL),(5,'DY4c9c020a',' sku0001','',3,0,NULL),(6,'DYb41755c0','sdfsdf','aaa',5,22,NULL),(7,'DY527f1ba7','111','1212',1,111,NULL),(9,'DYf7a4c8f1','sku0002','ÁÆ±Â≠ê',1,8,NULL),(13,'DY3221de91','sku0002','ÁÆ±Â≠ê',23,8,NULL),(14,'DY3221de91','sku0002','ÁÆ±Â≠ê',23,8,NULL),(15,'DY3221de91','sku0002','ÁÆ±Â≠ê',23,8,NULL),(22,'DYb337f6bb','sku0002','ÁÆ±Â≠ê',12,8,NULL),(23,'DYb337f6bb','sku0002','ÁÆ±Â≠ê',12,8,NULL),(24,'DY25ceaa9f','','',0,0,NULL),(25,'DY25ceaa9f','sku00001','skjfk',0,9,NULL),(26,'DY25ceaa9f','sku00001','skjfk',1,9,NULL),(27,'DY25ceaa9f','','',0,0,NULL),(28,'DY25ceaa9f','sku00001','skjfk',0,9,NULL),(29,'DY25ceaa9f','sku00001','skjfk',1,9,NULL);
/*!40000 ALTER TABLE `l_manual_order_content` ENABLE KEYS */;
UNLOCK TABLES;

--
-- Table structure for table `l_order_status`
--

DROP TABLE IF EXISTS `l_order_status`;
/*!40101 SET @saved_cs_client     = @@character_set_client */;
 SET character_set_client = utf8mb4 ;
CREATE TABLE `l_order_status` (
  `id` int(11) NOT NULL AUTO_INCREMENT,
  `seq` int(11) DEFAULT NULL,
  `type` varchar(50) COLLATE utf8_bin DEFAULT NULL,
  `name` varchar(50) COLLATE utf8_bin DEFAULT NULL,
  PRIMARY KEY (`id`)
) ENGINE=InnoDB AUTO_INCREMENT=10 DEFAULT CHARSET=utf8 COLLATE=utf8_bin;
/*!40101 SET character_set_client = @saved_cs_client */;

--
-- Dumping data for table `l_order_status`
--

LOCK TABLES `l_order_status` WRITE;
/*!40000 ALTER TABLE `l_order_status` DISABLE KEYS */;
INSERT INTO `l_order_status` VALUES (1,1,'order','Êñ∞Â¢û'),(2,2,'order','ÂâçÁΩÆÊµ∑Â§ñ‰ªì'),(3,3,'order','Â§¥Á®ãÊî∂Ëé∑ÂæÖËΩ¨Ëøê'),(4,4,'order','ËΩ¨Ëøê‰∏≠'),(5,5,'order','Êµ∑Â§ñ‰ªìÂÖ•Â∫ìÊ∏ÖÁÇπ'),(6,7,'order','ÂÖ•Â∫ìÊ∏ÖÁÇπÂÆåÊàê'),(7,8,'order','Êµ∑Â§ñ‰ªì‰∏äÊû∂ÂÆåÊàê'),(8,9,'order','Â∫üÂºÉ'),(9,10,'order','ÂºÇÂ∏∏');
/*!40000 ALTER TABLE `l_order_status` ENABLE KEYS */;
UNLOCK TABLES;

--
-- Table structure for table `l_permission`
--

DROP TABLE IF EXISTS `l_permission`;
/*!40101 SET @saved_cs_client     = @@character_set_client */;
 SET character_set_client = utf8mb4 ;
CREATE TABLE `l_permission` (
  `id` int(11) NOT NULL AUTO_INCREMENT,
  `name` varchar(100) COLLATE utf8_bin DEFAULT NULL,
  `desc` varchar(1000) COLLATE utf8_bin DEFAULT NULL,
  `url` varchar(100) COLLATE utf8_bin DEFAULT NULL,
  `pid` int(11) DEFAULT NULL,
  `method` varchar(100) COLLATE utf8_bin DEFAULT NULL,
  PRIMARY KEY (`id`)
) ENGINE=InnoDB AUTO_INCREMENT=12 DEFAULT CHARSET=utf8 COLLATE=utf8_bin;
/*!40101 SET character_set_client = @saved_cs_client */;

--
-- Dumping data for table `l_permission`
--

LOCK TABLES `l_permission` WRITE;
/*!40000 ALTER TABLE `l_permission` DISABLE KEYS */;
INSERT INTO `l_permission` VALUES (1,'ROLE_HOME','home','/',NULL,'GET'),(5,'ROLE_ADMIN','admin','/**',NULL,'ALL'),(7,'ROLE_USER','user','/**',NULL,'ALL'),(8,'ROLE_ANONYMOUS','ROLE_ANONYMOUS','/user/**',NULL,'POST'),(9,'ROLE_DEFAULT_COMM','ROLE_DEFAULT_COMM','/**',NULL,'ALL'),(10,'ROLE_ANONYMOUS','ROLE_ANONYMOUS','/login',NULL,'ALL'),(11,'ROLE_ANONYMOUS','ROLE_ANONYMOUS','/script/**',NULL,'ALL');
/*!40000 ALTER TABLE `l_permission` ENABLE KEYS */;
UNLOCK TABLES;

--
-- Table structure for table `l_permission_role`
--

DROP TABLE IF EXISTS `l_permission_role`;
/*!40101 SET @saved_cs_client     = @@character_set_client */;
 SET character_set_client = utf8mb4 ;
CREATE TABLE `l_permission_role` (
  `id` int(11) NOT NULL AUTO_INCREMENT,
  `roleid` int(11) DEFAULT NULL,
  `permissionid` int(11) DEFAULT NULL,
  PRIMARY KEY (`id`)
) ENGINE=InnoDB AUTO_INCREMENT=96 DEFAULT CHARSET=utf8 COLLATE=utf8_bin;
/*!40101 SET character_set_client = @saved_cs_client */;

--
-- Dumping data for table `l_permission_role`
--

LOCK TABLES `l_permission_role` WRITE;
/*!40000 ALTER TABLE `l_permission_role` DISABLE KEYS */;
INSERT INTO `l_permission_role` VALUES (1,1,5),(3,2,5),(9,3,5),(83,4,5),(91,5,5),(92,6,5);
/*!40000 ALTER TABLE `l_permission_role` ENABLE KEYS */;
UNLOCK TABLES;

--
-- Table structure for table `l_productions`
--

DROP TABLE IF EXISTS `l_productions`;
/*!40101 SET @saved_cs_client     = @@character_set_client */;
 SET character_set_client = utf8mb4 ;
CREATE TABLE `l_productions` (
  `sku` varchar(40) COLLATE utf8_bin NOT NULL,
  `dy_sku` varchar(13) COLLATE utf8_bin NOT NULL DEFAULT '1234567890123',
  `productName` varchar(1000) COLLATE utf8_bin DEFAULT NULL,
  `classification` varchar(300) COLLATE utf8_bin DEFAULT NULL,
  `color` varchar(45) COLLATE utf8_bin DEFAULT NULL,
  `size` varchar(45) COLLATE utf8_bin DEFAULT NULL,
  `length` double DEFAULT NULL,
  `width` double DEFAULT NULL,
  `height` double DEFAULT NULL,
  `weight` double DEFAULT NULL,
  `createdBy` varchar(45) COLLATE utf8_bin DEFAULT NULL,
  `updateBy` varchar(45) COLLATE utf8_bin DEFAULT NULL,
  `productValue` varchar(45) COLLATE utf8_bin DEFAULT NULL,
  `location` varchar(45) COLLATE utf8_bin DEFAULT NULL,
  `img_path` varchar(200) COLLATE utf8_bin DEFAULT NULL,
  `alert_num` int(11) DEFAULT NULL COMMENT 'Áº∫Ë¥ßÈ¢ÑË≠¶Êï∞ÁõÆ',
  `create_on` datetime DEFAULT NULL,
  `update_on` datetime DEFAULT NULL,
  `ava_num` int(11) DEFAULT NULL COMMENT 'ËØ•ÂïÜÂìÅÂèØÂîÆÊï∞Èáè,ËØ•È°π‰∏∫ÂïÜÂìÅÂú®‰ªìÂ∫ì‰∏≠ÁöÑÊâÄÊúâÊâπÊ¨°ÁöÑÂïÜÂìÅÊï∞Èáè‰πãÂíå',
  PRIMARY KEY (`sku`)
) ENGINE=InnoDB DEFAULT CHARSET=utf8 COLLATE=utf8_bin;
/*!40101 SET character_set_client = @saved_cs_client */;

--
-- Dumping data for table `l_productions`
--

LOCK TABLES `l_productions` WRITE;
/*!40000 ALTER TABLE `l_productions` DISABLE KEYS */;
INSERT INTO `l_productions` VALUES ('000oooo','9253248433913','ÊØõÂ∑æ','1','ÁôΩËâ≤','L',10,10,3,1,'user01','user01','1',NULL,NULL,NULL,'2019-02-22 01:24:14',NULL,NULL),('121211','1281211134862','1212','0','','2',12,1,1,1,'user01','user01','111',NULL,'/opt/web/productdesc/fe8495ca58d64de6af92ac003a905973QQÊµèËßàÂô®Êà™Âõæ_20180109235724_5640D09F303C4184B6D3FF2069398BEE.jpg',23,'2018-12-07 01:23:51','2018-12-31 23:49:27',1041),('sdfsdf','3601324744525','aaa','0','','',2,2,2,2,'user01','user01','22',NULL,NULL,NULL,'2018-12-07 01:27:51','2018-12-31 23:21:18',NULL),('sku00001','8950615433071','skjfk','1','xxx','9.0',9,9,9,9,'user01','user01','9.0',NULL,NULL,NULL,'2018-12-13 22:17:35',NULL,30),('sku0002','0082316348939','ÁÆ±Â≠ê','8','Áé´Áë∞Èáë','SS',30,50,25,3.5,'user01','user01','8',NULL,NULL,NULL,'2019-01-25 15:00:30',NULL,NULL);
/*!40000 ALTER TABLE `l_productions` ENABLE KEYS */;
UNLOCK TABLES;

--
-- Table structure for table `l_role`
--

DROP TABLE IF EXISTS `l_role`;
/*!40101 SET @saved_cs_client     = @@character_set_client */;
 SET character_set_client = utf8mb4 ;
CREATE TABLE `l_role` (
  `id` int(11) NOT NULL AUTO_INCREMENT,
  `roleName` varchar(100) COLLATE utf8_bin DEFAULT NULL,
  PRIMARY KEY (`id`)
) ENGINE=InnoDB AUTO_INCREMENT=7 DEFAULT CHARSET=utf8 COLLATE=utf8_bin;
/*!40101 SET character_set_client = @saved_cs_client */;

--
-- Dumping data for table `l_role`
--

LOCK TABLES `l_role` WRITE;
/*!40000 ALTER TABLE `l_role` DISABLE KEYS */;
INSERT INTO `l_role` VALUES (1,'ROLE_ADMIN'),(2,'ROLE_USER'),(3,'ROLE_ANONYMOUS'),(4,'ROLE_DEFAULT_COMM'),(5,'ROLE_OPERATOR'),(6,'ROLE_HEAD_OPERATOR');
/*!40000 ALTER TABLE `l_role` ENABLE KEYS */;
UNLOCK TABLES;

--
-- Table structure for table `l_role_user`
--

DROP TABLE IF EXISTS `l_role_user`;
/*!40101 SET @saved_cs_client     = @@character_set_client */;
 SET character_set_client = utf8mb4 ;
CREATE TABLE `l_role_user` (
  `id` int(11) NOT NULL AUTO_INCREMENT,
  `userid` int(11) DEFAULT NULL,
  `roleid` int(11) DEFAULT NULL,
  PRIMARY KEY (`id`)
) ENGINE=InnoDB AUTO_INCREMENT=91 DEFAULT CHARSET=utf8 COLLATE=utf8_bin;
/*!40101 SET character_set_client = @saved_cs_client */;

--
-- Dumping data for table `l_role_user`
--

LOCK TABLES `l_role_user` WRITE;
/*!40000 ALTER TABLE `l_role_user` DISABLE KEYS */;
INSERT INTO `l_role_user` VALUES (1,1,1),(33,34,4),(41,42,6),(88,1,4),(89,41,4),(90,42,4);
/*!40000 ALTER TABLE `l_role_user` ENABLE KEYS */;
UNLOCK TABLES;

--
-- Table structure for table `l_sale_record`
--

DROP TABLE IF EXISTS `l_sale_record`;
/*!40101 SET @saved_cs_client     = @@character_set_client */;
 SET character_set_client = utf8mb4 ;
CREATE TABLE `l_sale_record` (
  `saleRecNo` varchar(45) COLLATE utf8_bin NOT NULL,
  `sku` varchar(45) COLLATE utf8_bin DEFAULT NULL,
  `carrierNo` varchar(45) COLLATE utf8_bin DEFAULT NULL,
  `orderNo` varchar(45) COLLATE utf8_bin DEFAULT NULL,
  `fromUserId` varchar(45) COLLATE utf8_bin DEFAULT NULL,
  `fromContact` varchar(45) COLLATE utf8_bin DEFAULT NULL,
  `fromPostCode` varchar(45) COLLATE utf8_bin DEFAULT NULL,
  `fromWhere` varchar(450) COLLATE utf8_bin DEFAULT NULL,
  `toContact` varchar(45) COLLATE utf8_bin DEFAULT NULL,
  `toPostCode` varchar(45) COLLATE utf8_bin DEFAULT NULL,
  `toWhere` varchar(450) COLLATE utf8_bin DEFAULT NULL,
  `toWho` varchar(45) COLLATE utf8_bin DEFAULT NULL,
  `onBehalf` varchar(1) COLLATE utf8_bin DEFAULT NULL,
  `amountOnbehalf` varchar(45) COLLATE utf8_bin DEFAULT NULL,
  `name` varchar(1000) COLLATE utf8_bin DEFAULT NULL,
  `num` varchar(45) COLLATE utf8_bin DEFAULT NULL,
  `value` varchar(45) COLLATE utf8_bin DEFAULT NULL,
  `column1` varchar(45) COLLATE utf8_bin DEFAULT NULL,
  `column2` varchar(45) COLLATE utf8_bin DEFAULT NULL,
  `column3` varchar(45) COLLATE utf8_bin DEFAULT NULL,
  `price` varchar(45) COLLATE utf8_bin DEFAULT NULL,
  `status` int(11) DEFAULT NULL,
  `creator` varchar(45) COLLATE utf8_bin DEFAULT NULL,
  `createOn` datetime DEFAULT NULL,
  `updateOn` datetime DEFAULT NULL,
  `category` int(11) DEFAULT NULL,
  `length` varchar(45) COLLATE utf8_bin DEFAULT NULL,
  `width` varchar(45) COLLATE utf8_bin DEFAULT NULL,
  `height` varchar(45) COLLATE utf8_bin DEFAULT NULL,
  `weight` varchar(45) COLLATE utf8_bin DEFAULT NULL,
  `sizeCategory` varchar(20) COLLATE utf8_bin DEFAULT NULL,
  `fromParentSku` varchar(45) COLLATE utf8_bin DEFAULT NULL,
  `ken_id` int(2) DEFAULT NULL,
  `city_id` int(5) DEFAULT NULL,
  `town_id` int(9) DEFAULT NULL,
  `from_ken_id` int(2) DEFAULT NULL,
  `from_city_id` int(5) DEFAULT NULL,
  `from_town_id` int(9) DEFAULT NULL,
  PRIMARY KEY (`saleRecNo`)
) ENGINE=InnoDB DEFAULT CHARSET=utf8 COLLATE=utf8_bin;
/*!40101 SET character_set_client = @saved_cs_client */;

--
-- Dumping data for table `l_sale_record`
--

LOCK TABLES `l_sale_record` WRITE;
/*!40000 ALTER TABLE `l_sale_record` DISABLE KEYS */;
INSERT INTO `l_sale_record` VALUES ('222','sku0004','1','222','','','','','','','','',NULL,'','','20',NULL,NULL,NULL,NULL,'',4,'user01','2018-12-01 00:37:01','2018-12-01 11:36:47',1,'0','0','0','0','1',NULL,NULL,NULL,NULL,NULL,NULL,NULL),('249-0105826-7896651','5U-Y2SK-VDC5',NULL,NULL,'admin',NULL,NULL,NULL,NULL,NULL,NULL,NULL,NULL,NULL,'SAHASAHA „ÉØ„É≥„Çø„ÉÉ„ÉÅ„ÉÜ„É≥„Éà „ÉÜ„É≥„Éà 3ÔΩû5‰∫∫Áî® „ÉØ„É≥„Çø„ÉÉ„ÉÅ 2WAY „ÉÜ„É≥„Éà 3WAY „ÉÜ„É≥„Éà Ë®≠Âñ∂Á∞°Âçò Èò≤ÁÅΩÁî® „Ç≠„É£„É≥„ÉóÁî®ÂìÅ Êí•Ê∞¥Âä†Â∑• Á¥´Â§ñÁ∑öÈò≤Ê≠¢ ÁôªÂ±± Êäò„Çä„Åü„Åü„Åø Èò≤Ê∞¥ ÈÄöÊ∞óÊÄß „Ç¢„Ç¶„Éà„Éâ„Ç¢ 240*210*135cm („Éñ„É´„Éº, 3ÔΩû5‰∫∫Áî®)','1',NULL,NULL,NULL,NULL,NULL,1,'admin','2018-12-31 20:00:04',NULL,NULL,NULL,NULL,NULL,NULL,NULL,NULL,0,0,0,0,0,0),('249-0123495-4604635','2N-KDXR-ZK1D',NULL,NULL,'admin',NULL,NULL,NULL,'0427691024','252-0344','Á•ûÂ•àÂ∑ùÁúå--Áõ∏Ê®°ÂéüÂ∏ÇÂçóÂå∫Âè§Ê∑µ2‚Äê2‚Äê15','ÂâçÂæ≥ÁæéÊô∫Â≠ê',NULL,'JPY--11960.00','SAHASAHA „Çπ„Éº„ÉÑ„Ç±„Éº„Çπ „Ç≠„É£„É™„Éº„Ç±„Éº„Çπ „Ç≠„É£„É™„Éº„Éê„ÉÉ„Ç∞ Ê©üÂÜÖÊåÅ„Å°Ëæº„Åø„Çµ„Ç§„Ç∫„Åã„Çâ „Éï„Ç°„Çπ„Éä„Éº ÂÇ∑„ÅåÁõÆÁ´ã„Å°„Å´„Åè„ÅÑ TSA„É≠„ÉÉ„ÇØ „Éè„Éº„Éâ„Ç≠„É£„É™„Éº „Ç∏„ÉÉ„Éë„Éº ÂÖ®„Çµ„Ç§„Ç∫ Êúâ„Çä („Ç∑„É´„Éê„Éº „Ç¢„É´„Éü„Éï„É¨„Éº„É† ÂÖâÊ≤¢, L„Çµ„Ç§„Ç∫Ôºà7Ê≥ä‰ª•‰∏ä/Á¥Ñ86 „É™„ÉÉ„Éà„É´Ôºâ)','1',NULL,NULL,NULL,NULL,NULL,1,'admin','2019-02-22 20:00:03',NULL,NULL,NULL,NULL,NULL,NULL,NULL,NULL,0,0,0,0,0,0),('249-0179037-4504603','52-EV2N-XBRO',NULL,NULL,'admin',NULL,NULL,NULL,NULL,NULL,NULL,NULL,NULL,NULL,'SAHASAHA „Çπ„Éº„ÉÑ„Ç±„Éº„Çπ „Ç≠„É£„É™„Éº„Ç±„Éº„Çπ „Ç≠„É£„É™„Éº„Éê„ÉÉ„Ç∞ Ê©üÂÜÖÊåÅ„Å°Ëæº„Åø„Çµ„Ç§„Ç∫„Åã„Çâ „Éï„Ç°„Çπ„Éä„Éº ÂÇ∑„ÅåÁõÆÁ´ã„Å°„Å´„Åè„ÅÑ TSA„É≠„ÉÉ„ÇØ „Éè„Éº„Éâ„Ç≠„É£„É™„Éº „Ç∏„ÉÉ„Éë„Éº ÂÖ®„Çµ„Ç§„Ç∫ Êúâ„Çä („É≠„Éº„Ç∫„Ç¥„Éº„É´„Éâ „Ç¢„É´„Éü„Éï„É¨„Éº„É† ÂÖâÊ≤¢, M„Çµ„Ç§„Ç∫Ôºà5-7Ê≥ä/Á¥Ñ66 „É™„ÉÉ„Éà„É´Ôºâ)','0',NULL,NULL,NULL,NULL,NULL,1,'admin','2019-03-02 20:00:04',NULL,NULL,NULL,NULL,NULL,NULL,NULL,NULL,0,0,0,0,0,0),('249-0179342-2958255','9I-ZQH0-MJ73','1','','admin','','','','','612-8394','‰∫¨ÈÉΩÂ∫ú--‰∫¨ÈÉΩÂ∏Ç‰ºèË¶ãÂå∫‰∏ãÈ≥•ÁæΩË•øËäπÂ∑ùÁî∫5Áï™Âú∞','Â••Êùë„ÄÄ‰Ω≥Ê≠£',NULL,'','SAHASAHA „ÉØ„É≥„Çø„ÉÉ„ÉÅ„ÉÜ„É≥„Éà „ÉÜ„É≥„Éà 3ÔΩû5‰∫∫Áî® „ÉØ„É≥„Çø„ÉÉ„ÉÅ 2WAY „ÉÜ„É≥„Éà 3WAY „ÉÜ„É≥„Éà Ë®≠Âñ∂Á∞°Âçò Èò≤ÁÅΩÁî® „Ç≠„É£„É≥„ÉóÁî®ÂìÅ Êí•Ê∞¥','3',NULL,NULL,NULL,NULL,'',4,'user01','2018-11-07 14:43:07','2018-11-04 11:57:27',1,'0','0','0','0','1',NULL,NULL,NULL,NULL,NULL,NULL,NULL),('249-0318620-3487823','WG-0DAJ-6HFY',NULL,NULL,'admin',NULL,NULL,NULL,NULL,NULL,NULL,NULL,NULL,NULL,'SAHASAHA „Çπ„Éº„ÉÑ„Ç±„Éº„Çπ „Ç≠„É£„É™„Éº„Ç±„Éº„Çπ „Ç≠„É£„É™„Éº„Éê„ÉÉ„Ç∞ Ê©üÂÜÖÊåÅ„Å°Ëæº„Åø„Çµ„Ç§„Ç∫„Åã„Çâ „Éï„Ç°„Çπ„Éä„Éº ÂÇ∑„ÅåÁõÆÁ´ã„Å°„Å´„Åè„ÅÑ TSA„É≠„ÉÉ„ÇØ „Éè„Éº„Éâ„Ç≠„É£„É™„Éº „Ç∏„ÉÉ„Éë„Éº ÂÖ®„Çµ„Ç§„Ç∫ Êúâ„Çä („Ç∑„É´„Éê„Éº, M„Çµ„Ç§„Ç∫Ôºà5-7Ê≥ä/Á¥Ñ66„É™„ÉÉ„Éà„É´Ôºâ)','0',NULL,NULL,NULL,NULL,NULL,1,'admin','2019-02-18 20:00:05',NULL,NULL,NULL,NULL,NULL,NULL,NULL,NULL,0,0,0,0,0,0),('249-0352710-9356656','FH-WZ2Q-OYJP',NULL,NULL,'admin',NULL,NULL,NULL,'080‚àí1693‚àí2826','259-1206','Á•ûÂ•àÂ∑ùÁúå--Âπ≥Â°öÂ∏ÇÁúüÁî∞Ôºî‚àíÔºíÔºñ‚àíÔºíÔºñ','ËèÖÂéü„ÄÄÂøó‰øù',NULL,'JPY--8260.00','SAHASAHA „Çπ„Éº„ÉÑ„Ç±„Éº„Çπ „Ç≠„É£„É™„Éº„Ç±„Éº„Çπ „Ç≠„É£„É™„Éº„Éê„ÉÉ„Ç∞ Ê©üÂÜÖÊåÅ„Å°Ëæº„Åø„Çµ„Ç§„Ç∫„Åã„Çâ „Éï„Ç°„Çπ„Éä„Éº ÂÇ∑„ÅåÁõÆÁ´ã„Å°„Å´„Åè„ÅÑ TSA„É≠„ÉÉ„ÇØ „Éè„Éº„Éâ„Ç≠„É£„É™„Éº „Ç∏„ÉÉ„Éë„Éº ÂÖ®„Çµ„Ç§„Ç∫ Êúâ„Çä („É≠„Éº„Ç∫„Ç¥„Éº„É´„Éâ,M„Çµ„Ç§„Ç∫Ôºà5-7Ê≥ä/Á¥Ñ66„É™„ÉÉ„Éà„É´Ôºâ)','1',NULL,NULL,NULL,NULL,NULL,1,'admin','2019-02-25 20:00:04',NULL,NULL,NULL,NULL,NULL,NULL,NULL,NULL,0,0,0,0,0,0),('249-0509226-6055029','5F-TQLF-KUTC',NULL,NULL,'admin',NULL,NULL,NULL,'0480437661','340-0164','ÂüºÁéâÁúå--Âπ∏ÊâãÂ∏ÇÈ¶ôÊó•Âêë3-1-4','Á¥∞Êú® „Åæ„ÇÜ„Åø',NULL,'JPY--2980.00','SAHASAHA ÈçµÁõ§„Éè„Éº„É¢„Éã„Ç´ („É°„É≠„Éá„Ç£„Éº„Éî„Ç¢„Éé) „Åã„Çè„ÅÑ„ÅÑ „Éî„É≥„ÇØ „Éñ„É´„Éº 32Èçµ („Éî„É≥„ÇØ)','1',NULL,NULL,NULL,NULL,NULL,1,'admin','2019-02-23 20:00:05',NULL,NULL,NULL,NULL,NULL,NULL,NULL,NULL,0,0,0,0,0,0),('249-0749121-3166231','LQ-IAIV-1HTJ',NULL,NULL,'admin',NULL,NULL,NULL,'08040172065','573-1151','Â§ßÈò™Â∫ú--ÊûöÊñπÂ∏ÇÊù±ÁâßÈáéÁî∫27-1','ÂêâÁî∞„ÄÄÈöÜ',NULL,'JPY--7960.00','SAHASAHA „Çπ„Éº„ÉÑ„Ç±„Éº„Çπ „Ç≠„É£„É™„Éº„Ç±„Éº„Çπ „Ç≠„É£„É™„Éº„Éê„ÉÉ„Ç∞ Ê©üÂÜÖÊåÅ„Å°Ëæº„Åø„Çµ„Ç§„Ç∫„Åã„Çâ „Éï„Ç°„Çπ„Éä„Éº ÂÇ∑„ÅåÁõÆÁ´ã„Å°„Å´„Åè„ÅÑ TSA„É≠„ÉÉ„ÇØ „Éè„Éº„Éâ„Ç≠„É£„É™„Éº Êã°Âºµ „Ç∏„ÉÉ„Éë„Éº ÂÖ®„Çµ„Ç§„Ç∫ Êúâ„Çä („Ç∑„É£„É≥„Éë„É≥, M„Çµ„Ç§„Ç∫Ôºà5-7Ê≥ä/61ÔºàÊã°ÂºµÊôÇ72Ôºâ„É™„ÉÉ„Éà„É´Ôºâ)','1',NULL,NULL,NULL,NULL,NULL,1,'admin','2018-12-08 12:00:06',NULL,NULL,NULL,NULL,NULL,NULL,NULL,NULL,0,0,0,0,0,0),('249-0960327-0245437','FA-BWNY-IM4Z',NULL,NULL,'admin',NULL,NULL,NULL,'09074483161','811-3112','Á¶èÂ≤°Áúå--Âè§Ë≥ÄÂ∏ÇËä±Ë¶ãÊù±4‰∏ÅÁõÆ6-7','Èáë‰∏∏‰∫úÂº•',NULL,'JPY--10260.00','SAHASAHA „Çπ„Éº„ÉÑ„Ç±„Éº„Çπ „Ç≠„É£„É™„Éº„Ç±„Éº„Çπ „Ç≠„É£„É™„Éº„Éê„ÉÉ„Ç∞ Ê©üÂÜÖÊåÅ„Å°Ëæº„Åø„Çµ„Ç§„Ç∫„Åã„Çâ „Éï„Ç°„Çπ„Éä„Éº ÂÇ∑„ÅåÁõÆÁ´ã„Å°„Å´„Åè„ÅÑ TSA„É≠„ÉÉ„ÇØ „Éè„Éº„Éâ„Ç≠„É£„É™„Éº „Ç∏„ÉÉ„Éë„Éº ÂÖ®„Çµ„Ç§„Ç∫ Êúâ„Çä („Ç∑„É´„Éê„Éº „Ç¢„É´„Éü„Éï„É¨„Éº„É† ÂÖâÊ≤¢, M„Çµ„Ç§„Ç∫Ôºà5-7Ê≥ä/Á¥Ñ66 „É™„ÉÉ„Éà„É´Ôºâ)','1',NULL,NULL,NULL,NULL,NULL,1,'admin','2019-02-27 20:00:06',NULL,NULL,NULL,NULL,NULL,NULL,NULL,NULL,0,0,0,0,0,0),('249-1002727-6495039','O8-1VYB-PZQ4',NULL,NULL,'admin',NULL,NULL,NULL,NULL,NULL,NULL,NULL,NULL,NULL,'SAHASAHA „Çπ„Éº„ÉÑ„Ç±„Éº„Çπ „Ç≠„É£„É™„Éº„Ç±„Éº„Çπ „Ç≠„É£„É™„Éº„Éê„ÉÉ„Ç∞ Ê©üÂÜÖÊåÅ„Å°Ëæº„Åø„Çµ„Ç§„Ç∫„Åã„Çâ „Éï„Ç°„Çπ„Éä„Éº ÂÇ∑„ÅåÁõÆÁ´ã„Å°„Å´„Åè„ÅÑ TSA„É≠„ÉÉ„ÇØ „Éè„Éº„Éâ„Ç≠„É£„É™„Éº „Ç∏„ÉÉ„Éë„Éº ÂÖ®„Çµ„Ç§„Ç∫ Êúâ„Çä („É≠„Éº„Ç∫„Ç¥„Éº„É´„Éâ, Ê©üÂÜÖÊåÅËæº„Çµ„Ç§„Ç∫(1-3Ê≥ä/Á¥Ñ41„É™„ÉÉ„Éà„É´Ôºâ)','1',NULL,NULL,NULL,NULL,NULL,1,'admin','2019-03-02 20:00:04',NULL,NULL,NULL,NULL,NULL,NULL,NULL,NULL,0,0,0,0,0,0),('249-1313519-7892657','QU-6T21-ZKAH',NULL,NULL,'admin',NULL,NULL,NULL,'','989-6405','ÂÆÆÂüéÁúå--Â§ßÂ¥éÂ∏ÇÂ≤©Âá∫Â±±Ê±†ÊúàÂ≠ó‰∏ä‰∏ÄÊ†óÊ†πÂ≤∏ÔºóÔºñ„ÅÆÔºë','‰ºäËó§ÂíåÂΩ¶',NULL,'JPY--399.00','SAHASAHA „Éû„Ç∞„Éç„ÉÉ„ÉàÂºèËªäËºâ„Çπ„Éû„Éõ/„Çø„Éñ„É¨„ÉÉ„Éà„Éõ„É´„ÉÄ„Éº 360Â∫¶ÂõûËª¢ Á≤òÁùÄÂºè („Ç∑„É´„Éê„Éº)','0',NULL,NULL,NULL,NULL,NULL,1,'admin','2019-01-04 20:00:03',NULL,NULL,NULL,NULL,NULL,NULL,NULL,NULL,0,0,0,0,0,0),('249-1380959-3998241','VK-7V5A-H543',NULL,NULL,'admin',NULL,NULL,NULL,'','318-0033','Ëå®ÂüéÁúå--È´òËê©Â∏ÇÊú¨Áî∫Ôºì‚àíÔºíÔºó','Ê∏°ÈÇä ÂçÉÂ∞ã',NULL,'JPY--6980.00','SAHASAHA „Çπ„Éº„ÉÑ„Ç±„Éº„Çπ „Ç≠„É£„É™„Éº„Ç±„Éº„Çπ „Ç≠„É£„É™„Éº„Éê„ÉÉ„Ç∞ Ê©üÂÜÖÊåÅ„Å°Ëæº„Åø„Çµ„Ç§„Ç∫„Åã„Çâ „Éï„Ç°„Çπ„Éä„Éº ÂÇ∑„ÅåÁõÆÁ´ã„Å°„Å´„Åè„ÅÑ TSA','0',NULL,NULL,NULL,NULL,NULL,1,'admin','2019-02-10 20:00:03',NULL,NULL,NULL,NULL,NULL,NULL,NULL,NULL,0,0,0,0,0,0),('249-1505959-8093411','FH-WZ2Q-OYJP',NULL,NULL,'admin',NULL,NULL,NULL,NULL,NULL,NULL,NULL,NULL,NULL,'SAHASAHA „Çπ„Éº„ÉÑ„Ç±„Éº„Çπ „Ç≠„É£„É™„Éº„Ç±„Éº„Çπ „Ç≠„É£„É™„Éº„Éê„ÉÉ„Ç∞ Ê©üÂÜÖÊåÅ„Å°Ëæº„Åø„Çµ„Ç§„Ç∫„Åã„Çâ „Éï„Ç°„Çπ„Éä„Éº ÂÇ∑„ÅåÁõÆÁ´ã„Å°„Å´„Åè„ÅÑ TSA„É≠„ÉÉ„ÇØ „Éè„Éº„Éâ„Ç≠„É£„É™„Éº „Ç∏„ÉÉ„Éë„Éº ÂÖ®„Çµ„Ç§„Ç∫ Êúâ„Çä („É≠„Éº„Ç∫„Ç¥„Éº„É´„Éâ,M„Çµ„Ç§„Ç∫Ôºà5-7Ê≥ä/Á¥Ñ66„É™„ÉÉ„Éà„É´Ôºâ)','1',NULL,NULL,NULL,NULL,NULL,1,'admin','2019-02-28 20:00:04',NULL,NULL,NULL,NULL,NULL,NULL,NULL,NULL,0,0,0,0,0,0),('249-1609886-9435807','HM-B5BT-1IWO',NULL,NULL,'admin',NULL,NULL,NULL,NULL,NULL,NULL,NULL,NULL,NULL,'SAHASAHA „Çπ„Éº„ÉÑ„Ç±„Éº„Çπ „Ç≠„É£„É™„Éº„Ç±„Éº„Çπ „Ç≠„É£„É™„Éº„Éê„ÉÉ„Ç∞ Ê©üÂÜÖÊåÅ„Å°Ëæº„Åø„Çµ„Ç§„Ç∫„Åã„Çâ „Éï„Ç°„Çπ„Éä„Éº ÂÇ∑„ÅåÁõÆÁ´ã„Å°„Å´„Åè„ÅÑ TSA„É≠„ÉÉ„ÇØ „Éè„Éº„Éâ„Ç≠„É£„É™„Éº Êã°Âºµ „Ç∏„ÉÉ„Éë„Éº ÂÖ®„Çµ„Ç§„Ç∫ Êúâ„Çä („É≠„Éº„Ç∫„Ç¥„Éº„É´„Éâ, Ôº≥„Çµ„Ç§„Ç∫Ôºà3-5Ê≥ä/47ÔºàÊã°ÂºµÊôÇ56Ôºâ„É™„ÉÉ„Éà„É´Ôºâ)','1',NULL,NULL,NULL,NULL,NULL,1,'admin','2018-11-24 20:00:04',NULL,NULL,NULL,NULL,NULL,NULL,NULL,NULL,NULL,NULL,NULL,NULL,NULL,NULL),('249-1680239-1835047','Dustbin-white',NULL,NULL,'admin',NULL,NULL,NULL,'07055625383','260-0033','ÂçÉËëâÁúå--ÂçÉËëâÂ∏Ç‰∏≠Â§ÆÂå∫Êò•Êó•2-21-10-1F','Â±±‰∏ãÂºòÊØÖ',NULL,'JPY--9800.00','SAHASAH Ëµ§Â§ñÁ∑ö„Çª„É≥„Çµ„ÉºÂºèÂÖ®Ëá™ÂãïÈñãÈñâÂºè„Çπ„ÉÜ„É≥„É¨„Çπ„Åî„ÅøÁÆ±„ÄÄËøë„Å•„Åè„Å†„Åë„ÅßËá™ÂÉçÁöÑ„Å´Èñã„Åë„Çã„ÄÄÊ∏ÖÊΩî„ÄÄ„Ç§„É≥„ÉÜ„É™„Ç¢„ÄÄÂÆπÈáè7Ôº¨ („Éõ„ÉØ„Ç§„Éà)','2',NULL,NULL,NULL,NULL,NULL,1,'admin','2018-12-19 20:00:05',NULL,NULL,NULL,NULL,NULL,NULL,NULL,NULL,0,0,0,0,0,0),('249-1863248-5025416','QU-6T21-ZKAH',NULL,NULL,'admin',NULL,NULL,NULL,'','503-0801','Â≤êÈòúÁúå--Â§ßÂû£Â∏ÇÂíåÂêàÊñ∞Áî∫','Ê≠¶Ëó§ÈÉÅ',NULL,'JPY--399.00','SAHASAHA „Éû„Ç∞„Éç„ÉÉ„ÉàÂºèËªäËºâ„Çπ„Éû„Éõ/„Çø„Éñ„É¨„ÉÉ„Éà„Éõ„É´„ÉÄ„Éº 360Â∫¶ÂõûËª¢ Á≤òÁùÄÂºè („Ç∑„É´„Éê„Éº)','0',NULL,NULL,NULL,NULL,NULL,1,'admin','2018-12-30 20:00:04',NULL,NULL,NULL,NULL,NULL,NULL,NULL,NULL,0,0,0,0,0,0),('249-1951689-8391854','UW-NJCD-KF9N',NULL,NULL,'admin',NULL,NULL,NULL,'','514-2221','‰∏âÈáçÁúå--Ê¥•Â∏ÇÈ´òÈáéÂ∞æÁî∫634„Éº7','„ÅØ„Åõ„Åå„Çè„Åø„ÇÜ„Åç',NULL,'JPY--7660.00','SAHASAHA „Çπ„Éº„ÉÑ„Ç±„Éº„Çπ „Ç≠„É£„É™„Éº„Ç±„Éº„Çπ „Ç≠„É£„É™„Éº„Éê„ÉÉ„Ç∞ Ê©üÂÜÖÊåÅ„Å°Ëæº„Åø„Çµ„Ç§„Ç∫„Åã„Çâ „Éï„Ç°„Çπ„Éä„Éº ÂÇ∑„ÅåÁõÆÁ´ã„Å°„Å´„Åè„ÅÑ TSA','0',NULL,NULL,NULL,NULL,NULL,1,'admin','2019-02-07 20:00:03',NULL,NULL,NULL,NULL,NULL,NULL,NULL,NULL,0,0,0,0,0,0),('249-1975088-7943839','YM-RFHA-8TVU',NULL,NULL,'admin',NULL,NULL,NULL,'0449114212','214-0014','Á•ûÂ•àÂ∑ùÁúå--Â∑ùÂ¥éÂ∏ÇÂ§öÊë©Âå∫ÁôªÊà∏2828-614','ÂΩ±Â±±Â•àÁ©ÇÁæé',NULL,'JPY--1980.00','SAHASAHA ÁùÄ‰ªò„Åë ÁùÄÁâ© „ÇØ„É™„ÉÉ„Éó Ë°øÊ≠¢„ÇÅ„ÇØ„É™„ÉÉ„Éó ÂíåË£Ö„ÇØ„É™„ÉÉ„Éó Ëä± ÔºìËâ≤ 2„Çª„ÉÉ„Éà 6ÂÄã','1',NULL,NULL,NULL,NULL,NULL,1,'admin','2019-01-05 20:00:56',NULL,NULL,NULL,NULL,NULL,NULL,NULL,NULL,0,0,0,0,0,0),('249-2036129-8179816','QU-6T21-ZKAH',NULL,NULL,'admin',NULL,NULL,NULL,'','266-0005','ÂçÉËëâÁúå--ÂçÉËëâÂ∏ÇÁ∑ëÂå∫Ë™âÁî∞Áî∫2Ôºç11Ôºç180','Â§ßÂ°öÁæ©‰πã',NULL,'JPY--998.00','SAHASAHA „Éû„Ç∞„Éç„ÉÉ„ÉàÂºèËªäËºâ„Çπ„Éû„Éõ/„Çø„Éñ„É¨„ÉÉ„Éà„Éõ„É´„ÉÄ„Éº 360Â∫¶ÂõûËª¢ Á≤òÁùÄÂºè („Ç∑„É´„Éê„Éº)','0',NULL,NULL,NULL,NULL,NULL,1,'admin','2019-01-06 20:00:03',NULL,NULL,NULL,NULL,NULL,NULL,NULL,NULL,0,0,0,0,0,0),('249-2102393-7818252','SN-43IS-TWEP',NULL,NULL,'admin',NULL,NULL,NULL,'09013463655','902-0071','Ê≤ñÁ∏ÑÁúå--ÈÇ£Ë¶áÂ∏ÇÁπÅÂ§öÂ∑ù4„Éº7„Éº15','Áï∂Áúû Âäü‰πü',NULL,'JPY--11960.00','SAHASAHA „Çπ„Éº„ÉÑ„Ç±„Éº„Çπ „Ç≠„É£„É™„Éº„Ç±„Éº„Çπ „Ç≠„É£„É™„Éº„Éê„ÉÉ„Ç∞ Ê©üÂÜÖÊåÅ„Å°Ëæº„Åø„Çµ„Ç§„Ç∫„Åã„Çâ „Éï„Ç°„Çπ„Éä„Éº ÂÇ∑„ÅåÁõÆÁ´ã„Å°„Å´„Åè„ÅÑ TSA„É≠„ÉÉ„ÇØ „Éè„Éº„Éâ„Ç≠„É£„É™„Éº „Ç∏„ÉÉ„Éë„Éº ÂÖ®„Çµ„Ç§„Ç∫ Êúâ„Çä („É≠„Éº„Ç∫„Ç¥„Éº„É´„Éâ, L„Çµ„Ç§„Ç∫Ôºà7Ê≥ä‰ª•‰∏ä/Á¥Ñ86 „É™„ÉÉ„Éà„É´Ôºâ)','1',NULL,NULL,NULL,NULL,NULL,1,'admin','2019-01-02 20:00:06',NULL,NULL,NULL,NULL,NULL,NULL,NULL,NULL,0,0,0,0,0,0),('249-2308591-9833433','FH-WZ2Q-OYJP',NULL,NULL,'admin',NULL,NULL,NULL,NULL,NULL,NULL,NULL,NULL,NULL,'SAHASAHA „Çπ„Éº„ÉÑ„Ç±„Éº„Çπ „Ç≠„É£„É™„Éº„Ç±„Éº„Çπ „Ç≠„É£„É™„Éº„Éê„ÉÉ„Ç∞ Ê©üÂÜÖÊåÅ„Å°Ëæº„Åø„Çµ„Ç§„Ç∫„Åã„Çâ „Éï„Ç°„Çπ„Éä„Éº ÂÇ∑„ÅåÁõÆÁ´ã„Å°„Å´„Åè„ÅÑ TSA„É≠„ÉÉ„ÇØ „Éè„Éº„Éâ„Ç≠„É£„É™„Éº „Ç∏„ÉÉ„Éë„Éº ÂÖ®„Çµ„Ç§„Ç∫ Êúâ„Çä („É≠„Éº„Ç∫„Ç¥„Éº„É´„Éâ,M„Çµ„Ç§„Ç∫Ôºà5-7Ê≥ä/Á¥Ñ66„É™„ÉÉ„Éà„É´Ôºâ)','1',NULL,NULL,NULL,NULL,NULL,1,'admin','2019-01-22 20:00:05',NULL,NULL,NULL,NULL,NULL,NULL,NULL,NULL,0,0,0,0,0,0),('249-2466942-3995846','ED-0UIY-40IQ',NULL,NULL,'admin',NULL,NULL,NULL,'','558-0053','Â§ßÈò™Â∫ú--Â§ßÈò™Â∏Ç‰ΩèÂêâÂå∫Â∏ùÂ°öÂ±±‰∏≠','ËèÖÈáé„ÄÄ‰ΩêÁ¥Ä',NULL,'JPY--8260.00','SAHASAHA „Çπ„Éº„ÉÑ„Ç±„Éº„Çπ „Ç≠„É£„É™„Éº„Ç±„Éº„Çπ „Ç≠„É£„É™„Éº„Éê„ÉÉ„Ç∞ Ê©üÂÜÖÊåÅ„Å°Ëæº„Åø„Çµ„Ç§„Ç∫„Åã„Çâ „Éï„Ç°„Çπ„Éä„Éº ÂÇ∑„ÅåÁõÆÁ´ã„Å°„Å´„Åè„ÅÑ TSA','0',NULL,NULL,NULL,NULL,NULL,1,'admin','2019-02-13 20:00:05',NULL,NULL,NULL,NULL,NULL,NULL,NULL,NULL,0,0,0,0,0,0),('249-2510562-9086269','ED-0UIY-40IQ',NULL,NULL,'admin',NULL,NULL,NULL,NULL,NULL,NULL,NULL,NULL,NULL,'SAHASAHA „Çπ„Éº„ÉÑ„Ç±„Éº„Çπ „Ç≠„É£„É™„Éº„Ç±„Éº„Çπ „Ç≠„É£„É™„Éº„Éê„ÉÉ„Ç∞ Ê©üÂÜÖÊåÅ„Å°Ëæº„Åø„Çµ„Ç§„Ç∫„Åã„Çâ „Éï„Ç°„Çπ„Éä„Éº ÂÇ∑„ÅåÁõÆÁ´ã„Å°„Å´„Åè„ÅÑ TSA„É≠„ÉÉ„ÇØ „Éè„Éº„Éâ„Ç≠„É£„É™„Éº „Ç∏„ÉÉ„Éë„Éº ÂÖ®„Çµ„Ç§„Ç∫ Êúâ„Çä („É≠„Éº„Ç∫„Ç¥„Éº„É´„Éâ,M„Çµ„Ç§„Ç∫Ôºà5-7Ê≥ä/Á¥Ñ66„É™„ÉÉ„Éà„É´Ôºâ)','1',NULL,NULL,NULL,NULL,NULL,1,'admin','2019-03-03 20:00:03',NULL,NULL,NULL,NULL,NULL,NULL,NULL,NULL,0,0,0,0,0,0),('249-2523256-7504627','52-EV2N-XBRO',NULL,NULL,'admin',NULL,NULL,NULL,NULL,NULL,NULL,NULL,NULL,NULL,'SAHASAHA „Çπ„Éº„ÉÑ„Ç±„Éº„Çπ „Ç≠„É£„É™„Éº„Ç±„Éº„Çπ „Ç≠„É£„É™„Éº„Éê„ÉÉ„Ç∞ Ê©üÂÜÖÊåÅ„Å°Ëæº„Åø„Çµ„Ç§„Ç∫„Åã„Çâ „Éï„Ç°„Çπ„Éä„Éº ÂÇ∑„ÅåÁõÆÁ´ã„Å°„Å´„Åè„ÅÑ TSA„É≠„ÉÉ„ÇØ „Éè„Éº„Éâ„Ç≠„É£„É™„Éº „Ç∏„ÉÉ„Éë„Éº ÂÖ®„Çµ„Ç§„Ç∫ Êúâ„Çä („É≠„Éº„Ç∫„Ç¥„Éº„É´„Éâ „Ç¢„É´„Éü„Éï„É¨„Éº„É† ÂÖâÊ≤¢, M„Çµ„Ç§„Ç∫Ôºà5-7Ê≥ä/Á¥Ñ66 „É™„ÉÉ„Éà„É´Ôºâ)','1',NULL,NULL,NULL,NULL,NULL,1,'admin','2019-03-02 20:00:05',NULL,NULL,NULL,NULL,NULL,NULL,NULL,NULL,0,0,0,0,0,0),('249-2545457-7694210','QU-6T21-ZKAH',NULL,NULL,'admin',NULL,NULL,NULL,'','243-0202','Á•ûÂ•àÂ∑ùÁúå--ÂéöÊú®Â∏Ç‰∏≠ËçªÈáé944-4','Ëä±‰∏ä„ÄÄ„Åæ„ÇÜ„Åø',NULL,'JPY--399.00','SAHASAHA „Éû„Ç∞„Éç„ÉÉ„ÉàÂºèËªäËºâ„Çπ„Éû„Éõ/„Çø„Éñ„É¨„ÉÉ„Éà„Éõ„É´„ÉÄ„Éº 360Â∫¶ÂõûËª¢ Á≤òÁùÄÂºè („Ç∑„É´„Éê„Éº)','0',NULL,NULL,NULL,NULL,NULL,1,'admin','2019-01-03 20:00:03',NULL,NULL,NULL,NULL,NULL,NULL,NULL,NULL,0,0,0,0,0,0),('249-2604500-3450203','QU-6T21-ZKAH',NULL,NULL,'admin',NULL,NULL,NULL,'','257-0003','Á•ûÂ•àÂ∑ùÁúå--Áß¶ÈáéÂ∏ÇÂçóÁü¢Âêç536-1','ËøëËó§Â≤≥',NULL,'JPY--998.00','SAHASAHA „Éû„Ç∞„Éç„ÉÉ„ÉàÂºèËªäËºâ„Çπ„Éû„Éõ/„Çø„Éñ„É¨„ÉÉ„Éà„Éõ„É´„ÉÄ„Éº 360Â∫¶ÂõûËª¢ Á≤òÁùÄÂºè („Ç∑„É´„Éê„Éº)','0',NULL,NULL,NULL,NULL,NULL,1,'admin','2019-01-12 20:00:03',NULL,NULL,NULL,NULL,NULL,NULL,NULL,NULL,0,0,0,0,0,0),('249-2668698-8016605','O8-1VYB-PZQ4',NULL,NULL,'admin',NULL,NULL,NULL,NULL,NULL,NULL,NULL,NULL,NULL,'SAHASAHA „Çπ„Éº„ÉÑ„Ç±„Éº„Çπ „Ç≠„É£„É™„Éº„Ç±„Éº„Çπ „Ç≠„É£„É™„Éº„Éê„ÉÉ„Ç∞ Ê©üÂÜÖÊåÅ„Å°Ëæº„Åø„Çµ„Ç§„Ç∫„Åã„Çâ „Éï„Ç°„Çπ„Éä„Éº ÂÇ∑„ÅåÁõÆÁ´ã„Å°„Å´„Åè„ÅÑ TSA„É≠„ÉÉ„ÇØ „Éè„Éº„Éâ„Ç≠„É£„É™„Éº „Ç∏„ÉÉ„Éë„Éº ÂÖ®„Çµ„Ç§„Ç∫ Êúâ„Çä („É≠„Éº„Ç∫„Ç¥„Éº„É´„Éâ, Ê©üÂÜÖÊåÅËæº„Çµ„Ç§„Ç∫(1-3Ê≥ä/Á¥Ñ41„É™„ÉÉ„Éà„É´Ôºâ)','1',NULL,NULL,NULL,NULL,NULL,1,'admin','2019-01-25 20:00:03',NULL,NULL,NULL,NULL,NULL,NULL,NULL,NULL,0,0,0,0,0,0),('249-2772987-0048651','UW-NJCD-KF9N',NULL,NULL,'admin',NULL,NULL,NULL,'','080-2473','ÂåóÊµ∑ÈÅì--Â∏ØÂ∫ÉÂ∏ÇË•ø‰∫åÂçÅ‰∏âÊù°Âçó4‰∏ÅÁõÆ13„Äú15','Â±±Âè£ Ë£ïÁæéÂ≠ê',NULL,'JPY--7277.00','SAHASAHA „Çπ„Éº„ÉÑ„Ç±„Éº„Çπ „Ç≠„É£„É™„Éº„Ç±„Éº„Çπ „Ç≠„É£„É™„Éº„Éê„ÉÉ„Ç∞ Ê©üÂÜÖÊåÅ„Å°Ëæº„Åø„Çµ„Ç§„Ç∫„Åã„Çâ „Éï„Ç°„Çπ„Éä„Éº ÂÇ∑„ÅåÁõÆÁ´ã„Å°„Å´„Åè„ÅÑ TSA','0',NULL,NULL,NULL,NULL,NULL,1,'admin','2019-02-02 20:00:02',NULL,NULL,NULL,NULL,NULL,NULL,NULL,NULL,0,0,0,0,0,0),('249-2862014-0790254','QU-6T21-ZKAH',NULL,NULL,'admin',NULL,NULL,NULL,'','660-0051','ÂÖµÂ∫´Áúå--Â∞ºÂ¥éÂ∏ÇÊù±‰∏ÉÊùæÁî∫1‰∏ÅÁõÆ11-19„Éí„É´„Ç∫Á´ãËä±2-203','Â±±‰∏≠ÈõÖÂπ∏',NULL,'JPY--399.00','SAHASAHA „Éû„Ç∞„Éç„ÉÉ„ÉàÂºèËªäËºâ„Çπ„Éû„Éõ/„Çø„Éñ„É¨„ÉÉ„Éà„Éõ„É´„ÉÄ„Éº 360Â∫¶ÂõûËª¢ Á≤òÁùÄÂºè („Ç∑„É´„Éê„Éº)','0',NULL,NULL,NULL,NULL,NULL,1,'admin','2019-01-03 20:00:03',NULL,NULL,NULL,NULL,NULL,NULL,NULL,NULL,0,0,0,0,0,0),('249-3069342-3844629','0Y-K99Y-JMPZ',NULL,NULL,'admin',NULL,NULL,NULL,'','169-0073','Êù±‰∫¨ÈÉΩ--Áôæ‰∫∫Áî∫1-3-14„Éä„ÉìÊñ∞ÂÆø509','ÂíåÁî∞ÂÑ™Ëä±',NULL,'JPY--9960.00','SAHASAHA „Çπ„Éº„ÉÑ„Ç±„Éº„Çπ „Ç≠„É£„É™„Éº„Ç±„Éº„Çπ „Ç≠„É£„É™„Éº„Éê„ÉÉ„Ç∞ Ê©üÂÜÖÊåÅ„Å°Ëæº„Åø„Çµ„Ç§„Ç∫„Åã„Çâ „Éï„Ç°„Çπ„Éä„Éº ÂÇ∑„ÅåÁõÆÁ´ã„Å°„Å´„Åè„ÅÑ TSA','0',NULL,NULL,NULL,NULL,NULL,1,'admin','2019-01-30 20:00:03',NULL,NULL,NULL,NULL,NULL,NULL,NULL,NULL,0,0,0,0,0,0),('249-3121506-8491021','TG-7U8Z-SBK2',NULL,NULL,'admin',NULL,NULL,NULL,'09068893131','771-1212','Âæ≥Â≥∂Áúå--ÊùøÈáéÈÉ°Ëóç‰ΩèÁî∫Âæ≥ÂëΩÂ≠óÂâçÈ†àÊù±111-14','‰∫ïÂÜÖ„ÄÄÁæéÊ≤ôÁ∑í',NULL,'JPY--17999.00','„Ç≠„ÇØ„Çø„Éã ‰∫åËÉ° „Çª„Éü„Éè„Éº„Éâ„Ç±„Éº„Çπ„ÄÅÂºì‰ªòÂ±û #73','1',NULL,NULL,NULL,NULL,NULL,1,'admin','2019-02-17 20:00:15',NULL,NULL,NULL,NULL,NULL,NULL,NULL,NULL,0,0,0,0,0,0),('249-3164211-0287833','SF-0LCQ-50C6',NULL,NULL,'admin',NULL,NULL,NULL,'','187-0032','Êù±‰∫¨ÈÉΩ--Â∞èÂπ≥Â∏Ç„ÄÄÂ∞èÂ∑ùÁî∫„ÄÄÔºë‰∏ÅÁõÆ ÔºîÔºîÔºï','Â≤©Ë∞∑„ÄÄË≤¥Ê®π',NULL,'JPY--699.00','SAHASAHA „Éû„Ç∞„Éç„ÉÉ„ÉàÂºèËªäËºâ„Çπ„Éû„Éõ/„Çø„Éñ„É¨„ÉÉ„Éà„Éõ„É´„ÉÄ„Éº 360Â∫¶ÂõûËª¢ Á≤òÁùÄÂºè („Éñ„É©„ÉÉ„ÇØ)','23',NULL,NULL,NULL,NULL,NULL,1,'user01','2018-11-03 20:00:05',NULL,2,NULL,NULL,NULL,NULL,NULL,NULL,NULL,NULL,NULL,NULL,NULL,NULL),('249-3497165-7724644','QU-6T21-ZKAH',NULL,NULL,'admin',NULL,NULL,NULL,'','675-0061','ÂÖµÂ∫´Áúå--Âä†Âè§Â∑ùÂ∏ÇÂä†Âè§Â∑ùÁî∫','Â¢óÁî∞„ÄÄÁ´†‰∫∫',NULL,'JPY--499.00','SAHASAHA „Éû„Ç∞„Éç„ÉÉ„ÉàÂºèËªäËºâ„Çπ„Éû„Éõ/„Çø„Éñ„É¨„ÉÉ„Éà„Éõ„É´„ÉÄ„Éº 360Â∫¶ÂõûËª¢ Á≤òÁùÄÂºè („Ç∑„É´„Éê„Éº)','0',NULL,NULL,NULL,NULL,NULL,1,'admin','2019-01-06 20:00:03',NULL,NULL,NULL,NULL,NULL,NULL,NULL,NULL,0,0,0,0,0,0),('249-3549687-2659057','26-7CM8-AURL',NULL,NULL,'admin',NULL,NULL,NULL,'0827-32-4549','740-0034','Â±±Âè£Áúå--Â≤©ÂõΩÂ∏ÇÂçóÂ≤©ÂõΩÁî∫Ôºë‰∏ÅÁõÆ10-30','Ê≤≥ÊùëÂì≤Â§´',NULL,'JPY--4980.00','SAHASAHA „ÉØ„É≥„Çø„ÉÉ„ÉÅ„ÉÜ„É≥„Éà „ÉÜ„É≥„Éà 2ÔΩû4‰∫∫Áî® „ÉØ„É≥„Çø„ÉÉ„ÉÅ Ë®≠Âñ∂Á∞°Âçò Èò≤ÁÅΩÁî® „Ç≠„É£„É≥„ÉóÁî®ÂìÅ Êí•Ê∞¥Âä†Â∑• Á¥´Â§ñÁ∑öÈò≤Ê≠¢ ÁôªÂ±± Êäò„Çä„Åü„Åü„Åø Èò≤Ê∞¥ ÈÄöÊ∞óÊÄß „Ç¢„Ç¶„Éà„Éâ„Ç¢','1',NULL,NULL,NULL,NULL,NULL,1,'admin','2019-02-25 20:00:06',NULL,NULL,NULL,NULL,NULL,NULL,NULL,NULL,0,0,0,0,0,0),('249-3582124-2346266','0Y-K99Y-JMPZ',NULL,NULL,'admin',NULL,NULL,NULL,'','335-0021','ÂüºÁéâÁúå--Êà∏Áî∞Â∏ÇÊñ∞ÊõΩ','Ê©ãÊú¨„ÄÄ„Åø„Å™„Åø',NULL,'JPY--9960.00','SAHASAHA „Çπ„Éº„ÉÑ„Ç±„Éº„Çπ „Ç≠„É£„É™„Éº„Ç±„Éº„Çπ „Ç≠„É£„É™„Éº„Éê„ÉÉ„Ç∞ Ê©üÂÜÖÊåÅ„Å°Ëæº„Åø„Çµ„Ç§„Ç∫„Åã„Çâ „Éï„Ç°„Çπ„Éä„Éº ÂÇ∑„ÅåÁõÆÁ´ã„Å°„Å´„Åè„ÅÑ TSA','0',NULL,NULL,NULL,NULL,NULL,1,'admin','2019-02-09 20:00:02',NULL,NULL,NULL,NULL,NULL,NULL,NULL,NULL,0,0,0,0,0,0),('249-3692143-7796668','QU-6T21-ZKAH',NULL,NULL,'admin',NULL,NULL,NULL,'','999-3511','Â±±ÂΩ¢Áúå--Ë•øÊùëÂ±±ÈÉ°Ê≤≥ÂåóÁî∫Ë∞∑Âú∞‰∏Å45-8','ÂúüÁî∞Ê≠£Âπ∏',NULL,'JPY--1197.00','SAHASAHA „Éû„Ç∞„Éç„ÉÉ„ÉàÂºèËªäËºâ„Çπ„Éû„Éõ/„Çø„Éñ„É¨„ÉÉ„Éà„Éõ„É´„ÉÄ„Éº 360Â∫¶ÂõûËª¢ Á≤òÁùÄÂºè („Ç∑„É´„Éê„Éº)','0',NULL,NULL,NULL,NULL,NULL,1,'admin','2019-01-02 20:00:05',NULL,NULL,NULL,NULL,NULL,NULL,NULL,NULL,0,0,0,0,0,0),('249-3782268-7360610','0Y-K99Y-JMPZ',NULL,NULL,'admin',NULL,NULL,NULL,'','669-1533','ÂÖµÂ∫´Áúå--‰∏âÁî∞Â∏Ç‰∏âÁî∞Áî∫','Arianne San Jose',NULL,'JPY--9960.00','SAHASAHA „Çπ„Éº„ÉÑ„Ç±„Éº„Çπ „Ç≠„É£„É™„Éº„Ç±„Éº„Çπ „Ç≠„É£„É™„Éº„Éê„ÉÉ„Ç∞ Ê©üÂÜÖÊåÅ„Å°Ëæº„Åø„Çµ„Ç§„Ç∫„Åã„Çâ „Éï„Ç°„Çπ„Éä„Éº ÂÇ∑„ÅåÁõÆÁ´ã„Å°„Å´„Åè„ÅÑ TSA','0',NULL,NULL,NULL,NULL,NULL,1,'admin','2019-02-09 20:00:03',NULL,NULL,NULL,NULL,NULL,NULL,NULL,NULL,0,0,0,0,0,0),('249-3817591-6490224','QU-6T21-ZKAH',NULL,NULL,'admin',NULL,NULL,NULL,'','657-0844','ÂÖµÂ∫´Áúå--Á•ûÊà∏Â∏ÇÁÅòÂå∫ÈÉΩÈÄö5-3-1-402','Â±±Áî∞„ÄÄÂÆèÁæé',NULL,'JPY--399.00','SAHASAHA „Éû„Ç∞„Éç„ÉÉ„ÉàÂºèËªäËºâ„Çπ„Éû„Éõ/„Çø„Éñ„É¨„ÉÉ„Éà„Éõ„É´„ÉÄ„Éº 360Â∫¶ÂõûËª¢ Á≤òÁùÄÂºè („Ç∑„É´„Éê„Éº)','0',NULL,NULL,NULL,NULL,NULL,1,'admin','2019-01-02 20:00:04',NULL,NULL,NULL,NULL,NULL,NULL,NULL,NULL,0,0,0,0,0,0),('249-3864140-2188612','FH-WZ2Q-OYJP',NULL,NULL,'admin',NULL,NULL,NULL,NULL,NULL,NULL,NULL,NULL,NULL,'SAHASAHA „Çπ„Éº„ÉÑ„Ç±„Éº„Çπ „Ç≠„É£„É™„Éº„Ç±„Éº„Çπ „Ç≠„É£„É™„Éº„Éê„ÉÉ„Ç∞ Ê©üÂÜÖÊåÅ„Å°Ëæº„Åø„Çµ„Ç§„Ç∫„Åã„Çâ „Éï„Ç°„Çπ„Éä„Éº ÂÇ∑„ÅåÁõÆÁ´ã„Å°„Å´„Åè„ÅÑ TSA„É≠„ÉÉ„ÇØ „Éè„Éº„Éâ„Ç≠„É£„É™„Éº Êã°Âºµ „Ç∏„ÉÉ„Éë„Éº ÂÖ®„Çµ„Ç§„Ç∫ Êúâ„Çä („É≠„Éº„Ç∫„Ç¥„Éº„É´„Éâ, M„Çµ„Ç§„Ç∫Ôºà5-7Ê≥ä/61ÔºàÊã°ÂºµÊôÇ72Ôºâ„É™„ÉÉ„Éà„É´Ôºâ)','0',NULL,NULL,NULL,NULL,NULL,1,'admin','2018-12-26 20:00:03',NULL,NULL,NULL,NULL,NULL,NULL,NULL,NULL,0,0,0,0,0,0),('249-3893618-0246238','VK-7V5A-H543',NULL,NULL,'admin',NULL,NULL,NULL,'','167-0032','Êù±‰∫¨ÈÉΩ--Êùâ‰∏¶Âå∫Â§©Ê≤º2-30-12','Ëó§Áî∞Â§ïÁ®Ä',NULL,'JPY--6980.00','SAHASAHA „Çπ„Éº„ÉÑ„Ç±„Éº„Çπ „Ç≠„É£„É™„Éº„Ç±„Éº„Çπ „Ç≠„É£„É™„Éº„Éê„ÉÉ„Ç∞ Ê©üÂÜÖÊåÅ„Å°Ëæº„Åø„Çµ„Ç§„Ç∫„Åã„Çâ „Éï„Ç°„Çπ„Éä„Éº ÂÇ∑„ÅåÁõÆÁ´ã„Å°„Å´„Åè„ÅÑ TSA','0',NULL,NULL,NULL,NULL,NULL,1,'admin','2019-02-23 20:00:03',NULL,NULL,NULL,NULL,NULL,NULL,NULL,NULL,0,0,0,0,0,0),('249-4288156-1613400','0Y-K99Y-JMPZ',NULL,NULL,'admin',NULL,NULL,NULL,'','615-0047','‰∫¨ÈÉΩÂ∫ú--‰∫¨ÈÉΩÂ∏ÇÂè≥‰∫¨Âå∫Ë•øÈô¢ÂÖ≠ÂèçÁî∞Áî∫14-702Âè∑','ÂÖ∑ÂøóÊ≤ô‰πüÊ≠å',NULL,'JPY--9960.00','SAHASAHA „Çπ„Éº„ÉÑ„Ç±„Éº„Çπ „Ç≠„É£„É™„Éº„Ç±„Éº„Çπ „Ç≠„É£„É™„Éº„Éê„ÉÉ„Ç∞ Ê©üÂÜÖÊåÅ„Å°Ëæº„Åø„Çµ„Ç§„Ç∫„Åã„Çâ „Éï„Ç°„Çπ„Éä„Éº ÂÇ∑„ÅåÁõÆÁ´ã„Å°„Å´„Åè„ÅÑ TSA','0',NULL,NULL,NULL,NULL,NULL,1,'admin','2019-02-22 20:00:02',NULL,NULL,NULL,NULL,NULL,NULL,NULL,NULL,0,0,0,0,0,0),('249-4289309-8575846','FH-WZ2Q-OYJP',NULL,NULL,'admin',NULL,NULL,NULL,NULL,NULL,NULL,NULL,NULL,NULL,'SAHASAHA „Çπ„Éº„ÉÑ„Ç±„Éº„Çπ „Ç≠„É£„É™„Éº„Ç±„Éº„Çπ „Ç≠„É£„É™„Éº„Éê„ÉÉ„Ç∞ Ê©üÂÜÖÊåÅ„Å°Ëæº„Åø„Çµ„Ç§„Ç∫„Åã„Çâ „Éï„Ç°„Çπ„Éä„Éº ÂÇ∑„ÅåÁõÆÁ´ã„Å°„Å´„Åè„ÅÑ TSA„É≠„ÉÉ„ÇØ „Éè„Éº„Éâ„Ç≠„É£„É™„Éº „Ç∏„ÉÉ„Éë„Éº ÂÖ®„Çµ„Ç§„Ç∫ Êúâ„Çä („É≠„Éº„Ç∫„Ç¥„Éº„É´„Éâ,M„Çµ„Ç§„Ç∫Ôºà5-7Ê≥ä/Á¥Ñ66„É™„ÉÉ„Éà„É´Ôºâ)','1',NULL,NULL,NULL,NULL,NULL,1,'admin','2019-02-27 20:00:05',NULL,NULL,NULL,NULL,NULL,NULL,NULL,NULL,0,0,0,0,0,0),('249-4329323-1886226','ED-0UIY-40IQ',NULL,NULL,'admin',NULL,NULL,NULL,'','174-0074','Êù±‰∫¨ÈÉΩ--ÊùøÊ©ãÂå∫Êù±Êñ∞Áî∫','Â§ß‰πÖ‰øù‰∏áÂ∏åÂ≠ê',NULL,'JPY--8260.00','SAHASAHA „Çπ„Éº„ÉÑ„Ç±„Éº„Çπ „Ç≠„É£„É™„Éº„Ç±„Éº„Çπ „Ç≠„É£„É™„Éº„Éê„ÉÉ„Ç∞ Ê©üÂÜÖÊåÅ„Å°Ëæº„Åø„Çµ„Ç§„Ç∫„Åã„Çâ „Éï„Ç°„Çπ„Éä„Éº ÂÇ∑„ÅåÁõÆÁ´ã„Å°„Å´„Åè„ÅÑ TSA','0',NULL,NULL,NULL,NULL,NULL,1,'admin','2019-02-08 20:00:06',NULL,NULL,NULL,NULL,NULL,NULL,NULL,NULL,0,0,0,0,0,0),('249-4525124-0923005','QU-6T21-ZKAH',NULL,NULL,'admin',NULL,NULL,NULL,NULL,NULL,NULL,NULL,NULL,NULL,'SAHASAHA „Éû„Ç∞„Éç„ÉÉ„ÉàÂºèËªäËºâ„Çπ„Éû„Éõ/„Çø„Éñ„É¨„ÉÉ„Éà„Éõ„É´„ÉÄ„Éº 360Â∫¶ÂõûËª¢ Á≤òÁùÄÂºè („Ç∑„É´„Éê„Éº)','0',NULL,NULL,NULL,NULL,NULL,1,'admin','2019-01-11 20:00:02',NULL,NULL,NULL,NULL,NULL,NULL,NULL,NULL,0,0,0,0,0,0),('249-4538851-4929400','FH-WZ2Q-OYJP',NULL,NULL,'admin',NULL,NULL,NULL,NULL,NULL,NULL,NULL,NULL,NULL,'SAHASAHA „Çπ„Éº„ÉÑ„Ç±„Éº„Çπ „Ç≠„É£„É™„Éº„Ç±„Éº„Çπ „Ç≠„É£„É™„Éº„Éê„ÉÉ„Ç∞ Ê©üÂÜÖÊåÅ„Å°Ëæº„Åø„Çµ„Ç§„Ç∫„Åã„Çâ „Éï„Ç°„Çπ„Éä„Éº ÂÇ∑„ÅåÁõÆÁ´ã„Å°„Å´„Åè„ÅÑ TSA„É≠„ÉÉ„ÇØ „Éè„Éº„Éâ„Ç≠„É£„É™„Éº „Ç∏„ÉÉ„Éë„Éº ÂÖ®„Çµ„Ç§„Ç∫ Êúâ„Çä („É≠„Éº„Ç∫„Ç¥„Éº„É´„Éâ,M„Çµ„Ç§„Ç∫Ôºà5-7Ê≥ä/Á¥Ñ66„É™„ÉÉ„Éà„É´Ôºâ)','1',NULL,NULL,NULL,NULL,NULL,1,'admin','2019-01-27 20:00:03',NULL,NULL,NULL,NULL,NULL,NULL,NULL,NULL,0,0,0,0,0,0),('249-4715789-9610258','LQ-IAIV-1HTJ',NULL,NULL,'admin',NULL,NULL,NULL,'09043234513','601-8474','‰∫¨ÈÉΩÂ∫ú--‰∫¨ÈÉΩÂ∏ÇÂçóÂå∫Âõõ„ÉÑÂ°öÁî∫32-2','Âêë „Åø„Å•„Åç',NULL,'JPY--7960.00','SAHASAHA „Çπ„Éº„ÉÑ„Ç±„Éº„Çπ „Ç≠„É£„É™„Éº„Ç±„Éº„Çπ „Ç≠„É£„É™„Éº„Éê„ÉÉ„Ç∞ Ê©üÂÜÖÊåÅ„Å°Ëæº„Åø„Çµ„Ç§„Ç∫„Åã„Çâ „Éï„Ç°„Çπ„Éä„Éº ÂÇ∑„ÅåÁõÆÁ´ã„Å°„Å´„Åè„ÅÑ TSA„É≠„ÉÉ„ÇØ „Éè„Éº„Éâ„Ç≠„É£„É™„Éº Êã°Âºµ „Ç∏„ÉÉ„Éë„Éº ÂÖ®„Çµ„Ç§„Ç∫ Êúâ„Çä („Ç∑„É£„É≥„Éë„É≥, M„Çµ„Ç§„Ç∫Ôºà5-7Ê≥ä/61ÔºàÊã°ÂºµÊôÇ72Ôºâ„É™„ÉÉ„Éà„É´Ôºâ)','1',NULL,NULL,NULL,NULL,NULL,1,'admin','2018-12-13 16:00:03',NULL,NULL,NULL,NULL,NULL,NULL,NULL,NULL,0,0,0,0,0,0),('249-4807412-8175065','QU-6T21-ZKAH',NULL,NULL,'admin',NULL,NULL,NULL,'','655-0861','ÂÖµÂ∫´Áúå--Á•ûÊà∏Â∏ÇÂûÇÊ∞¥Âå∫‰∏ãÁïëÁî∫‰∏ãÁïëÁî∫2053-2','Ëó§Êú¨',NULL,'JPY--998.00','SAHASAHA „Éû„Ç∞„Éç„ÉÉ„ÉàÂºèËªäËºâ„Çπ„Éû„Éõ/„Çø„Éñ„É¨„ÉÉ„Éà„Éõ„É´„ÉÄ„Éº 360Â∫¶ÂõûËª¢ Á≤òÁùÄÂºè („Ç∑„É´„Éê„Éº)','0',NULL,NULL,NULL,NULL,NULL,1,'admin','2019-01-13 20:00:05',NULL,NULL,NULL,NULL,NULL,NULL,NULL,NULL,0,0,0,0,0,0),('249-4840635-9775039','ED-0UIY-40IQ',NULL,NULL,'admin',NULL,NULL,NULL,'','359-0045','ÂüºÁéâÁúå--ÊâÄÊ≤¢Â∏ÇÁæéÂéüÁî∫','Â±±Áî∞ÊÅµÊùéÂ≠ê',NULL,'JPY--7847.00','SAHASAHA „Çπ„Éº„ÉÑ„Ç±„Éº„Çπ „Ç≠„É£„É™„Éº„Ç±„Éº„Çπ „Ç≠„É£„É™„Éº„Éê„ÉÉ„Ç∞ Ê©üÂÜÖÊåÅ„Å°Ëæº„Åø„Çµ„Ç§„Ç∫„Åã„Çâ „Éï„Ç°„Çπ„Éä„Éº ÂÇ∑„ÅåÁõÆÁ´ã„Å°„Å´„Åè„ÅÑ TSA','0',NULL,NULL,NULL,NULL,NULL,1,'admin','2019-02-02 20:00:02',NULL,NULL,NULL,NULL,NULL,NULL,NULL,NULL,0,0,0,0,0,0),('249-4952441-9127038','FH-WZ2Q-OYJP',NULL,NULL,'admin',NULL,NULL,NULL,NULL,NULL,NULL,NULL,NULL,'JPY--8260.00','SAHASAHA „Çπ„Éº„ÉÑ„Ç±„Éº„Çπ „Ç≠„É£„É™„Éº„Ç±„Éº„Çπ „Ç≠„É£„É™„Éº„Éê„ÉÉ„Ç∞ Ê©üÂÜÖÊåÅ„Å°Ëæº„Åø„Çµ„Ç§„Ç∫„Åã„Çâ „Éï„Ç°„Çπ„Éä„Éº ÂÇ∑„ÅåÁõÆÁ´ã„Å°„Å´„Åè„ÅÑ TSA„É≠„ÉÉ„ÇØ „Éè„Éº„Éâ„Ç≠„É£„É™„Éº „Ç∏„ÉÉ„Éë„Éº ÂÖ®„Çµ„Ç§„Ç∫ Êúâ„Çä („É≠„Éº„Ç∫„Ç¥„Éº„É´„Éâ,M„Çµ„Ç§„Ç∫Ôºà5-7Ê≥ä/Á¥Ñ66„É™„ÉÉ„Éà„É´Ôºâ)','0',NULL,NULL,NULL,NULL,NULL,1,'admin','2019-02-20 20:00:04',NULL,NULL,NULL,NULL,NULL,NULL,NULL,NULL,0,0,0,0,0,0),('249-5142073-8243823','WG-0DAJ-6HFY',NULL,NULL,'admin',NULL,NULL,NULL,'08031675489','179-0085','Êù±‰∫¨ÈÉΩ--Á∑¥È¶¨Âå∫Êó©ÂÆÆ‰∏Ä‰∏ÅÁõÆ','ÊûóÁî∞È∫ªË°£',NULL,'JPY--7960.00','SAHASAHA „Çπ„Éº„ÉÑ„Ç±„Éº„Çπ „Ç≠„É£„É™„Éº„Ç±„Éº„Çπ „Ç≠„É£„É™„Éº„Éê„ÉÉ„Ç∞ Ê©üÂÜÖÊåÅ„Å°Ëæº„Åø„Çµ„Ç§„Ç∫„Åã„Çâ „Éï„Ç°„Çπ„Éä„Éº ÂÇ∑„ÅåÁõÆÁ´ã„Å°„Å´„Åè„ÅÑ TSA„É≠„ÉÉ„ÇØ „Éè„Éº„Éâ„Ç≠„É£„É™„Éº Êã°Âºµ „Ç∏„ÉÉ„Éë„Éº ÂÖ®„Çµ„Ç§„Ç∫ Êúâ„Çä („Ç∑„É´„Éê„Éº, M„Çµ„Ç§„Ç∫Ôºà5-7Ê≥ä/61ÔºàÊã°ÂºµÊôÇ72Ôºâ„É™„ÉÉ„Éà„É´Ôºâ)','1',NULL,NULL,NULL,NULL,NULL,1,'admin','2018-12-16 20:00:02',NULL,NULL,NULL,NULL,NULL,NULL,NULL,NULL,0,0,0,0,0,0),('249-5311811-5314209','VK-7V5A-H543',NULL,NULL,'admin',NULL,NULL,NULL,'','241-0024','Á•ûÂ•àÂ∑ùÁúå--Ê®™ÊµúÂ∏ÇÊó≠Âå∫Êú¨ÊùëÁî∫','Ëã•ÊúàÊ≤ôÂΩ©',NULL,'JPY--6980.00','SAHASAHA „Çπ„Éº„ÉÑ„Ç±„Éº„Çπ „Ç≠„É£„É™„Éº„Ç±„Éº„Çπ „Ç≠„É£„É™„Éº„Éê„ÉÉ„Ç∞ Ê©üÂÜÖÊåÅ„Å°Ëæº„Åø„Çµ„Ç§„Ç∫„Åã„Çâ „Éï„Ç°„Çπ„Éä„Éº ÂÇ∑„ÅåÁõÆÁ´ã„Å°„Å´„Åè„ÅÑ TSA','0',NULL,NULL,NULL,NULL,NULL,1,'admin','2019-02-16 20:00:05',NULL,NULL,NULL,NULL,NULL,NULL,NULL,NULL,0,0,0,0,0,0),('249-5431604-7100667','QU-6T21-ZKAH',NULL,NULL,'admin',NULL,NULL,NULL,'','651-2112','ÂÖµÂ∫´Áúå--Á•ûÊà∏Â∏ÇË•øÂå∫Â§ßÊ¥•ÂíåÔºí‚ÄêÔºëÔºê‚ÄêÔºì','„É≠„Éº„ÇΩ„É≥Â§ßÊ¥•Âíå‰∫å‰∏ÅÁõÆ',NULL,'JPY--399.00','SAHASAHA „Éû„Ç∞„Éç„ÉÉ„ÉàÂºèËªäËºâ„Çπ„Éû„Éõ/„Çø„Éñ„É¨„ÉÉ„Éà„Éõ„É´„ÉÄ„Éº 360Â∫¶ÂõûËª¢ Á≤òÁùÄÂºè („Ç∑„É´„Éê„Éº)','0',NULL,NULL,NULL,NULL,NULL,1,'admin','2018-12-25 20:00:03',NULL,NULL,NULL,NULL,NULL,NULL,NULL,NULL,0,0,0,0,0,0),('249-5591453-5803800','0Y-K99Y-JMPZ',NULL,NULL,'admin',NULL,NULL,NULL,'','164-0012','Êù±‰∫¨ÈÉΩ--‰∏≠ÈáéÂå∫Êú¨Áî∫3-28-8','Â§™Áî∞ ÊúâÈ¶ô',NULL,'JPY--9960.00','SAHASAHA „Çπ„Éº„ÉÑ„Ç±„Éº„Çπ „Ç≠„É£„É™„Éº„Ç±„Éº„Çπ „Ç≠„É£„É™„Éº„Éê„ÉÉ„Ç∞ Ê©üÂÜÖÊåÅ„Å°Ëæº„Åø„Çµ„Ç§„Ç∫„Åã„Çâ „Éï„Ç°„Çπ„Éä„Éº ÂÇ∑„ÅåÁõÆÁ´ã„Å°„Å´„Åè„ÅÑ TSA','0',NULL,NULL,NULL,NULL,NULL,1,'admin','2019-02-08 20:00:05',NULL,NULL,NULL,NULL,NULL,NULL,NULL,NULL,0,0,0,0,0,0),('249-5599415-5117435','ED-0UIY-40IQ',NULL,NULL,'admin',NULL,NULL,NULL,'','959-3124','Êñ∞ÊΩüÁúå--Êùë‰∏äÂ∏ÇÈáëÂ±ã1520-2','ËøëËó§Êò≠‰∫∫',NULL,'JPY--8260.00','SAHASAHA „Çπ„Éº„ÉÑ„Ç±„Éº„Çπ „Ç≠„É£„É™„Éº„Ç±„Éº„Çπ „Ç≠„É£„É™„Éº„Éê„ÉÉ„Ç∞ Ê©üÂÜÖÊåÅ„Å°Ëæº„Åø„Çµ„Ç§„Ç∫„Åã„Çâ „Éï„Ç°„Çπ„Éä„Éº ÂÇ∑„ÅåÁõÆÁ´ã„Å°„Å´„Åè„ÅÑ TSA','0',NULL,NULL,NULL,NULL,NULL,1,'admin','2019-01-29 20:00:04',NULL,NULL,NULL,NULL,NULL,NULL,NULL,NULL,0,0,0,0,0,0),('249-5838711-8831024','QU-6T21-ZKAH',NULL,NULL,'admin',NULL,NULL,NULL,'','215-0036','Á•ûÂ•àÂ∑ùÁúå--Â∑ùÂ¥éÂ∏ÇÈ∫ªÁîüÂå∫„ÅØ„Çã„Å≤Èáé4-5-1 207Âè∑ÂÆ§','Á´πÂ±±„ÄÄÂçöÊ¥ã',NULL,'JPY--699.00','SAHASAHA „Éû„Ç∞„Éç„ÉÉ„ÉàÂºèËªäËºâ„Çπ„Éû„Éõ/„Çø„Éñ„É¨„ÉÉ„Éà„Éõ„É´„ÉÄ„Éº 360Â∫¶ÂõûËª¢ Á≤òÁùÄÂºè („Ç∑„É´„Éê„Éº)','0',NULL,NULL,NULL,NULL,NULL,1,'admin','2018-11-24 20:00:02',NULL,NULL,NULL,NULL,NULL,NULL,NULL,NULL,NULL,NULL,NULL,NULL,NULL,NULL),('249-5875291-2787064','FH-WZ2Q-OYJP',NULL,NULL,'admin',NULL,NULL,NULL,'0593831746','513-0809','‰∏âÈáçÁúå--Èà¥ÈπøÂ∏ÇË•øÊù°','Èà¥Êú® „Åæ„Åô„Åø',NULL,'JPY--8260.00','SAHASAHA „Çπ„Éº„ÉÑ„Ç±„Éº„Çπ „Ç≠„É£„É™„Éº„Ç±„Éº„Çπ „Ç≠„É£„É™„Éº„Éê„ÉÉ„Ç∞ Ê©üÂÜÖÊåÅ„Å°Ëæº„Åø„Çµ„Ç§„Ç∫„Åã„Çâ „Éï„Ç°„Çπ„Éä„Éº ÂÇ∑„ÅåÁõÆÁ´ã„Å°„Å´„Åè„ÅÑ TSA„É≠„ÉÉ„ÇØ „Éè„Éº„Éâ„Ç≠„É£„É™„Éº „Ç∏„ÉÉ„Éë„Éº ÂÖ®„Çµ„Ç§„Ç∫ Êúâ„Çä („É≠„Éº„Ç∫„Ç¥„Éº„É´„Éâ,M„Çµ„Ç§„Ç∫Ôºà5-7Ê≥ä/Á¥Ñ66„É™„ÉÉ„Éà„É´Ôºâ)','1',NULL,NULL,NULL,NULL,NULL,1,'admin','2019-02-26 20:00:09',NULL,NULL,NULL,NULL,NULL,NULL,NULL,NULL,0,0,0,0,0,0),('249-6046490-9091029','FH-WZ2Q-OYJP',NULL,NULL,'admin',NULL,NULL,NULL,'09028594541','861-2101','ÁÜäÊú¨Áúå--ÁÜäÊú¨Â∏ÇÊù±Âå∫Ê°úÊú®','Êæ§Áî∞Áê¥Áæé',NULL,'JPY--6960.00','SAHASAHA „Çπ„Éº„ÉÑ„Ç±„Éº„Çπ „Ç≠„É£„É™„Éº„Ç±„Éº„Çπ „Ç≠„É£„É™„Éº„Éê„ÉÉ„Ç∞ Ê©üÂÜÖÊåÅ„Å°Ëæº„Åø„Çµ„Ç§„Ç∫„Åã„Çâ „Éï„Ç°„Çπ„Éä„Éº ÂÇ∑„ÅåÁõÆÁ´ã„Å°„Å´„Åè„ÅÑ TSA„É≠„ÉÉ„ÇØ „Éè„Éº„Éâ„Ç≠„É£„É™„Éº Êã°Âºµ „Ç∏„ÉÉ„Éë„Éº ÂÖ®„Çµ„Ç§„Ç∫ Êúâ„Çä („É≠„Éº„Ç∫„Ç¥„Éº„É´„Éâ, M„Çµ„Ç§„Ç∫Ôºà5-7Ê≥ä/61ÔºàÊã°ÂºµÊôÇ72Ôºâ„É™„ÉÉ„Éà„É´Ôºâ)','1',NULL,NULL,NULL,NULL,NULL,1,'user01','2018-11-04 12:00:03',NULL,NULL,NULL,NULL,NULL,NULL,NULL,NULL,NULL,NULL,NULL,NULL,NULL,NULL),('249-6200334-0880667','SF-0LCQ-50C6',NULL,NULL,'admin',NULL,NULL,NULL,'','791-1104','ÊÑõÂ™õÁúå--ÊùæÂ±±Â∏ÇÂåóÂúüÂ±Ö3-2-13','Ëó§Êùë Á´πÁîü',NULL,'JPY--699.00','SAHASAHA „Éû„Ç∞„Éç„ÉÉ„ÉàÂºèËªäËºâ„Çπ„Éû„Éõ/„Çø„Éñ„É¨„ÉÉ„Éà„Éõ„É´„ÉÄ„Éº 360Â∫¶ÂõûËª¢ Á≤òÁùÄÂºè („Éñ„É©„ÉÉ„ÇØ)','0',NULL,NULL,NULL,NULL,NULL,1,'admin','2018-11-17 16:00:04',NULL,NULL,NULL,NULL,NULL,NULL,NULL,NULL,NULL,NULL,NULL,NULL,NULL,NULL),('249-6400463-5833461','O8-1VYB-PZQ4',NULL,NULL,'admin',NULL,NULL,NULL,NULL,NULL,NULL,NULL,NULL,'JPY--6960.00','SAHASAHA „Çπ„Éº„ÉÑ„Ç±„Éº„Çπ „Ç≠„É£„É™„Éº„Ç±„Éº„Çπ „Ç≠„É£„É™„Éº„Éê„ÉÉ„Ç∞ Ê©üÂÜÖÊåÅ„Å°Ëæº„Åø„Çµ„Ç§„Ç∫„Åã„Çâ „Éï„Ç°„Çπ„Éä„Éº ÂÇ∑„ÅåÁõÆÁ´ã„Å°„Å´„Åè„ÅÑ TSA','0',NULL,NULL,NULL,NULL,NULL,1,'admin','2019-01-05 20:00:44',NULL,NULL,NULL,NULL,NULL,NULL,NULL,NULL,0,0,0,0,0,0),('249-6513959-9523056','0Y-K99Y-JMPZ',NULL,NULL,'admin',NULL,NULL,NULL,'','215-0006','Á•ûÂ•àÂ∑ùÁúå--Â∑ùÂ¥éÂ∏ÇÈ∫ªÁîüÂå∫ÈáëÁ®ã','ÊúâÊùæÂàùÈü≥',NULL,'JPY--10460.00','SAHASAHA „Çπ„Éº„ÉÑ„Ç±„Éº„Çπ „Ç≠„É£„É™„Éº„Ç±„Éº„Çπ „Ç≠„É£„É™„Éº„Éê„ÉÉ„Ç∞ Ê©üÂÜÖÊåÅ„Å°Ëæº„Åø„Çµ„Ç§„Ç∫„Åã„Çâ „Éï„Ç°„Çπ„Éä„Éº ÂÇ∑„ÅåÁõÆÁ´ã„Å°„Å´„Åè„ÅÑ TSA','0',NULL,NULL,NULL,NULL,NULL,1,'admin','2019-02-03 20:00:03',NULL,NULL,NULL,NULL,NULL,NULL,NULL,NULL,0,0,0,0,0,0),('249-6600971-9159054','SN-43IS-TWEP',NULL,NULL,'admin',NULL,NULL,NULL,'09021903279','610-0121','‰∫¨ÈÉΩÂ∫ú--ÂüéÈôΩÂ∏ÇÂØ∫Áî∞Â∫≠‰∫ï145-34','Ë≥áÂª∂ Ëêå',NULL,'JPY--9960.00','SAHASAHA „Çπ„Éº„ÉÑ„Ç±„Éº„Çπ „Ç≠„É£„É™„Éº„Ç±„Éº„Çπ „Ç≠„É£„É™„Éº„Éê„ÉÉ„Ç∞ Ê©üÂÜÖÊåÅ„Å°Ëæº„Åø„Çµ„Ç§„Ç∫„Åã„Çâ „Éï„Ç°„Çπ„Éä„Éº ÂÇ∑„ÅåÁõÆÁ´ã„Å°„Å´„Åè„ÅÑ TSA„É≠„ÉÉ„ÇØ „Éè„Éº„Éâ„Ç≠„É£„É™„Éº „Ç∏„ÉÉ„Éë„Éº ÂÖ®„Çµ„Ç§„Ç∫ Êúâ„Çä („É≠„Éº„Ç∫„Ç¥„Éº„É´„Éâ, L„Çµ„Ç§„Ç∫Ôºà7Ê≥ä‰ª•‰∏ä/Á¥Ñ86 „É™„ÉÉ„Éà„É´Ôºâ)','1',NULL,NULL,NULL,NULL,NULL,1,'admin','2019-01-25 20:00:03',NULL,NULL,NULL,NULL,NULL,NULL,NULL,NULL,0,0,0,0,0,0),('249-6624671-3862226','HM-B5BT-1IWO',NULL,NULL,'admin',NULL,NULL,NULL,NULL,NULL,NULL,NULL,NULL,NULL,'SAHASAHA „Çπ„Éº„ÉÑ„Ç±„Éº„Çπ „Ç≠„É£„É™„Éº„Ç±„Éº„Çπ „Ç≠„É£„É™„Éº„Éê„ÉÉ„Ç∞ Ê©üÂÜÖÊåÅ„Å°Ëæº„Åø„Çµ„Ç§„Ç∫„Åã„Çâ „Éï„Ç°„Çπ„Éä„Éº ÂÇ∑„ÅåÁõÆÁ´ã„Å°„Å´„Åè„ÅÑ TSA„É≠„ÉÉ„ÇØ „Éè„Éº„Éâ„Ç≠„É£„É™„Éº „Ç∏„ÉÉ„Éë„Éº ÂÖ®„Çµ„Ç§„Ç∫ Êúâ„Çä („É≠„Éº„Ç∫„Ç¥„Éº„É´„Éâ, Ôº≥„Çµ„Ç§„Ç∫Ôºà3-5Ê≥ä/Á¥Ñ51„É™„ÉÉ„Éà„É´Ôºâ)','0',NULL,NULL,NULL,NULL,NULL,1,'admin','2019-03-02 20:00:03',NULL,NULL,NULL,NULL,NULL,NULL,NULL,NULL,0,0,0,0,0,0),('249-6665177-9223030','UW-NJCD-KF9N',NULL,NULL,'admin',NULL,NULL,NULL,NULL,NULL,NULL,NULL,NULL,NULL,'SAHASAHA „Çπ„Éº„ÉÑ„Ç±„Éº„Çπ „Ç≠„É£„É™„Éº„Ç±„Éº„Çπ „Ç≠„É£„É™„Éº„Éê„ÉÉ„Ç∞ Ê©üÂÜÖÊåÅ„Å°Ëæº„Åø„Çµ„Ç§„Ç∫„Åã„Çâ „Éï„Ç°„Çπ„Éä„Éº ÂÇ∑„ÅåÁõÆÁ´ã„Å°„Å´„Åè„ÅÑ TSA„É≠„ÉÉ„ÇØ „Éè„Éº„Éâ„Ç≠„É£„É™„Éº „Ç∏„ÉÉ„Éë„Éº ÂÖ®„Çµ„Ç§„Ç∫ Êúâ„Çä („É≠„Éº„Ç∫„Ç¥„Éº„É´„Éâ, Ôº≥„Çµ„Ç§„Ç∫Ôºà3-5Ê≥ä/Á¥Ñ51„É™„ÉÉ„Éà„É´Ôºâ)','1',NULL,NULL,NULL,NULL,NULL,1,'admin','2019-01-28 20:00:03',NULL,NULL,NULL,NULL,NULL,NULL,NULL,NULL,0,0,0,0,0,0),('249-6712232-5543806','ED-0UIY-40IQ',NULL,NULL,'admin',NULL,NULL,NULL,'','277-0872','ÂçÉËëâÁúå--ÊüèÂ∏ÇÂçÅ‰Ωô‰∫å276-389','Â±±Âè£Âçì‰πü',NULL,'JPY--8260.00','SAHASAHA „Çπ„Éº„ÉÑ„Ç±„Éº„Çπ „Ç≠„É£„É™„Éº„Ç±„Éº„Çπ „Ç≠„É£„É™„Éº„Éê„ÉÉ„Ç∞ Ê©üÂÜÖÊåÅ„Å°Ëæº„Åø„Çµ„Ç§„Ç∫„Åã„Çâ „Éï„Ç°„Çπ„Éä„Éº ÂÇ∑„ÅåÁõÆÁ´ã„Å°„Å´„Åè„ÅÑ TSA','0',NULL,NULL,NULL,NULL,NULL,1,'admin','2019-01-31 20:00:03',NULL,NULL,NULL,NULL,NULL,NULL,NULL,NULL,0,0,0,0,0,0),('249-6849258-2339843','QU-6T21-ZKAH',NULL,NULL,'admin',NULL,NULL,NULL,'','408-0115','Â±±Ê¢®Áúå--ÂåóÊùúÂ∏ÇÈ†àÁéâÁî∫Â§ßË±ÜÁîüÁî∞588','ËºøÁü≥ÂÖâÂΩ¶',NULL,'JPY--399.00','SAHASAHA „Éû„Ç∞„Éç„ÉÉ„ÉàÂºèËªäËºâ„Çπ„Éû„Éõ/„Çø„Éñ„É¨„ÉÉ„Éà„Éõ„É´„ÉÄ„Éº 360Â∫¶ÂõûËª¢ Á≤òÁùÄÂºè („Ç∑„É´„Éê„Éº)','0',NULL,NULL,NULL,NULL,NULL,1,'admin','2019-01-03 20:00:02',NULL,NULL,NULL,NULL,NULL,NULL,NULL,NULL,0,0,0,0,0,0),('249-6868883-2215819','VK-7V5A-H543',NULL,NULL,'admin',NULL,NULL,NULL,'','390-0306','Èï∑ÈáéÁúå--ÊùæÊú¨Â∏ÇÂçóÊµÖÈñì612-8','Ëµ§ÁæΩËéâÂ•à',NULL,'JPY--7131.00','SAHASAHA „Çπ„Éº„ÉÑ„Ç±„Éº„Çπ „Ç≠„É£„É™„Éº„Ç±„Éº„Çπ „Ç≠„É£„É™„Éº„Éê„ÉÉ„Ç∞ Ê©üÂÜÖÊåÅ„Å°Ëæº„Åø„Çµ„Ç§„Ç∫„Åã„Çâ „Éï„Ç°„Çπ„Éä„Éº ÂÇ∑„ÅåÁõÆÁ´ã„Å°„Å´„Åè„ÅÑ TSA','0',NULL,NULL,NULL,NULL,NULL,1,'admin','2019-02-04 20:00:02',NULL,NULL,NULL,NULL,NULL,NULL,NULL,NULL,0,0,0,0,0,0),('249-6967004-5914207','QU-6T21-ZKAH',NULL,NULL,'admin',NULL,NULL,NULL,'','166-0003','Êù±‰∫¨ÈÉΩ--Êùâ‰∏¶Âå∫È´òÂÜÜÂØ∫Âçó4„Éº13„Éº5„Éº502','Â§ßÁü¢Ê≥∞Êñó',NULL,'JPY--499.00','SAHASAHA „Éû„Ç∞„Éç„ÉÉ„ÉàÂºèËªäËºâ„Çπ„Éû„Éõ/„Çø„Éñ„É¨„ÉÉ„Éà„Éõ„É´„ÉÄ„Éº 360Â∫¶ÂõûËª¢ Á≤òÁùÄÂºè („Ç∑„É´„Éê„Éº)','0',NULL,NULL,NULL,NULL,NULL,1,'admin','2019-01-11 20:00:03',NULL,NULL,NULL,NULL,NULL,NULL,NULL,NULL,0,0,0,0,0,0),('249-7010486-1911822','M0-CFTC-91ME',NULL,NULL,'admin',NULL,NULL,NULL,'0774931814','619-0245','‰∫¨ÈÉΩÂ∫ú--Áõ∏Ê•ΩÈÉ°Á≤æËèØÁî∫‰∏ãÁãõÊµÑÊ•Ω52-3','Â§™Áî∞„ÄÄËä≥ÁßÄ',NULL,'JPY--20780.00','SAHASAHA „Ç≤„Éº„Éü„É≥„Ç∞„ÉÅ„Çß„Ç¢ „Ç™„Éï„Ç£„Çπ„ÉÅ„Çß„Ç¢ Â§öÊ©üËÉΩ „Ç≤„Éº„É†Áî®„ÉÅ„Çß„Ç¢ „É™„ÇØ„É©„Ç§„Éã„É≥„Ç∞ „Éë„ÇΩ„Ç≥„É≥„ÉÅ„Çß„Ç¢ „Éè„Ç§„Éê„ÉÉ„ÇØ „Éò„ÉÉ„Éâ„É¨„Çπ„Éà ËÖ∞ÁóõÂØæÁ≠ñ „É©„É≥„Éê„Éº„Çµ„Éù„Éº„Éà „Å≤„ÅòÊéõ„Åë‰ªò„Åç „É¨„Ç∂„Éº („Éõ„ÉØ„Ç§„Éà)','1',NULL,NULL,NULL,NULL,NULL,1,'admin','2019-01-05 20:00:54',NULL,NULL,NULL,NULL,NULL,NULL,NULL,NULL,0,0,0,0,0,0),('249-7027205-2275069','93-KCRN-BNNG',NULL,NULL,'admin',NULL,NULL,NULL,'08033923541','186-0004','Êù±‰∫¨ÈÉΩ--ÂõΩÁ´ãÂ∏Ç‰∏≠','ËèäÂú∞ ÂÆè',NULL,'JPY--11511.00','SAHASAHA „Çπ„Éº„ÉÑ„Ç±„Éº„Çπ „Ç≠„É£„É™„Éº„Ç±„Éº„Çπ „Ç≠„É£„É™„Éº„Éê„ÉÉ„Ç∞ Ê©üÂÜÖÊåÅ„Å°Ëæº„Åø„Çµ„Ç§„Ç∫„Åã„Çâ „Éï„Ç°„Çπ„Éä„Éº ÂÇ∑„ÅåÁõÆÁ´ã„Å°„Å´„Åè„ÅÑ TSA„É≠„ÉÉ„ÇØ „Éè„Éº„Éâ„Ç≠„É£„É™„Éº „Ç∏„ÉÉ„Éë„Éº ÂÖ®„Çµ„Ç§„Ç∫ Êúâ„Çä („É≠„Éº„Ç∫„Ç¥„Éº„É´„Éâ „Ç¢„É´„Éü„Éï„É¨„Éº„É† ÂÖâÊ≤¢, L„Çµ„Ç§„Ç∫Ôºà7Ê≥ä‰ª•‰∏ä/Á¥Ñ86 „É™„ÉÉ„Éà„É´Ôºâ)','1',NULL,NULL,NULL,NULL,NULL,1,'admin','2019-01-23 20:00:05',NULL,NULL,NULL,NULL,NULL,NULL,NULL,NULL,0,0,0,0,0,0),('249-7057096-3783861','FH-WZ2Q-OYJP',NULL,NULL,'admin',NULL,NULL,NULL,NULL,NULL,NULL,NULL,NULL,NULL,'SAHASAHA „Çπ„Éº„ÉÑ„Ç±„Éº„Çπ „Ç≠„É£„É™„Éº„Ç±„Éº„Çπ „Ç≠„É£„É™„Éº„Éê„ÉÉ„Ç∞ Ê©üÂÜÖÊåÅ„Å°Ëæº„Åø„Çµ„Ç§„Ç∫„Åã„Çâ „Éï„Ç°„Çπ„Éä„Éº ÂÇ∑„ÅåÁõÆÁ´ã„Å°„Å´„Åè„ÅÑ TSA„É≠„ÉÉ„ÇØ „Éè„Éº„Éâ„Ç≠„É£„É™„Éº „Ç∏„ÉÉ„Éë„Éº ÂÖ®„Çµ„Ç§„Ç∫ Êúâ„Çä („É≠„Éº„Ç∫„Ç¥„Éº„É´„Éâ,M„Çµ„Ç§„Ç∫Ôºà5-7Ê≥ä/Á¥Ñ66„É™„ÉÉ„Éà„É´Ôºâ)','0',NULL,NULL,NULL,NULL,NULL,1,'admin','2019-02-26 20:00:10',NULL,NULL,NULL,NULL,NULL,NULL,NULL,NULL,0,0,0,0,0,0),('249-7150820-3438210','QU-6T21-ZKAH',NULL,NULL,'admin',NULL,NULL,NULL,'','503-2418','Â≤êÈòúÁúå--ÊèñÊñêÈÉ°Ê±†Áî∞Áî∫ËçâÊ∑±','È´òÊ©ãÁµåÊô¥',NULL,'JPY--499.00','SAHASAHA „Éû„Ç∞„Éç„ÉÉ„ÉàÂºèËªäËºâ„Çπ„Éû„Éõ/„Çø„Éñ„É¨„ÉÉ„Éà„Éõ„É´„ÉÄ„Éº 360Â∫¶ÂõûËª¢ Á≤òÁùÄÂºè („Ç∑„É´„Éê„Éº)','0',NULL,NULL,NULL,NULL,NULL,1,'admin','2019-01-10 20:00:05',NULL,NULL,NULL,NULL,NULL,NULL,NULL,NULL,0,0,0,0,0,0),('249-7335281-1650212','Dustbin-white',NULL,NULL,'admin',NULL,NULL,NULL,NULL,NULL,NULL,NULL,NULL,NULL,'SAHASAH Ëµ§Â§ñÁ∑ö„Çª„É≥„Çµ„ÉºÂºèÂÖ®Ëá™ÂãïÈñãÈñâÂºè„Çπ„ÉÜ„É≥„É¨„Çπ„Åî„ÅøÁÆ±„ÄÄËøë„Å•„Åè„Å†„Åë„ÅßËá™ÂÉçÁöÑ„Å´Èñã„Åë„Çã„ÄÄÊ∏ÖÊΩî„ÄÄ„Ç§„É≥„ÉÜ„É™„Ç¢„ÄÄÂÆπÈáè7Ôº¨ („Éõ„ÉØ„Ç§„Éà)','2',NULL,NULL,NULL,NULL,NULL,1,'admin','2019-01-12 20:00:03',NULL,NULL,NULL,NULL,NULL,NULL,NULL,NULL,0,0,0,0,0,0),('249-7434410-2220609','SF-0LCQ-50C6',NULL,NULL,'admin',NULL,NULL,NULL,'','263-0041','ÂçÉËëâÁúå--ÂçÉËëâÂ∏ÇÁ®≤ÊØõÂå∫ÈªíÁ†ÇÂè∞','ÁÜ±Áî∞ ‰Ωë‰ªã',NULL,'JPY--699.00','SAHASAHA „Éû„Ç∞„Éç„ÉÉ„ÉàÂºèËªäËºâ„Çπ„Éû„Éõ/„Çø„Éñ„É¨„ÉÉ„Éà„Éõ„É´„ÉÄ„Éº 360Â∫¶ÂõûËª¢ Á≤òÁùÄÂºè („Éñ„É©„ÉÉ„ÇØ)','3',NULL,NULL,NULL,NULL,NULL,1,'user01','2018-11-04 12:00:02',NULL,NULL,NULL,NULL,NULL,NULL,NULL,NULL,NULL,NULL,NULL,NULL,NULL,NULL),('249-7576051-6035842','Tent-05',NULL,NULL,'admin',NULL,NULL,NULL,'09040186199','136-0073','Êù±‰∫¨ÈÉΩ--Ê±üÊù±Âå∫ÂåóÁ†Ç3-2-2','ÊòüÂçì‰πü',NULL,'JPY--4980.00','SAHASAHA „ÉØ„É≥„Çø„ÉÉ„ÉÅ„ÉÜ„É≥„Éà 2‰ª£ 3ÔΩû4‰∫∫Áî® Êí•Ê∞¥Âä†Â∑• Èò≤Ê∞¥ ÈÄöÊ∞óÊÄß Ë®≠Âñ∂Á∞°Âçò 2Ëâ≤ÈÅ∏ÊäûÂèØËÉΩ ÁôªÂ±± Êäò„Çä„Åü„Åü„Åø 210 * 200 * 135C','1',NULL,NULL,NULL,NULL,NULL,1,'admin','2018-11-18 18:00:03',NULL,NULL,NULL,NULL,NULL,NULL,NULL,NULL,NULL,NULL,NULL,NULL,NULL,NULL),('249-7687650-5203049','QU-6T21-ZKAH',NULL,NULL,'admin',NULL,NULL,NULL,'','404-0051','Â±±Ê¢®Áúå--Áî≤Â∑ûÂ∏ÇÂ°©Â±±Á´πÊ£Æ1139-2','Áî∞ÈÇâ‰∏ÄËºù',NULL,'JPY--399.00','SAHASAHA „Éû„Ç∞„Éç„ÉÉ„ÉàÂºèËªäËºâ„Çπ„Éû„Éõ/„Çø„Éñ„É¨„ÉÉ„Éà„Éõ„É´„ÉÄ„Éº 360Â∫¶ÂõûËª¢ Á≤òÁùÄÂºè („Ç∑„É´„Éê„Éº)','0',NULL,NULL,NULL,NULL,NULL,1,'admin','2019-01-04 20:00:03',NULL,NULL,NULL,NULL,NULL,NULL,NULL,NULL,0,0,0,0,0,0),('249-7754209-1817460','UN-CC16-9Q87',NULL,NULL,'admin',NULL,NULL,NULL,NULL,NULL,NULL,NULL,NULL,NULL,'SAHASAHA „Çπ„Éº„ÉÑ„Ç±„Éº„Çπ „Ç≠„É£„É™„Éº„Ç±„Éº„Çπ „Ç≠„É£„É™„Éº„Éê„ÉÉ„Ç∞ Ê©üÂÜÖÊåÅ„Å°Ëæº„Åø„Çµ„Ç§„Ç∫„Åã„Çâ „Éï„Ç°„Çπ„Éä„Éº ÂÇ∑„ÅåÁõÆÁ´ã„Å°„Å´„Åè„ÅÑ TSA„É≠„ÉÉ„ÇØ „Éè„Éº„Éâ„Ç≠„É£„É™„Éº „Ç∏„ÉÉ„Éë„Éº ÂÖ®„Çµ„Ç§„Ç∫ Êúâ„Çä („Ç∑„É´„Éê„Éº, Ê©üÂÜÖÊåÅËæº„Çµ„Ç§„Ç∫(1-3Ê≥ä/Á¥Ñ41„É™„ÉÉ„Éà„É´Ôºâ)','0',NULL,NULL,NULL,NULL,NULL,1,'admin','2019-01-13 20:00:06',NULL,NULL,NULL,NULL,NULL,NULL,NULL,NULL,0,0,0,0,0,0),('249-7883096-8445461','QU-6T21-ZKAH',NULL,NULL,'admin',NULL,NULL,NULL,'','833-0002','Á¶èÂ≤°Áúå--Á≠ëÂæåÂ∏ÇÂâçÊ¥•860-2„Éè„Ç§„Éá„É≥„Çπ„Ç∞„É™„Éº„É≥5  508Âè∑','Áî∞Â∑ù',NULL,'JPY--399.00','SAHASAHA „Éû„Ç∞„Éç„ÉÉ„ÉàÂºèËªäËºâ„Çπ„Éû„Éõ/„Çø„Éñ„É¨„ÉÉ„Éà„Éõ„É´„ÉÄ„Éº 360Â∫¶ÂõûËª¢ Á≤òÁùÄÂºè („Ç∑„É´„Éê„Éº)','0',NULL,NULL,NULL,NULL,NULL,1,'admin','2019-01-01 20:00:06',NULL,NULL,NULL,NULL,NULL,NULL,NULL,NULL,0,0,0,0,0,0),('249-7885082-6647052','QU-6T21-ZKAH',NULL,NULL,'admin',NULL,NULL,NULL,'','503-0973','Â≤êÈòúÁúå--Â§ßÂû£Â∏ÇÊú®Êà∏Áî∫','„É≠„Ç∑„Éß „Ç¢„É≥„Éá„É´„ÇΩ„É≥',NULL,'JPY--798.00','SAHASAHA „Éû„Ç∞„Éç„ÉÉ„ÉàÂºèËªäËºâ„Çπ„Éû„Éõ/„Çø„Éñ„É¨„ÉÉ„Éà„Éõ„É´„ÉÄ„Éº 360Â∫¶ÂõûËª¢ Á≤òÁùÄÂºè („Ç∑„É´„Éê„Éº)','0',NULL,NULL,NULL,NULL,NULL,1,'admin','2018-12-30 20:00:02',NULL,NULL,NULL,NULL,NULL,NULL,NULL,NULL,0,0,0,0,0,0),('249-7901925-3039006','SN-43IS-TWEP',NULL,NULL,'admin',NULL,NULL,NULL,NULL,NULL,NULL,NULL,NULL,NULL,'SAHASAHA „Çπ„Éº„ÉÑ„Ç±„Éº„Çπ „Ç≠„É£„É™„Éº„Ç±„Éº„Çπ „Ç≠„É£„É™„Éº„Éê„ÉÉ„Ç∞ Ê©üÂÜÖÊåÅ„Å°Ëæº„Åø„Çµ„Ç§„Ç∫„Åã„Çâ „Éï„Ç°„Çπ„Éä„Éº ÂÇ∑„ÅåÁõÆÁ´ã„Å°„Å´„Åè„ÅÑ TSA„É≠„ÉÉ„ÇØ „Éè„Éº„Éâ„Ç≠„É£„É™„Éº „Ç∏„ÉÉ„Éë„Éº ÂÖ®„Çµ„Ç§„Ç∫ Êúâ„Çä („É≠„Éº„Ç∫„Ç¥„Éº„É´„Éâ, L„Çµ„Ç§„Ç∫Ôºà7Ê≥ä‰ª•‰∏ä/Á¥Ñ86 „É™„ÉÉ„Éà„É´Ôºâ)','0',NULL,NULL,NULL,NULL,NULL,1,'admin','2019-01-22 20:00:03',NULL,NULL,NULL,NULL,NULL,NULL,NULL,NULL,0,0,0,0,0,0),('249-7924765-1469443','YM-RFHA-8TVU',NULL,NULL,'admin',NULL,NULL,NULL,'0267826765','384-0414','Èï∑ÈáéÁúå--‰Ωê‰πÖÂ∏Ç‰∏ãË∂äÔºëÔºçÔºíÔºó','‰∫ïÂá∫Â•àÁ∑íÁæé',NULL,'JPY--999.00','SAHASAHA ÁùÄ‰ªò„Åë ÁùÄÁâ© „ÇØ„É™„ÉÉ„Éó Ë°øÊ≠¢„ÇÅ„ÇØ„É™„ÉÉ„Éó ÂíåË£Ö„ÇØ„É™„ÉÉ„Éó Ëä± 6ÂÄã„Çª„ÉÉ„Éà','1',NULL,NULL,NULL,NULL,NULL,1,'admin','2019-02-22 20:00:04',NULL,NULL,NULL,NULL,NULL,NULL,NULL,NULL,0,0,0,0,0,0),('249-7926947-0515803','SF-0LCQ-50C6',NULL,NULL,'admin',NULL,NULL,NULL,'','212-0054','Á•ûÂ•àÂ∑ùÁúå--Â∑ùÂ¥éÂ∏ÇÂπ∏Âå∫Â∞èÂÄâ4-19-44','Âæ°ÂÆø„ÄÄÊîøÂè∏',NULL,'JPY--699.00','SAHASAHA „Éû„Ç∞„Éç„ÉÉ„ÉàÂºèËªäËºâ„Çπ„Éû„Éõ/„Çø„Éñ„É¨„ÉÉ„Éà„Éõ„É´„ÉÄ„Éº 360Â∫¶ÂõûËª¢ Á≤òÁùÄÂºè („Éñ„É©„ÉÉ„ÇØ)','0',NULL,NULL,NULL,NULL,NULL,1,'admin','2018-11-18 18:00:02',NULL,NULL,NULL,NULL,NULL,NULL,NULL,NULL,NULL,NULL,NULL,NULL,NULL,NULL),('249-8027194-9987006','VK-7V5A-H543',NULL,NULL,'admin',NULL,NULL,NULL,'','101-0054','Êù±‰∫¨ÈÉΩ--ÂçÉ‰ª£Áî∞Âå∫Á•ûÁî∞Èå¶Áî∫','‰ºäËó§ÊñáÈ¶®',NULL,'JPY--6980.00','SAHASAHA „Çπ„Éº„ÉÑ„Ç±„Éº„Çπ „Ç≠„É£„É™„Éº„Ç±„Éº„Çπ „Ç≠„É£„É™„Éº„Éê„ÉÉ„Ç∞ Ê©üÂÜÖÊåÅ„Å°Ëæº„Åø„Çµ„Ç§„Ç∫„Åã„Çâ „Éï„Ç°„Çπ„Éä„Éº ÂÇ∑„ÅåÁõÆÁ´ã„Å°„Å´„Åè„ÅÑ TSA','0',NULL,NULL,NULL,NULL,NULL,1,'admin','2019-02-23 20:00:04',NULL,NULL,NULL,NULL,NULL,NULL,NULL,NULL,0,0,0,0,0,0),('249-8471342-9159010','ED-0UIY-40IQ',NULL,NULL,'admin',NULL,NULL,NULL,'','569-1114','Â§ßÈò™Â∫ú--È´òÊßªÂ∏Ç','‰∏äÂéü Áú∏',NULL,'JPY--8260.00','SAHASAHA „Çπ„Éº„ÉÑ„Ç±„Éº„Çπ „Ç≠„É£„É™„Éº„Ç±„Éº„Çπ „Ç≠„É£„É™„Éº„Éê„ÉÉ„Ç∞ Ê©üÂÜÖÊåÅ„Å°Ëæº„Åø„Çµ„Ç§„Ç∫„Åã„Çâ „Éï„Ç°„Çπ„Éä„Éº ÂÇ∑„ÅåÁõÆÁ´ã„Å°„Å´„Åè„ÅÑ TSA','0',NULL,NULL,NULL,NULL,NULL,1,'admin','2019-01-30 20:00:03',NULL,NULL,NULL,NULL,NULL,NULL,NULL,NULL,0,0,0,0,0,0),('249-8511971-1090221','FH-WZ2Q-OYJP',NULL,NULL,'admin',NULL,NULL,NULL,'08095067972','371-0857','Áæ§È¶¨Áúå--ÂâçÊ©ãÂ∏Ç1-22-46','Â∞èÈáéÊ≤ôÁµµÈáå',NULL,'JPY--7960.00','SAHASAHA „Çπ„Éº„ÉÑ„Ç±„Éº„Çπ „Ç≠„É£„É™„Éº„Ç±„Éº„Çπ „Ç≠„É£„É™„Éº„Éê„ÉÉ„Ç∞ Ê©üÂÜÖÊåÅ„Å°Ëæº„Åø„Çµ„Ç§„Ç∫„Åã„Çâ „Éï„Ç°„Çπ„Éä„Éº ÂÇ∑„ÅåÁõÆÁ´ã„Å°„Å´„Åè„ÅÑ TSA„É≠„ÉÉ„ÇØ „Éè„Éº„Éâ„Ç≠„É£„É™„Éº Êã°Âºµ „Ç∏„ÉÉ„Éë„Éº ÂÖ®„Çµ„Ç§„Ç∫ Êúâ„Çä („É≠„Éº„Ç∫„Ç¥„Éº„É´„Éâ, M„Çµ„Ç§„Ç∫Ôºà5-7Ê≥ä/61ÔºàÊã°ÂºµÊôÇ72Ôºâ„É™„ÉÉ„Éà„É´Ôºâ)','1',NULL,NULL,NULL,NULL,NULL,1,'admin','2018-11-24 20:00:02',NULL,NULL,NULL,NULL,NULL,NULL,NULL,NULL,NULL,NULL,NULL,NULL,NULL,NULL),('249-8648661-3801424','ED-0UIY-40IQ',NULL,NULL,'admin',NULL,NULL,NULL,NULL,NULL,NULL,NULL,NULL,NULL,'SAHASAHA „Çπ„Éº„ÉÑ„Ç±„Éº„Çπ „Ç≠„É£„É™„Éº„Ç±„Éº„Çπ „Ç≠„É£„É™„Éº„Éê„ÉÉ„Ç∞ Ê©üÂÜÖÊåÅ„Å°Ëæº„Åø„Çµ„Ç§„Ç∫„Åã„Çâ „Éï„Ç°„Çπ„Éä„Éº ÂÇ∑„ÅåÁõÆÁ´ã„Å°„Å´„Åè„ÅÑ TSA„É≠„ÉÉ„ÇØ „Éè„Éº„Éâ„Ç≠„É£„É™„Éº „Ç∏„ÉÉ„Éë„Éº ÂÖ®„Çµ„Ç§„Ç∫ Êúâ„Çä („É≠„Éº„Ç∫„Ç¥„Éº„É´„Éâ,M„Çµ„Ç§„Ç∫Ôºà5-7Ê≥ä/Á¥Ñ66„É™„ÉÉ„Éà„É´Ôºâ)','1',NULL,NULL,NULL,NULL,NULL,1,'admin','2019-02-01 20:00:03',NULL,NULL,NULL,NULL,NULL,NULL,NULL,NULL,0,0,0,0,0,0),('249-8691174-6962229','QB-1TG8-0OMK',NULL,NULL,'admin',NULL,NULL,NULL,NULL,NULL,NULL,NULL,NULL,NULL,'SAHASAHA „Çπ„Éº„ÉÑ„Ç±„Éº„Çπ „Ç≠„É£„É™„Éº„Ç±„Éº„Çπ „Ç≠„É£„É™„Éº„Éê„ÉÉ„Ç∞ Ê©üÂÜÖÊåÅ„Å°Ëæº„Åø„Çµ„Ç§„Ç∫„Åã„Çâ „Éï„Ç°„Çπ„Éä„Éº ÂÇ∑„ÅåÁõÆÁ´ã„Å°„Å´„Åè„ÅÑ TSA„É≠„ÉÉ„ÇØ „Éè„Éº„Éâ„Ç≠„É£„É™„Éº „Ç∏„ÉÉ„Éë„Éº ÂÖ®„Çµ„Ç§„Ç∫ Êúâ„Çä („Ç∑„É´„Éê„Éº, L„Çµ„Ç§„Ç∫Ôºà7Ê≥ä‰ª•‰∏ä/Á¥Ñ86 „É™„ÉÉ„Éà„É´Ôºâ)','1',NULL,NULL,NULL,NULL,NULL,1,'admin','2019-01-24 20:00:03',NULL,NULL,NULL,NULL,NULL,NULL,NULL,NULL,0,0,0,0,0,0),('249-8931422-9836661','UW-NJCD-KF9N',NULL,NULL,'admin',NULL,NULL,NULL,'','107-0052','Êù±‰∫¨ÈÉΩ--Ê∏ØÂå∫Ëµ§ÂùÇÔºô‚àíÔºó‚àíÔºó‚àíÔºíÔºêÔºì','ÈáéÁî∞„ÄÄ„Çã„Çä',NULL,'JPY--7660.00','SAHASAHA „Çπ„Éº„ÉÑ„Ç±„Éº„Çπ „Ç≠„É£„É™„Éº„Ç±„Éº„Çπ „Ç≠„É£„É™„Éº„Éê„ÉÉ„Ç∞ Ê©üÂÜÖÊåÅ„Å°Ëæº„Åø„Çµ„Ç§„Ç∫„Åã„Çâ „Éï„Ç°„Çπ„Éä„Éº ÂÇ∑„ÅåÁõÆÁ´ã„Å°„Å´„Åè„ÅÑ TSA','0',NULL,NULL,NULL,NULL,NULL,1,'admin','2019-02-07 20:00:03',NULL,NULL,NULL,NULL,NULL,NULL,NULL,NULL,0,0,0,0,0,0),('249-9037899-7380612','WG-0DAJ-6HFY',NULL,NULL,'admin',NULL,NULL,NULL,'08079891647','511-1135','‰∏âÈáçÁúå--Ê°ëÂêçÂ∏ÇÈï∑Â≥∂Áî∫Êµ¶ÂÆâ14Áï™Âú∞1','Ê±üË∂äÁúüÂÆüÂ≠ê',NULL,'JPY--7960.00','SAHASAHA „Çπ„Éº„ÉÑ„Ç±„Éº„Çπ „Ç≠„É£„É™„Éº„Ç±„Éº„Çπ „Ç≠„É£„É™„Éº„Éê„ÉÉ„Ç∞ Ê©üÂÜÖÊåÅ„Å°Ëæº„Åø„Çµ„Ç§„Ç∫„Åã„Çâ „Éï„Ç°„Çπ„Éä„Éº ÂÇ∑„ÅåÁõÆÁ´ã„Å°„Å´„Åè„ÅÑ TSA„É≠„ÉÉ„ÇØ „Éè„Éº„Éâ„Ç≠„É£„É™„Éº „Ç∏„ÉÉ„Éë„Éº ÂÖ®„Çµ„Ç§„Ç∫ Êúâ„Çä („Ç∑„É´„Éê„Éº, M„Çµ„Ç§„Ç∫Ôºà5-7Ê≥ä/Á¥Ñ66„É™„ÉÉ„Éà„É´Ôºâ)','1',NULL,NULL,NULL,NULL,NULL,1,'admin','2019-01-05 20:00:57',NULL,NULL,NULL,NULL,NULL,NULL,NULL,NULL,0,0,0,0,0,0),('249-9045071-4344623','5W-P3L6-0PBG',NULL,NULL,'admin',NULL,NULL,NULL,'','839-0863','Á¶èÂ≤°Áúå--‰πÖÁïôÁ±≥Â∏ÇÂõΩÂàÜÁî∫','ËõØÂéüÂ§èÁîü',NULL,'JPY--15840.00','SAHASAHA „ÉÜ„É≥„Éà ‰∏Ä‰∫∫Áî® „Ç≥„É≥„Éë„ÇØ„Éà Ëø∑ÂΩ©ÊüÑ „Ç≠„É£„É≥„Éó„ÉÜ„É≥„Éà „ÇΩ„É≠„ÉÜ„É≥„Éà Â∞èÂûã„ÉÜ„É≥„Éà„ÄÄÈò≤ÁÅΩ„ÄÄÁ∑äÊÄ•„ÄÄ „Ç≠„É£„É≥„ÉóÁî®ÂìÅ ÔøΩ','4',NULL,NULL,NULL,NULL,NULL,1,'user01','2018-11-04 12:00:03',NULL,NULL,NULL,NULL,NULL,NULL,NULL,NULL,NULL,NULL,NULL,NULL,NULL,NULL),('249-9134286-5741461','A4-TWLW-BYFK',NULL,NULL,'admin',NULL,NULL,NULL,NULL,NULL,NULL,NULL,NULL,NULL,'SAHASAHA „ÉØ„É≥„Çø„ÉÉ„ÉÅ„ÉÜ„É≥„Éà „ÉÜ„É≥„Éà 3ÔΩû5‰∫∫Áî® „ÉØ„É≥„Çø„ÉÉ„ÉÅ 3WAY „ÉÜ„É≥„Éà Ë®≠Âñ∂Á∞°Âçò Èò≤ÁÅΩÁî® „Ç≠„É£„É≥„ÉóÁî®ÂìÅ Êí•Ê∞¥Âä†Â∑• Á¥´Â§ñÁ∑öÈò≤Ê≠¢ ÁôªÂ±± Êäò„Çä„Åü„Åü„Åø Èò≤Ê∞¥ ÈÄöÊ∞óÊÄß „Ç¢„Ç¶„Éà„Éâ„Ç¢ „Éñ„É´„Éº 240 * 210 * 135cm','1',NULL,NULL,NULL,NULL,NULL,1,'admin','2018-12-08 12:00:05',NULL,NULL,NULL,NULL,NULL,NULL,NULL,NULL,0,0,0,0,0,0),('249-9313956-2590229','93-KCRN-BNNG',NULL,NULL,'admin',NULL,NULL,NULL,'0425671778','207-0013','Êù±‰∫¨ÈÉΩ--Êù±Â§ßÂíåÂ∏ÇÂêëÂéü','ËèäÊ±†Áõ¥Áæé',NULL,'JPY--11511.00','SAHASAHA „Çπ„Éº„ÉÑ„Ç±„Éº„Çπ „Ç≠„É£„É™„Éº„Ç±„Éº„Çπ „Ç≠„É£„É™„Éº„Éê„ÉÉ„Ç∞ Ê©üÂÜÖÊåÅ„Å°Ëæº„Åø„Çµ„Ç§„Ç∫„Åã„Çâ „Éï„Ç°„Çπ„Éä„Éº ÂÇ∑„ÅåÁõÆÁ´ã„Å°„Å´„Åè„ÅÑ TSA„É≠„ÉÉ„ÇØ „Éè„Éº„Éâ„Ç≠„É£„É™„Éº „Ç∏„ÉÉ„Éë„Éº ÂÖ®„Çµ„Ç§„Ç∫ Êúâ„Çä („É≠„Éº„Ç∫„Ç¥„Éº„É´„Éâ „Ç¢„É´„Éü„Éï„É¨„Éº„É† ÂÖâÊ≤¢, L„Çµ„Ç§„Ç∫Ôºà7Ê≥ä‰ª•‰∏ä/Á¥Ñ86 „É™„ÉÉ„Éà„É´Ôºâ)','1',NULL,NULL,NULL,NULL,NULL,1,'admin','2019-01-24 20:00:05',NULL,NULL,NULL,NULL,NULL,NULL,NULL,NULL,0,0,0,0,0,0),('249-9503210-8081409','UW-NJCD-KF9N',NULL,NULL,'admin',NULL,NULL,NULL,NULL,NULL,NULL,NULL,NULL,NULL,'SAHASAHA „Çπ„Éº„ÉÑ„Ç±„Éº„Çπ „Ç≠„É£„É™„Éº„Ç±„Éº„Çπ „Ç≠„É£„É™„Éº„Éê„ÉÉ„Ç∞ Ê©üÂÜÖÊåÅ„Å°Ëæº„Åø„Çµ„Ç§„Ç∫„Åã„Çâ „Éï„Ç°„Çπ„Éä„Éº ÂÇ∑„ÅåÁõÆÁ´ã„Å°„Å´„Åè„ÅÑ TSA„É≠„ÉÉ„ÇØ „Éè„Éº„Éâ„Ç≠„É£„É™„Éº „Ç∏„ÉÉ„Éë„Éº ÂÖ®„Çµ„Ç§„Ç∫ Êúâ„Çä („É≠„Éº„Ç∫„Ç¥„Éº„É´„Éâ, Ôº≥„Çµ„Ç§„Ç∫Ôºà3-5Ê≥ä/Á¥Ñ51„É™„ÉÉ„Éà„É´Ôºâ)','1',NULL,NULL,NULL,NULL,NULL,1,'admin','2019-02-04 20:00:03',NULL,NULL,NULL,NULL,NULL,NULL,NULL,NULL,0,0,0,0,0,0),('249-9658335-1830254','VK-7V5A-H543',NULL,NULL,'admin',NULL,NULL,NULL,'','106-0045','Êù±‰∫¨ÈÉΩ--Ê∏ØÂå∫È∫ªÂ∏ÉÂçÅÁï™ÔºìÔºçÔºëÔºçÔºë','Â≥∂ÊùëÂΩ©È¶ô',NULL,'JPY--6980.00','SAHASAHA „Çπ„Éº„ÉÑ„Ç±„Éº„Çπ „Ç≠„É£„É™„Éº„Ç±„Éº„Çπ „Ç≠„É£„É™„Éº„Éê„ÉÉ„Ç∞ Ê©üÂÜÖÊåÅ„Å°Ëæº„Åø„Çµ„Ç§„Ç∫„Åã„Çâ „Éï„Ç°„Çπ„Éä„Éº ÂÇ∑„ÅåÁõÆÁ´ã„Å°„Å´„Åè„ÅÑ TSA','0',NULL,NULL,NULL,NULL,NULL,1,'admin','2019-03-03 20:00:04',NULL,NULL,NULL,NULL,NULL,NULL,NULL,NULL,0,0,0,0,0,0),('249-9835338-2155810','WG-0DAJ-6HFY',NULL,NULL,'admin',NULL,NULL,NULL,NULL,NULL,NULL,NULL,NULL,NULL,'SAHASAHA „Çπ„Éº„ÉÑ„Ç±„Éº„Çπ „Ç≠„É£„É™„Éº„Ç±„Éº„Çπ „Ç≠„É£„É™„Éº„Éê„ÉÉ„Ç∞ Ê©üÂÜÖÊåÅ„Å°Ëæº„Åø„Çµ„Ç§„Ç∫„Åã„Çâ „Éï„Ç°„Çπ„Éä„Éº ÂÇ∑„ÅåÁõÆÁ´ã„Å°„Å´„Åè„ÅÑ TSA„É≠„ÉÉ„ÇØ „Éè„Éº„Éâ„Ç≠„É£„É™„Éº „Ç∏„ÉÉ„Éë„Éº ÂÖ®„Çµ„Ç§„Ç∫ Êúâ„Çä („Ç∑„É´„Éê„Éº, M„Çµ„Ç§„Ç∫Ôºà5-7Ê≥ä/Á¥Ñ66„É™„ÉÉ„Éà„É´Ôºâ)','1',NULL,NULL,NULL,NULL,NULL,1,'admin','2019-02-19 20:00:04',NULL,NULL,NULL,NULL,NULL,NULL,NULL,NULL,0,0,0,0,0,0),('249-9899176-1419044','UW-NJCD-KF9N',NULL,NULL,'admin',NULL,NULL,NULL,'','240-0011','Á•ûÂ•àÂ∑ùÁúå--Ê®™ÊµúÂ∏Ç‰øùÂúü„Ç±Ë∞∑Âå∫Ê°ú„Ç±‰∏ò','Âä†Ëó§‰∫úÁæé',NULL,'JPY--7660.00','SAHASAHA „Çπ„Éº„ÉÑ„Ç±„Éº„Çπ „Ç≠„É£„É™„Éº„Ç±„Éº„Çπ „Ç≠„É£„É™„Éº„Éê„ÉÉ„Ç∞ Ê©üÂÜÖÊåÅ„Å°Ëæº„Åø„Çµ„Ç§„Ç∫„Åã„Çâ „Éï„Ç°„Çπ„Éä„Éº ÂÇ∑„ÅåÁõÆÁ´ã„Å°„Å´„Åè„ÅÑ TSA','0',NULL,NULL,NULL,NULL,NULL,1,'admin','2019-02-25 20:00:05',NULL,NULL,NULL,NULL,NULL,NULL,NULL,NULL,0,0,0,0,0,0),('250-0003353-5510207','UN-CC16-9Q87',NULL,NULL,'admin',NULL,NULL,NULL,NULL,NULL,NULL,NULL,NULL,NULL,'SAHASAHA „Çπ„Éº„ÉÑ„Ç±„Éº„Çπ „Ç≠„É£„É™„Éº„Ç±„Éº„Çπ „Ç≠„É£„É™„Éº„Éê„ÉÉ„Ç∞ Ê©üÂÜÖÊåÅ„Å°Ëæº„Åø„Çµ„Ç§„Ç∫„Åã„Çâ „Éï„Ç°„Çπ„Éä„Éº ÂÇ∑„ÅåÁõÆÁ´ã„Å°„Å´„Åè„ÅÑ TSA„É≠„ÉÉ„ÇØ „Éè„Éº„Éâ„Ç≠„É£„É™„Éº Êã°Âºµ „Ç∏„ÉÉ„Éë„Éº ÂÖ®„Çµ„Ç§„Ç∫ Êúâ„Çä („Ç∑„É´„Éê„Éº, Ê©üÂÜÖÊåÅËæº„Çµ„Ç§„Ç∫(1-3Ê≥ä/33ÔºàÊã°ÂºµÊôÇ40Ôºâ„É™„ÉÉ„Éà„É´Ôºâ)','1',NULL,NULL,NULL,NULL,NULL,1,'admin','2018-12-19 20:00:03',NULL,NULL,NULL,NULL,NULL,NULL,NULL,NULL,0,0,0,0,0,0),('250-0182499-2591818','O8-1VYB-PZQ4',NULL,NULL,'admin',NULL,NULL,NULL,NULL,NULL,NULL,NULL,NULL,NULL,'SAHASAHA „Çπ„Éº„ÉÑ„Ç±„Éº„Çπ „Ç≠„É£„É™„Éº„Ç±„Éº„Çπ „Ç≠„É£„É™„Éº„Éê„ÉÉ„Ç∞ Ê©üÂÜÖÊåÅ„Å°Ëæº„Åø„Çµ„Ç§„Ç∫„Åã„Çâ „Éï„Ç°„Çπ„Éä„Éº ÂÇ∑„ÅåÁõÆÁ´ã„Å°„Å´„Åè„ÅÑ TSA„É≠„ÉÉ„ÇØ „Éè„Éº„Éâ„Ç≠„É£„É™„Éº Êã°Âºµ „Ç∏„ÉÉ„Éë„Éº ÂÖ®„Çµ„Ç§„Ç∫ Êúâ„Çä („É≠„Éº„Ç∫„Ç¥„Éº„É´„Éâ, Ê©üÂÜÖÊåÅËæº„Çµ„Ç§„Ç∫(1-3Ê≥ä/33ÔºàÊã°ÂºµÊôÇ40Ôºâ„É™„ÉÉ„Éà„É´Ôºâ)','0',NULL,NULL,NULL,NULL,NULL,1,'admin','2018-12-25 20:00:03',NULL,NULL,NULL,NULL,NULL,NULL,NULL,NULL,0,0,0,0,0,0),('250-0250212-0333456','QU-6T21-ZKAH',NULL,NULL,'admin',NULL,NULL,NULL,'','581-0885','Â§ßÈò™Â∫ú--ÂÖ´Â∞æÂ∏ÇÁ•ûÂÆÆÂØ∫5‰∏ÅÁõÆ48','ÊµÖ‰∫ï Âª£Âè∏',NULL,'JPY--798.00','SAHASAHA „Éû„Ç∞„Éç„ÉÉ„ÉàÂºèËªäËºâ„Çπ„Éû„Éõ/„Çø„Éñ„É¨„ÉÉ„Éà„Éõ„É´„ÉÄ„Éº 360Â∫¶ÂõûËª¢ Á≤òÁùÄÂºè („Ç∑„É´„Éê„Éº)','0',NULL,NULL,NULL,NULL,NULL,1,'admin','2019-01-02 20:00:04',NULL,NULL,NULL,NULL,NULL,NULL,NULL,NULL,0,0,0,0,0,0),('250-0258167-9866266','SF-0LCQ-50C6',NULL,NULL,'admin',NULL,NULL,NULL,'','179-0084','Êù±‰∫¨ÈÉΩ--Á∑¥È¶¨Âå∫Ê∞∑Â∑ùÂè∞3-33-20','Èï∑Â≤©„ÄÄÈáåÂ•à',NULL,'JPY--699.00','SAHASAHA „Éû„Ç∞„Éç„ÉÉ„ÉàÂºèËªäËºâ„Çπ„Éû„Éõ/„Çø„Éñ„É¨„ÉÉ„Éà„Éõ„É´„ÉÄ„Éº 360Â∫¶ÂõûËª¢ Á≤òÁùÄÂºè („Éñ„É©„ÉÉ„ÇØ)','5',NULL,NULL,NULL,NULL,NULL,1,'user01','2018-11-03 20:00:05',NULL,3,NULL,NULL,NULL,NULL,NULL,NULL,NULL,NULL,NULL,NULL,NULL,NULL),('250-0287133-8948674','ED-0UIY-40IQ',NULL,NULL,'admin',NULL,NULL,NULL,'','861-6402','ÁÜäÊú¨Áúå--Â§©ËçâÂ∏ÇÂÄâÂ≤≥Áî∫Ê£öÂ∫ï2855-2','‰∏≠ÊùëÂ§ßÊ®π',NULL,'JPY--8260.00','SAHASAHA „Çπ„Éº„ÉÑ„Ç±„Éº„Çπ „Ç≠„É£„É™„Éº„Ç±„Éº„Çπ „Ç≠„É£„É™„Éº„Éê„ÉÉ„Ç∞ Ê©üÂÜÖÊåÅ„Å°Ëæº„Åø„Çµ„Ç§„Ç∫„Åã„Çâ „Éï„Ç°„Çπ„Éä„Éº ÂÇ∑„ÅåÁõÆÁ´ã„Å°„Å´„Åè„ÅÑ TSA','0',NULL,NULL,NULL,NULL,NULL,1,'admin','2019-02-05 20:00:03',NULL,NULL,NULL,NULL,NULL,NULL,NULL,NULL,0,0,0,0,0,0),('250-0408379-4981403','YI-E0XQ-KIDU',NULL,NULL,'admin',NULL,NULL,NULL,NULL,NULL,NULL,NULL,NULL,NULL,'ÂàùÂøÉËÄÖÂÖ•ÈñÄ Á¥ÖÊú®‰∫åËÉ° ‰∏≠ÂõΩËòáÂ∑û‰∫åËÉ° „Ç±„Éº„Çπ‰ªò','0',NULL,NULL,NULL,NULL,NULL,1,'admin','2019-01-05 20:00:53',NULL,NULL,NULL,NULL,NULL,NULL,NULL,NULL,0,0,0,0,0,0),('250-0529749-7925412','UW-NJCD-KF9N',NULL,NULL,'admin',NULL,NULL,NULL,'','651-2244','ÂÖµÂ∫´Áúå--Á•ûÊà∏Â∏ÇË•øÂå∫‰∫ïÂêπÂè∞ÂåóÁî∫4-55-6','Â§ßÂ∫≠ÊΩ§Âπ≥',NULL,'JPY--7660.00','SAHASAHA „Çπ„Éº„ÉÑ„Ç±„Éº„Çπ „Ç≠„É£„É™„Éº„Ç±„Éº„Çπ „Ç≠„É£„É™„Éº„Éê„ÉÉ„Ç∞ Ê©üÂÜÖÊåÅ„Å°Ëæº„Åø„Çµ„Ç§„Ç∫„Åã„Çâ „Éï„Ç°„Çπ„Éä„Éº ÂÇ∑„ÅåÁõÆÁ´ã„Å°„Å´„Åè„ÅÑ TSA','0',NULL,NULL,NULL,NULL,NULL,1,'admin','2019-02-08 20:00:04',NULL,NULL,NULL,NULL,NULL,NULL,NULL,NULL,0,0,0,0,0,0),('250-0600678-7654211','O8-1VYB-PZQ4',NULL,NULL,'admin',NULL,NULL,NULL,'08065032856','252-0815','Á•ûÂ•àÂ∑ùÁúå--Ëó§Ê≤¢Â∏ÇÁü≥Â∑ùÔºîÔºçÔºíÔºìÔºçÔºì','Â±±Áî∞„ÄÄÊ∫Ä‰πÖ',NULL,'JPY--6960.00','SAHASAHA „Çπ„Éº„ÉÑ„Ç±„Éº„Çπ „Ç≠„É£„É™„Éº„Ç±„Éº„Çπ „Ç≠„É£„É™„Éº„Éê„ÉÉ„Ç∞ Ê©üÂÜÖÊåÅ„Å°Ëæº„Åø„Çµ„Ç§„Ç∫„Åã„Çâ „Éï„Ç°„Çπ„Éä„Éº ÂÇ∑„ÅåÁõÆÁ´ã„Å°„Å´„Åè„ÅÑ TSA„É≠„ÉÉ„ÇØ „Éè„Éº„Éâ„Ç≠„É£„É™„Éº „Ç∏„ÉÉ„Éë„Éº ÂÖ®„Çµ„Ç§„Ç∫ Êúâ„Çä („É≠„Éº„Ç∫„Ç¥„Éº„É´„Éâ, Ê©üÂÜÖÊåÅËæº„Çµ„Ç§„Ç∫(1-3Ê≥ä/Á¥Ñ41„É™„ÉÉ„Éà„É´Ôºâ)','1',NULL,NULL,NULL,NULL,NULL,1,'admin','2019-01-23 20:00:03',NULL,NULL,NULL,NULL,NULL,NULL,NULL,NULL,0,0,0,0,0,0),('250-0660024-7771806','FH-WZ2Q-OYJP',NULL,NULL,'admin',NULL,NULL,NULL,NULL,NULL,NULL,NULL,NULL,NULL,'SAHASAHA „Çπ„Éº„ÉÑ„Ç±„Éº„Çπ „Ç≠„É£„É™„Éº„Ç±„Éº„Çπ „Ç≠„É£„É™„Éº„Éê„ÉÉ„Ç∞ Ê©üÂÜÖÊåÅ„Å°Ëæº„Åø„Çµ„Ç§„Ç∫„Åã„Çâ „Éï„Ç°„Çπ„Éä„Éº ÂÇ∑„ÅåÁõÆÁ´ã„Å°„Å´„Åè„ÅÑ TSA„É≠„ÉÉ„ÇØ „Éè„Éº„Éâ„Ç≠„É£„É™„Éº „Ç∏„ÉÉ„Éë„Éº ÂÖ®„Çµ„Ç§„Ç∫ Êúâ„Çä („É≠„Éº„Ç∫„Ç¥„Éº„É´„Éâ,M„Çµ„Ç§„Ç∫Ôºà5-7Ê≥ä/Á¥Ñ66„É™„ÉÉ„Éà„É´Ôºâ)','0',NULL,NULL,NULL,NULL,NULL,1,'admin','2019-01-22 20:00:05',NULL,NULL,NULL,NULL,NULL,NULL,NULL,NULL,0,0,0,0,0,0),('250-0677307-0876669','YM-RFHA-8TVU',NULL,NULL,'admin',NULL,NULL,NULL,'0429950286','359-0042','ÂüºÁéâÁúå--ÊâÄÊ≤¢Â∏Ç‰∏¶Êú®2-3-1-1009','Èñ¢Âè£ÁúüÂºì',NULL,'JPY--999.00','SAHASAHA 2019 ÁùÄ‰ªò„Åë ÁùÄÁâ© „ÇØ„É™„ÉÉ„Éó Ë°øÊ≠¢„ÇÅ„ÇØ„É™„ÉÉ„Éó ÂíåË£Ö„ÇØ„É™„ÉÉ„Éó ÊâáÂ≠ê Ëä± 3Ëâ≤„Çª„ÉÉ„Éà (3ÂÄã„Çª„ÉÉ„Éà, Ëä±)','0',NULL,NULL,NULL,NULL,NULL,1,'admin','2019-02-26 20:00:07',NULL,NULL,NULL,NULL,NULL,NULL,NULL,NULL,0,0,0,0,0,0),('250-0789290-9213413','VK-7V5A-H543',NULL,NULL,'admin',NULL,NULL,NULL,'','120-0033','Êù±‰∫¨ÈÉΩ--Ë∂≥Á´ãÂå∫ÂçÉ‰ΩèÂØøÁî∫','Â±±‰∏ãÂΩ©Â§è',NULL,'JPY--6980.00','SAHASAHA „Çπ„Éº„ÉÑ„Ç±„Éº„Çπ „Ç≠„É£„É™„Éº„Ç±„Éº„Çπ „Ç≠„É£„É™„Éº„Éê„ÉÉ„Ç∞ Ê©üÂÜÖÊåÅ„Å°Ëæº„Åø„Çµ„Ç§„Ç∫„Åã„Çâ „Éï„Ç°„Çπ„Éä„Éº ÂÇ∑„ÅåÁõÆÁ´ã„Å°„Å´„Åè„ÅÑ TSA','0',NULL,NULL,NULL,NULL,NULL,1,'admin','2019-02-01 20:00:05',NULL,NULL,NULL,NULL,NULL,NULL,NULL,NULL,0,0,0,0,0,0),('250-0907942-0991823','W8-PTVD-477D',NULL,NULL,'admin',NULL,NULL,NULL,NULL,NULL,NULL,NULL,NULL,NULL,'SAHASAHA „Çπ„Éº„ÉÑ„Ç±„Éº„Çπ „Ç≠„É£„É™„Éº„Ç±„Éº„Çπ TSA„É≠„ÉÉ„ÇØ ÂçäÈè°Èù¢‰ªï‰∏ä„Åí „Ç¢„É©„Ç§„É≥Âä†Â∑• „Ç¢„É´„Éü„Éï„É¨„Éº„É† „É¨„Éà„É≠ ÊóÖË°å Âá∫Âºµ ËªΩÈáè ÈùôÈü≥ „Éï„Ç°„Çπ„Éä„Éº„É¨„Çπ Ê©üÂÜÖÊåÅËæºÂèØ (S, „Ç¢„É´„Éü„Éï„É¨„Éº„É† -„É≠„Éº„Ç∫„Ç¥„Éº„É´„Éâ)','1',NULL,NULL,NULL,NULL,NULL,1,'admin','2019-02-16 20:00:05',NULL,NULL,NULL,NULL,NULL,NULL,NULL,NULL,0,0,0,0,0,0),('250-0940926-1857448','UW-NJCD-KF9N',NULL,NULL,'admin',NULL,NULL,NULL,'','134-0083','Êù±‰∫¨ÈÉΩ--Ê±üÊà∏Â∑ùÂå∫‰∏≠ËëõË•ø4-13-4','ÈΩãËó§ÂÑ™Êúà',NULL,'JPY--7660.00','SAHASAHA „Çπ„Éº„ÉÑ„Ç±„Éº„Çπ „Ç≠„É£„É™„Éº„Ç±„Éº„Çπ „Ç≠„É£„É™„Éº„Éê„ÉÉ„Ç∞ Ê©üÂÜÖÊåÅ„Å°Ëæº„Åø„Çµ„Ç§„Ç∫„Åã„Çâ „Éï„Ç°„Çπ„Éä„Éº ÂÇ∑„ÅåÁõÆÁ´ã„Å°„Å´„Åè„ÅÑ TSA','0',NULL,NULL,NULL,NULL,NULL,1,'admin','2019-02-26 20:00:10',NULL,NULL,NULL,NULL,NULL,NULL,NULL,NULL,0,0,0,0,0,0),('250-1035498-8179065','0Y-K99Y-JMPZ',NULL,NULL,'admin',NULL,NULL,NULL,'','053-0821','ÂåóÊµ∑ÈÅì--Ëã´Â∞èÁâßÂ∏Ç„Åó„Çâ„Åã„Å∞Áî∫Ôºì‰∏ÅÁõÆÔºëÔºíÁï™Ôºí','Â∞èÊûóÂÖ¨‰∫∫',NULL,'JPY--9960.00','SAHASAHA „Çπ„Éº„ÉÑ„Ç±„Éº„Çπ „Ç≠„É£„É™„Éº„Ç±„Éº„Çπ „Ç≠„É£„É™„Éº„Éê„ÉÉ„Ç∞ Ê©üÂÜÖÊåÅ„Å°Ëæº„Åø„Çµ„Ç§„Ç∫„Åã„Çâ „Éï„Ç°„Çπ„Éä„Éº ÂÇ∑„ÅåÁõÆÁ´ã„Å°„Å´„Åè„ÅÑ TSA','0',NULL,NULL,NULL,NULL,NULL,1,'admin','2019-02-17 20:00:14',NULL,NULL,NULL,NULL,NULL,NULL,NULL,NULL,0,0,0,0,0,0),('250-1067834-8972615','VK-7V5A-H543',NULL,NULL,'admin',NULL,NULL,NULL,NULL,NULL,NULL,NULL,NULL,NULL,'SAHASAHA „Çπ„Éº„ÉÑ„Ç±„Éº„Çπ „Ç≠„É£„É™„Éº„Ç±„Éº„Çπ „Ç≠„É£„É™„Éº„Éê„ÉÉ„Ç∞ Ê©üÂÜÖÊåÅ„Å°Ëæº„Åø„Çµ„Ç§„Ç∫„Åã„Çâ „Éï„Ç°„Çπ„Éä„Éº ÂÇ∑„ÅåÁõÆÁ´ã„Å°„Å´„Åè„ÅÑ TSA„É≠„ÉÉ„ÇØ „Éè„Éº„Éâ„Ç≠„É£„É™„Éº „Ç∏„ÉÉ„Éë„Éº ÂÖ®„Çµ„Ç§„Ç∫ Êúâ„Çä („É≠„Éº„Ç∫„Ç¥„Éº„É´„Éâ, Ê©üÂÜÖÊåÅËæº„Çµ„Ç§„Ç∫(1-3Ê≥ä/Á¥Ñ41„É™„ÉÉ„Éà„É´Ôºâ)','1',NULL,NULL,NULL,NULL,NULL,1,'admin','2019-03-05 20:00:06',NULL,NULL,NULL,NULL,NULL,NULL,NULL,NULL,0,0,0,0,0,0),('250-1076985-2163047','UW-NJCD-KF9N',NULL,NULL,'admin',NULL,NULL,NULL,'','244-0815','Á•ûÂ•àÂ∑ùÁúå--Ê®™ÊµúÂ∏ÇÊà∏Â°öÂå∫‰∏ãÂÄâÁî∞Áî∫','Ê≤≥ÈáéÁúüÁü•Â≠ê',NULL,'JPY--7660.00','SAHASAHA „Çπ„Éº„ÉÑ„Ç±„Éº„Çπ „Ç≠„É£„É™„Éº„Ç±„Éº„Çπ „Ç≠„É£„É™„Éº„Éê„ÉÉ„Ç∞ Ê©üÂÜÖÊåÅ„Å°Ëæº„Åø„Çµ„Ç§„Ç∫„Åã„Çâ „Éï„Ç°„Çπ„Éä„Éº ÂÇ∑„ÅåÁõÆÁ´ã„Å°„Å´„Åè„ÅÑ TSA','0',NULL,NULL,NULL,NULL,NULL,1,'admin','2019-01-29 20:00:03',NULL,NULL,NULL,NULL,NULL,NULL,NULL,NULL,0,0,0,0,0,0),('250-1120141-9051813','VK-7V5A-H543',NULL,NULL,'admin',NULL,NULL,NULL,'','483-8103','ÊÑõÁü•Áúå--Ê±üÂçóÂ∏ÇÂäõÈï∑Áî∫ÂÆÆÂâç112','‰∏äÂ≤°Áü•ÂØøÁæé',NULL,'JPY--6980.00','SAHASAHA „Çπ„Éº„ÉÑ„Ç±„Éº„Çπ „Ç≠„É£„É™„Éº„Ç±„Éº„Çπ „Ç≠„É£„É™„Éº„Éê„ÉÉ„Ç∞ Ê©üÂÜÖÊåÅ„Å°Ëæº„Åø„Çµ„Ç§„Ç∫„Åã„Çâ „Éï„Ç°„Çπ„Éä„Éº ÂÇ∑„ÅåÁõÆÁ´ã„Å°„Å´„Åè„ÅÑ TSA','0',NULL,NULL,NULL,NULL,NULL,1,'admin','2019-02-13 20:00:03',NULL,NULL,NULL,NULL,NULL,NULL,NULL,NULL,0,0,0,0,0,0),('250-1278877-8339859','3Q-YKCK-C573',NULL,NULL,'admin',NULL,NULL,NULL,'0256470044','955-0047','Êñ∞ÊΩüÁúå--‰∏âÊù°Â∏ÇÊù±‰∏âÊù°2-22-14','Â≤©ÁÄ¨Êô∫Â≠ê',NULL,'JPY--8960.00','SAHASAHA „Çπ„Éº„ÉÑ„Ç±„Éº„Çπ „Ç≠„É£„É™„Éº„Ç±„Éº„Çπ „Ç≠„É£„É™„Éº„Éê„ÉÉ„Ç∞ Ê©üÂÜÖÊåÅ„Å°Ëæº„Åø„Çµ„Ç§„Ç∫„Åã„Çâ „Éï„Ç°„Çπ„Éä„Éº ÂÇ∑„ÅåÁõÆÁ´ã„Å°„Å´„Åè„ÅÑ TSA„É≠„ÉÉ„ÇØ „Éè„Éº„Éâ„Ç≠„É£„É™„Éº Êã°Âºµ „Ç∏„ÉÉ„Éë„Éº ÂÖ®„Çµ„Ç§„Ç∫ Êúâ„Çä („É≠„Éº„Ç∫„Ç¥„Éº„É´„Éâ „Ç¢„É´„Éü„Éï„É¨„Éº„É† ÂÖâÊ≤¢, Ê©üÂÜÖÊåÅËæº„Çµ„Ç§„Ç∫(1-3Ê≥ä/Á¥Ñ41 „É™„ÉÉ„Éà„É´Ôºâ)','1',NULL,NULL,NULL,NULL,NULL,1,'admin','2019-01-22 20:00:04',NULL,NULL,NULL,NULL,NULL,NULL,NULL,NULL,0,0,0,0,0,0),('250-1304604-9748648','VK-7V5A-H543',NULL,NULL,'admin',NULL,NULL,NULL,'','215-0011','Á•ûÂ•àÂ∑ùÁúå--Â∑ùÂ¥éÂ∏ÇÈ∫ªÁîüÂå∫ÁôæÂêà‰∏ò2-19-3','ÂæåËó§ÁúüÂ≠ê',NULL,'JPY--6980.00','SAHASAHA „Çπ„Éº„ÉÑ„Ç±„Éº„Çπ „Ç≠„É£„É™„Éº„Ç±„Éº„Çπ „Ç≠„É£„É™„Éº„Éê„ÉÉ„Ç∞ Ê©üÂÜÖÊåÅ„Å°Ëæº„Åø„Çµ„Ç§„Ç∫„Åã„Çâ „Éï„Ç°„Çπ„Éä„Éº ÂÇ∑„ÅåÁõÆÁ´ã„Å°„Å´„Åè„ÅÑ TSA','0',NULL,NULL,NULL,NULL,NULL,1,'admin','2019-02-19 20:00:05',NULL,NULL,NULL,NULL,NULL,NULL,NULL,NULL,0,0,0,0,0,0),('250-1413122-1858203','QU-6T21-ZKAH',NULL,NULL,'admin',NULL,NULL,NULL,'','395-0803','Èï∑ÈáéÁúå--È£ØÁî∞Â∏ÇÈºé‰∏ãÂ±±ÔºôÔºëÔºì‚ÄêÔºë','„É≠„Éº„ÇΩ„É≥È£ØÁî∞Ë•øÈºé',NULL,'JPY--499.00','SAHASAHA „Éû„Ç∞„Éç„ÉÉ„ÉàÂºèËªäËºâ„Çπ„Éû„Éõ/„Çø„Éñ„É¨„ÉÉ„Éà„Éõ„É´„ÉÄ„Éº 360Â∫¶ÂõûËª¢ Á≤òÁùÄÂºè („Ç∑„É´„Éê„Éº)','0',NULL,NULL,NULL,NULL,NULL,1,'admin','2019-01-12 20:00:03',NULL,NULL,NULL,NULL,NULL,NULL,NULL,NULL,0,0,0,0,0,0),('250-1625292-4124625','QU-6T21-ZKAH',NULL,NULL,'admin',NULL,NULL,NULL,'','930-0088','ÂØåÂ±±Áúå--ÂØåÂ±±Â∏ÇË´èË®™Â∑ùÂéüÔºí‚àíÔºî‚àíÔºî','ÈáëÂ≠ê Âπ≥',NULL,'JPY--399.00','SAHASAHA „Éû„Ç∞„Éç„ÉÉ„ÉàÂºèËªäËºâ„Çπ„Éû„Éõ/„Çø„Éñ„É¨„ÉÉ„Éà„Éõ„É´„ÉÄ„Éº 360Â∫¶ÂõûËª¢ Á≤òÁùÄÂºè („Ç∑„É´„Éê„Éº)','0',NULL,NULL,NULL,NULL,NULL,1,'admin','2018-12-27 20:00:03',NULL,NULL,NULL,NULL,NULL,NULL,NULL,NULL,0,0,0,0,0,0),('250-1681430-1291016','M0-CFTC-91ME',NULL,NULL,'admin',NULL,NULL,NULL,'08030146500','300-2417','Ëå®ÂüéÁúå--„Å§„Åè„Å∞„Åø„Çâ„ÅÑÂ∏ÇÂØåÂ£´Ë¶ã„É∂‰∏ò1-32-21','Ê∑±Ë∞∑Ê≥∞‰ªã',NULL,'JPY--20780.00','SAHASAHA „Ç≤„Éº„Éü„É≥„Ç∞„ÉÅ„Çß„Ç¢ „Ç™„Éï„Ç£„Çπ„ÉÅ„Çß„Ç¢ Â§öÊ©üËÉΩ „Ç≤„Éº„É†Áî®„ÉÅ„Çß„Ç¢ „É™„ÇØ„É©„Ç§„Éã„É≥„Ç∞ „Éë„ÇΩ„Ç≥„É≥„ÉÅ„Çß„Ç¢ „Éè„Ç§„Éê„ÉÉ„ÇØ „Éò„ÉÉ„Éâ„É¨„Çπ„Éà ËÖ∞ÁóõÂØæÁ≠ñ „É©„É≥„Éê„Éº„Çµ„Éù„Éº„Éà „Å≤„ÅòÊéõ„Åë‰ªò„Åç „É¨„Ç∂„Éº („Éõ„ÉØ„Ç§„Éà)','1',NULL,NULL,NULL,NULL,NULL,1,'admin','2019-02-27 20:00:04',NULL,NULL,NULL,NULL,NULL,NULL,NULL,NULL,0,0,0,0,0,0),('250-1692004-7649433','VK-7V5A-H543',NULL,NULL,'admin',NULL,NULL,NULL,'','141-0022','Êù±‰∫¨ÈÉΩ--ÂìÅÂ∑ùÂå∫Êù±‰∫îÂèçÁî∞5-9-22','ÂÆÆÈáéÂØõÂ≠ê',NULL,'JPY--6980.00','SAHASAHA „Çπ„Éº„ÉÑ„Ç±„Éº„Çπ „Ç≠„É£„É™„Éº„Ç±„Éº„Çπ „Ç≠„É£„É™„Éº„Éê„ÉÉ„Ç∞ Ê©üÂÜÖÊåÅ„Å°Ëæº„Åø„Çµ„Ç§„Ç∫„Åã„Çâ „Éï„Ç°„Çπ„Éä„Éº ÂÇ∑„ÅåÁõÆÁ´ã„Å°„Å´„Åè„ÅÑ TSA','0',NULL,NULL,NULL,NULL,NULL,1,'admin','2019-02-22 20:00:04',NULL,NULL,NULL,NULL,NULL,NULL,NULL,NULL,0,0,0,0,0,0),('250-1747514-0260642','Dustbin-sliver',NULL,NULL,'admin',NULL,NULL,NULL,NULL,NULL,NULL,NULL,NULL,NULL,'SAHASAH Ëµ§Â§ñÁ∑ö„Çª„É≥„Çµ„ÉºÂºèÂÖ®Ëá™ÂãïÈñãÈñâÂºè„Çπ„ÉÜ„É≥„É¨„Çπ„Åî„ÅøÁÆ±„ÄÄËøë„Å•„Åè„Å†„Åë„ÅßËá™ÂÉçÁöÑ„Å´Èñã„Åë„Çã„ÄÄÊ∏ÖÊΩî„ÄÄ„Ç§„É≥„ÉÜ„É™„Ç¢„ÄÄÂÆπÈáè7Ôº¨ („Ç∑„É´„Éê„Éº)','1',NULL,NULL,NULL,NULL,NULL,1,'admin','2018-12-29 20:00:03',NULL,NULL,NULL,NULL,NULL,NULL,NULL,NULL,0,0,0,0,0,0),('250-1831961-8222222','QU-6T21-ZKAH',NULL,NULL,'admin',NULL,NULL,NULL,'','822-1302','Á¶èÂ≤°Áúå--Áî∞Â∑ùÈÉ°Á≥∏Áî∞Áî∫Â§ßÁÜä','Á´πÁî∞ËèúÂ§Æ',NULL,'JPY--399.00','SAHASAHA „Éû„Ç∞„Éç„ÉÉ„ÉàÂºèËªäËºâ„Çπ„Éû„Éõ/„Çø„Éñ„É¨„ÉÉ„Éà„Éõ„É´„ÉÄ„Éº 360Â∫¶ÂõûËª¢ Á≤òÁùÄÂºè („Ç∑„É´„Éê„Éº)','0',NULL,NULL,NULL,NULL,NULL,1,'admin','2018-12-27 20:00:04',NULL,NULL,NULL,NULL,NULL,NULL,NULL,NULL,0,0,0,0,0,0),('250-1857835-6283009','FH-WZ2Q-OYJP',NULL,NULL,'admin',NULL,NULL,NULL,'0824281297','739-0147','Â∫ÉÂ≥∂Áúå--Êù±Â∫ÉÂ≥∂Â∏ÇÂÖ´Êú¨ÊùæË•ø','Âπ≥Â≤°ÁúüÁêÜÂ≠ê',NULL,'JPY--8260.00','SAHASAHA „Çπ„Éº„ÉÑ„Ç±„Éº„Çπ „Ç≠„É£„É™„Éº„Ç±„Éº„Çπ „Ç≠„É£„É™„Éº„Éê„ÉÉ„Ç∞ Ê©üÂÜÖÊåÅ„Å°Ëæº„Åø„Çµ„Ç§„Ç∫„Åã„Çâ „Éï„Ç°„Çπ„Éä„Éº ÂÇ∑„ÅåÁõÆÁ´ã„Å°„Å´„Åè„ÅÑ TSA„É≠„ÉÉ„ÇØ „Éè„Éº„Éâ„Ç≠„É£„É™„Éº „Ç∏„ÉÉ„Éë„Éº ÂÖ®„Çµ„Ç§„Ç∫ Êúâ„Çä („É≠„Éº„Ç∫„Ç¥„Éº„É´„Éâ,M„Çµ„Ç§„Ç∫Ôºà5-7Ê≥ä/Á¥Ñ66„É™„ÉÉ„Éà„É´Ôºâ)','1',NULL,NULL,NULL,NULL,NULL,1,'admin','2019-02-14 20:00:05',NULL,NULL,NULL,NULL,NULL,NULL,NULL,NULL,0,0,0,0,0,0),('250-1926622-3631849','pet tent-white big',NULL,NULL,'admin',NULL,NULL,NULL,'08065023774','195-0063','Êù±‰∫¨ÈÉΩ--Áî∫Áî∞Â∏ÇÈáéÊ¥•Áî∞Áî∫3535-2','Èï∑Ë∞∑ÈÉ®Ëèú„ÄÖ',NULL,'JPY--4599.00','SAHASAHA „Éö„ÉÉ„Éà „ÉÜ„É≥„Éà „ÉÜ„Ç£„Éî„Éº„ÉÜ„É≥„Éà Áä¨Â∞èÂ±ã „Éö„ÉÉ„Éà„Éè„Ç¶„Çπ „Åã„Çè„ÅÑ„ÅÑ „ÉÜ„Ç£„Éî„Éº „Éì„Ç∑„Éß„É≥ Áä¨Áî® Áå´Áî® Â∞èÂûãÁä¨ „Éõ„ÉØ„Ç§„ÉàÂ∞è„Åï„ÅÑ„ÄÄ„ÇØ„ÉÉ„Ç∑„Éß„É≥Âà•Â£≤„Çä (60*60*70, „Éõ„ÉØ„Ç§„Éà)','1',NULL,NULL,NULL,NULL,NULL,1,'admin','2019-01-21 20:00:04',NULL,NULL,NULL,NULL,NULL,NULL,NULL,NULL,0,0,0,0,0,0),('250-1947445-7158240','6B-OYS1-RBC2',NULL,NULL,'admin',NULL,NULL,NULL,NULL,NULL,NULL,NULL,NULL,NULL,'SAHASAHA „Çπ„Éº„ÉÑ„Ç±„Éº„Çπ „Ç≠„É£„É™„Éº„Ç±„Éº„Çπ „Ç≠„É£„É™„Éº„Éê„ÉÉ„Ç∞ Ê©üÂÜÖÊåÅ„Å°Ëæº„Åø„Çµ„Ç§„Ç∫„Åã„Çâ „Éï„Ç°„Çπ„Éä„Éº ÂÇ∑„ÅåÁõÆÁ´ã„Å°„Å´„Åè„ÅÑ TSA„É≠„ÉÉ„ÇØ „Éè„Éº„Éâ„Ç≠„É£„É™„Éº Êã°Âºµ „Ç∏„ÉÉ„Éë„Éº ÂÖ®„Çµ„Ç§„Ç∫ Êúâ„Çä („É≠„Éº„Ç∫„Ç¥„Éº„É´„Éâ „Ç¢„É´„Éü„Éï„É¨„Éº„É† ÂÖâÊ≤¢, Ôº≥„Çµ„Ç§„Ç∫Ôºà3-5Ê≥ä/Á¥Ñ51 „É™„ÉÉ„Éà„É´Ôºâ)','1',NULL,NULL,NULL,NULL,NULL,1,'admin','2019-01-24 20:00:03',NULL,NULL,NULL,NULL,NULL,NULL,NULL,NULL,0,0,0,0,0,0),('250-2024231-0709426','SN-43IS-TWEP',NULL,NULL,'admin',NULL,NULL,NULL,'09069085472','616-8333','Kyoto-fu--Kyoutoshi Ukyouku','Andou Junpei',NULL,'JPY--9960.00','SAHASAHA „Çπ„Éº„ÉÑ„Ç±„Éº„Çπ „Ç≠„É£„É™„Éº„Ç±„Éº„Çπ „Ç≠„É£„É™„Éº„Éê„ÉÉ„Ç∞ Ê©üÂÜÖÊåÅ„Å°Ëæº„Åø„Çµ„Ç§„Ç∫„Åã„Çâ „Éï„Ç°„Çπ„Éä„Éº ÂÇ∑„ÅåÁõÆÁ´ã„Å°„Å´„Åè„ÅÑ TSA„É≠„ÉÉ„ÇØ „Éè„Éº„Éâ„Ç≠„É£„É™„Éº Êã°Âºµ „Ç∏„ÉÉ„Éë„Éº ÂÖ®„Çµ„Ç§„Ç∫ Êúâ„Çä („É≠„Éº„Ç∫„Ç¥„Éº„É´„Éâ, L„Çµ„Ç§„Ç∫Ôºà7Ê≥ä‰ª•‰∏ä/88ÔºàÊã°ÂºµÊôÇ102Ôºâ„É™„ÉÉ„Éà„É´Ôºâ)','1',NULL,NULL,NULL,NULL,NULL,1,'admin','2018-12-15 20:00:02',NULL,NULL,NULL,NULL,NULL,NULL,NULL,NULL,0,0,0,0,0,0),('250-2153430-2770216','YI-E0XQ-KIDU',NULL,NULL,'admin',NULL,NULL,NULL,'09085548675','192-0045','Êù±‰∫¨ÈÉΩ--ÂÖ´ÁéãÂ≠êÂ∏ÇÂ§ßÂíåÁî∞Áî∫6‰∏ÅÁõÆ7-7','‰∏äÁî∞ÈôΩÂ§™',NULL,'JPY--16000.00','ÂàùÂøÉËÄÖÂÖ•ÈñÄ Á¥ÖÊú®‰∫åËÉ° ‰∏≠ÂõΩËòáÂ∑û‰∫åËÉ° „Ç±„Éº„Çπ‰ªò','1',NULL,NULL,NULL,NULL,NULL,1,'admin','2018-12-22 20:00:02',NULL,NULL,NULL,NULL,NULL,NULL,NULL,NULL,0,0,0,0,0,0),('250-2171501-8988660','HM-B5BT-1IWO',NULL,NULL,'admin',NULL,NULL,NULL,'0359762608','112-0013','Êù±‰∫¨ÈÉΩ--Êñá‰∫¨Âå∫Èü≥ÁæΩ','‰ºäËó§‰∏áËµ∑',NULL,'JPY--7426.00','SAHASAHA „Çπ„Éº„ÉÑ„Ç±„Éº„Çπ „Ç≠„É£„É™„Éº„Ç±„Éº„Çπ „Ç≠„É£„É™„Éº„Éê„ÉÉ„Ç∞ Ê©üÂÜÖÊåÅ„Å°Ëæº„Åø„Çµ„Ç§„Ç∫„Åã„Çâ „Éï„Ç°„Çπ„Éä„Éº ÂÇ∑„ÅåÁõÆÁ´ã„Å°„Å´„Åè„ÅÑ TSA„É≠„ÉÉ„ÇØ „Éè„Éº„Éâ„Ç≠„É£„É™„Éº „Ç∏„ÉÉ„Éë„Éº ÂÖ®„Çµ„Ç§„Ç∫ Êúâ„Çä („É≠„Éº„Ç∫„Ç¥„Éº„É´„Éâ, Ôº≥„Çµ„Ç§„Ç∫Ôºà3-5Ê≥ä/Á¥Ñ51„É™„ÉÉ„Éà„É´Ôºâ)','1',NULL,NULL,NULL,NULL,NULL,1,'admin','2019-01-22 20:00:04',NULL,NULL,NULL,NULL,NULL,NULL,NULL,NULL,0,0,0,0,0,0),('250-2272802-4733467','52-EV2N-XBRO',NULL,NULL,'admin',NULL,NULL,NULL,'08061787832','572-0801','Â§ßÈò™Â∫ú--ÂØùÂ±ãÂ∑ùÂ∏Ç','Êò•Êó•Ë£ï‰Ω≥Â≠ê',NULL,'JPY--10260.00','SAHASAHA „Çπ„Éº„ÉÑ„Ç±„Éº„Çπ „Ç≠„É£„É™„Éº„Ç±„Éº„Çπ „Ç≠„É£„É™„Éº„Éê„ÉÉ„Ç∞ Ê©üÂÜÖÊåÅ„Å°Ëæº„Åø„Çµ„Ç§„Ç∫„Åã„Çâ „Éï„Ç°„Çπ„Éä„Éº ÂÇ∑„ÅåÁõÆÁ´ã„Å°„Å´„Åè„ÅÑ TSA„É≠„ÉÉ„ÇØ „Éè„Éº„Éâ„Ç≠„É£„É™„Éº „Ç∏„ÉÉ„Éë„Éº ÂÖ®„Çµ„Ç§„Ç∫ Êúâ„Çä („É≠„Éº„Ç∫„Ç¥„Éº„É´„Éâ „Ç¢„É´„Éü„Éï„É¨„Éº„É† ÂÖâÊ≤¢, M„Çµ„Ç§„Ç∫Ôºà5-7Ê≥ä/Á¥Ñ66 „É™„ÉÉ„Éà„É´Ôºâ)','1',NULL,NULL,NULL,NULL,NULL,1,'admin','2019-01-07 20:00:02',NULL,NULL,NULL,NULL,NULL,NULL,NULL,NULL,0,0,0,0,0,0),('250-2273020-1923046','YI-E0XQ-KIDU',NULL,NULL,'admin',NULL,NULL,NULL,'07040745678','136-0072','Êù±‰∫¨ÈÉΩ--Ê±üÊù±Âå∫Â§ßÂ≥∂','Êú±Âª∫Êò•',NULL,'JPY--16000.00','ÂàùÂøÉËÄÖÂÖ•ÈñÄ Á¥ÖÊú®‰∫åËÉ° ‰∏≠ÂõΩËòáÂ∑û‰∫åËÉ° „Ç±„Éº„Çπ‰ªò','1',NULL,NULL,NULL,NULL,NULL,1,'admin','2019-01-01 20:00:03',NULL,NULL,NULL,NULL,NULL,NULL,NULL,NULL,0,0,0,0,0,0),('250-2689454-8251035','HM-B5BT-1IWO',NULL,NULL,'admin',NULL,NULL,NULL,'09010855334','651-2102','ÂÖµÂ∫´Áúå--Á•ûÊà∏Â∏ÇË•øÂå∫Â≠¶ÂúíÊù±Áî∫','‰∏äÁî∞‰øäÂπ∏',NULL,'JPY--7660.00','SAHASAHA „Çπ„Éº„ÉÑ„Ç±„Éº„Çπ „Ç≠„É£„É™„Éº„Ç±„Éº„Çπ „Ç≠„É£„É™„Éº„Éê„ÉÉ„Ç∞ Ê©üÂÜÖÊåÅ„Å°Ëæº„Åø„Çµ„Ç§„Ç∫„Åã„Çâ „Éï„Ç°„Çπ„Éä„Éº ÂÇ∑„ÅåÁõÆÁ´ã„Å°„Å´„Åè„ÅÑ TSA„É≠„ÉÉ„ÇØ „Éè„Éº„Éâ„Ç≠„É£„É™„Éº Êã°Âºµ „Ç∏„ÉÉ„Éë„Éº ÂÖ®„Çµ„Ç§„Ç∫ Êúâ„Çä („É≠„Éº„Ç∫„Ç¥„Éº„É´„Éâ, Ôº≥„Çµ„Ç§„Ç∫Ôºà3-5Ê≥ä/47ÔºàÊã°ÂºµÊôÇ56Ôºâ„É™„ÉÉ„Éà„É´Ôºâ)','1',NULL,NULL,NULL,NULL,NULL,1,'admin','2018-12-10 16:00:04',NULL,NULL,NULL,NULL,NULL,NULL,NULL,NULL,0,0,0,0,0,0),('250-2755749-8064646','FH-WZ2Q-OYJP',NULL,NULL,'admin',NULL,NULL,NULL,NULL,NULL,NULL,NULL,NULL,NULL,'SAHASAHA „Çπ„Éº„ÉÑ„Ç±„Éº„Çπ „Ç≠„É£„É™„Éº„Ç±„Éº„Çπ „Ç≠„É£„É™„Éº„Éê„ÉÉ„Ç∞ Ê©üÂÜÖÊåÅ„Å°Ëæº„Åø„Çµ„Ç§„Ç∫„Åã„Çâ „Éï„Ç°„Çπ„Éä„Éº ÂÇ∑„ÅåÁõÆÁ´ã„Å°„Å´„Åè„ÅÑ TSA„É≠„ÉÉ„ÇØ „Éè„Éº„Éâ„Ç≠„É£„É™„Éº „Ç∏„ÉÉ„Éë„Éº ÂÖ®„Çµ„Ç§„Ç∫ Êúâ„Çä („É≠„Éº„Ç∫„Ç¥„Éº„É´„Éâ,M„Çµ„Ç§„Ç∫Ôºà5-7Ê≥ä/Á¥Ñ66„É™„ÉÉ„Éà„É´Ôºâ)','1',NULL,NULL,NULL,NULL,NULL,1,'admin','2019-01-21 20:00:03',NULL,NULL,NULL,NULL,NULL,NULL,NULL,NULL,0,0,0,0,0,0),('250-2792897-2149416','FH-WZ2Q-OYJP',NULL,NULL,'admin',NULL,NULL,NULL,'0118963990','004-0041','ÂåóÊµ∑ÈÅì--Êú≠ÂπåÂ∏ÇÂéöÂà•Âå∫Â§ßË∞∑Âú∞Êù±7‰∏ÅÁõÆ3','Ê∞∏‰∫ï„ÄÄÈáå‰Ω≥',NULL,'JPY--8960.00','SAHASAHA „Çπ„Éº„ÉÑ„Ç±„Éº„Çπ „Ç≠„É£„É™„Éº„Ç±„Éº„Çπ „Ç≠„É£„É™„Éº„Éê„ÉÉ„Ç∞ Ê©üÂÜÖÊåÅ„Å°Ëæº„Åø„Çµ„Ç§„Ç∫„Åã„Çâ „Éï„Ç°„Çπ„Éä„Éº ÂÇ∑„ÅåÁõÆÁ´ã„Å°„Å´„Åè„ÅÑ TSA„É≠„ÉÉ„ÇØ „Éè„Éº„Éâ„Ç≠„É£„É™„Éº Êã°Âºµ „Ç∏„ÉÉ„Éë„Éº ÂÖ®„Çµ„Ç§„Ç∫ Êúâ„Çä („É≠„Éº„Ç∫„Ç¥„Éº„É´„Éâ, M„Çµ„Ç§„Ç∫Ôºà5-7Ê≥ä/61ÔºàÊã°ÂºµÊôÇ72Ôºâ„É™„ÉÉ„Éà„É´Ôºâ)','1',NULL,NULL,NULL,NULL,NULL,1,'admin','2018-11-17 16:00:03',NULL,NULL,NULL,NULL,NULL,NULL,NULL,NULL,NULL,NULL,NULL,NULL,NULL,NULL),('250-2818787-8350246','QU-6T21-ZKAH',NULL,NULL,'admin',NULL,NULL,NULL,'','252-1115','Á•ûÂ•àÂ∑ùÁúå--Á∂æÁÄ¨Â∏ÇËêΩÂêàÂçó2‚àí12‚àí55','Áü≥Êæ§ÊúãÂπ∏',NULL,'JPY--798.00','SAHASAHA „Éû„Ç∞„Éç„ÉÉ„ÉàÂºèËªäËºâ„Çπ„Éû„Éõ/„Çø„Éñ„É¨„ÉÉ„Éà„Éõ„É´„ÉÄ„Éº 360Â∫¶ÂõûËª¢ Á≤òÁùÄÂºè („Ç∑„É´„Éê„Éº)','0',NULL,NULL,NULL,NULL,NULL,1,'admin','2018-12-29 20:00:04',NULL,NULL,NULL,NULL,NULL,NULL,NULL,NULL,0,0,0,0,0,0),('250-2850337-1543042','QU-6T21-ZKAH',NULL,NULL,'admin',NULL,NULL,NULL,'','720-1131','Â∫ÉÂ≥∂Áúå--Á¶èÂ±±Â∏Ç ÈßÖÂÆ∂Áî∫‰∏áËÉΩÂÄâ337-1','Èõ®Ê£Æ„ÄÄÂú≠‰∫Æ',NULL,'JPY--499.00','SAHASAHA „Éû„Ç∞„Éç„ÉÉ„ÉàÂºèËªäËºâ„Çπ„Éû„Éõ/„Çø„Éñ„É¨„ÉÉ„Éà„Éõ„É´„ÉÄ„Éº 360Â∫¶ÂõûËª¢ Á≤òÁùÄÂºè („Ç∑„É´„Éê„Éº)','0',NULL,NULL,NULL,NULL,NULL,1,'admin','2019-01-07 20:00:03',NULL,NULL,NULL,NULL,NULL,NULL,NULL,NULL,0,0,0,0,0,0),('250-2852067-5576659','O8-1VYB-PZQ4',NULL,NULL,'admin',NULL,NULL,NULL,NULL,NULL,NULL,NULL,NULL,NULL,'SAHASAHA „Çπ„Éº„ÉÑ„Ç±„Éº„Çπ „Ç≠„É£„É™„Éº„Ç±„Éº„Çπ „Ç≠„É£„É™„Éº„Éê„ÉÉ„Ç∞ Ê©üÂÜÖÊåÅ„Å°Ëæº„Åø„Çµ„Ç§„Ç∫„Åã„Çâ „Éï„Ç°„Çπ„Éä„Éº ÂÇ∑„ÅåÁõÆÁ´ã„Å°„Å´„Åè„ÅÑ TSA„É≠„ÉÉ„ÇØ „Éè„Éº„Éâ„Ç≠„É£„É™„Éº „Ç∏„ÉÉ„Éë„Éº ÂÖ®„Çµ„Ç§„Ç∫ Êúâ„Çä („É≠„Éº„Ç∫„Ç¥„Éº„É´„Éâ, Ê©üÂÜÖÊåÅËæº„Çµ„Ç§„Ç∫(1-3Ê≥ä/Á¥Ñ41„É™„ÉÉ„Éà„É´Ôºâ)','1',NULL,NULL,NULL,NULL,NULL,1,'admin','2019-01-13 20:00:04',NULL,NULL,NULL,NULL,NULL,NULL,NULL,NULL,0,0,0,0,0,0),('250-2938250-2291802','P3-AXD1-32XQ',NULL,NULL,'admin',NULL,NULL,NULL,'','354-0046','ÂüºÁéâÁúå--ÂÖ•ÈñìÈÉ°‰∏âËä≥Áî∫Á´πÈñìÊ≤¢Êù±4-6','QA231 ID: QA231-W0052',NULL,'JPY--999.00','SAHASAHA „ÉØ„É≥„Çø„ÉÉ„ÉÅ„ÉÜ„É≥„Éà „ÉÜ„É≥„Éà 3ÔΩû5‰∫∫Áî® „ÉØ„É≥„Çø„ÉÉ„ÉÅ 2WAY „ÉÜ„É≥„Éà Ë®≠Âñ∂Á∞°Âçò Èò≤ÁÅΩÁî® „Ç≠„É£„É≥„ÉóÁî®ÂìÅ Êí•Ê∞¥Âä†Â∑• Á¥´Â§ñÔøΩ','0',NULL,NULL,NULL,NULL,NULL,1,'admin','2019-01-01 20:00:03',NULL,NULL,NULL,NULL,NULL,NULL,NULL,NULL,0,0,0,0,0,0),('250-2962827-4248626','QU-6T21-ZKAH',NULL,NULL,'admin',NULL,NULL,NULL,'','563-0104','Â§ßÈò™Â∫ú--Ë±äËÉΩÈÉ°„ÄÄË±äËÉΩÁî∫„ÄÄÂÖâÈ¢®Âè∞','Ë∂äÂ∞æ„ÄÄÊãìÁü¢',NULL,'JPY--798.00','SAHASAHA „Éû„Ç∞„Éç„ÉÉ„ÉàÂºèËªäËºâ„Çπ„Éû„Éõ/„Çø„Éñ„É¨„ÉÉ„Éà„Éõ„É´„ÉÄ„Éº 360Â∫¶ÂõûËª¢ Á≤òÁùÄÂºè („Ç∑„É´„Éê„Éº)','0',NULL,NULL,NULL,NULL,NULL,1,'admin','2019-01-01 20:00:04',NULL,NULL,NULL,NULL,NULL,NULL,NULL,NULL,0,0,0,0,0,0),('250-3028863-7282266','QU-6T21-ZKAH',NULL,NULL,'admin',NULL,NULL,NULL,'','799-1101','ÊÑõÂ™õÁúå--Ë•øÊù°Â∏ÇÂ∞èÊùæÁî∫Êñ∞Â±ãÊï∑','ÁôΩÁü≥‰∫ÆÂæ≥',NULL,'JPY--399.00','SAHASAHA „Éû„Ç∞„Éç„ÉÉ„ÉàÂºèËªäËºâ„Çπ„Éû„Éõ/„Çø„Éñ„É¨„ÉÉ„Éà„Éõ„É´„ÉÄ„Éº 360Â∫¶ÂõûËª¢ Á≤òÁùÄÂºè („Ç∑„É´„Éê„Éº)','0',NULL,NULL,NULL,NULL,NULL,1,'admin','2018-12-29 20:00:03',NULL,NULL,NULL,NULL,NULL,NULL,NULL,NULL,0,0,0,0,0,0),('250-3106865-4843020','QU-6T21-ZKAH',NULL,NULL,'admin',NULL,NULL,NULL,'','418-0114','ÈùôÂ≤°Áúå--ÂØåÂ£´ÂÆÆÂ∏Ç‰∏ãÊù°833-2','Áü≥Â∑ù„ÄÄÂπ∏‰πÖ',NULL,'JPY--399.00','SAHASAHA „Éû„Ç∞„Éç„ÉÉ„ÉàÂºèËªäËºâ„Çπ„Éû„Éõ/„Çø„Éñ„É¨„ÉÉ„Éà„Éõ„É´„ÉÄ„Éº 360Â∫¶ÂõûËª¢ Á≤òÁùÄÂºè („Ç∑„É´„Éê„Éº)','0',NULL,NULL,NULL,NULL,NULL,1,'admin','2018-12-28 20:00:03',NULL,NULL,NULL,NULL,NULL,NULL,NULL,NULL,0,0,0,0,0,0),('250-3132899-5032642','SN-43IS-TWEP',NULL,NULL,'admin',NULL,NULL,NULL,'08055093145','308-0827','Ëå®ÂüéÁúå--Á≠ëË•øÂ∏ÇÂ∏ÇÈáéËæ∫','„ÉØ„Éã„ÉÄ',NULL,'JPY--9960.00','SAHASAHA „Çπ„Éº„ÉÑ„Ç±„Éº„Çπ „Ç≠„É£„É™„Éº„Ç±„Éº„Çπ „Ç≠„É£„É™„Éº„Éê„ÉÉ„Ç∞ Ê©üÂÜÖÊåÅ„Å°Ëæº„Åø„Çµ„Ç§„Ç∫„Åã„Çâ „Éï„Ç°„Çπ„Éä„Éº ÂÇ∑„ÅåÁõÆÁ´ã„Å°„Å´„Åè„ÅÑ TSA„É≠„ÉÉ„ÇØ „Éè„Éº„Éâ„Ç≠„É£„É™„Éº „Ç∏„ÉÉ„Éë„Éº ÂÖ®„Çµ„Ç§„Ç∫ Êúâ„Çä („É≠„Éº„Ç∫„Ç¥„Éº„É´„Éâ, L„Çµ„Ç§„Ç∫Ôºà7Ê≥ä‰ª•‰∏ä/Á¥Ñ86 „É™„ÉÉ„Éà„É´Ôºâ)','1',NULL,NULL,NULL,NULL,NULL,1,'admin','2019-03-04 18:00:06',NULL,NULL,NULL,NULL,NULL,NULL,NULL,NULL,0,0,0,0,0,0),('250-3143588-4896645','5P-FC8V-S16L',NULL,NULL,'admin',NULL,NULL,NULL,'08016998931','181-0011','Êù±‰∫¨ÈÉΩ--‰∏âÈ∑πÂ∏Ç‰∫ïÂè£','ÊñéËó§Á∂æ‰πÉ',NULL,'JPY--7960.00','SAHASAHA „Çπ„Éº„ÉÑ„Ç±„Éº„Çπ „Ç≠„É£„É™„Éº„Ç±„Éº„Çπ „Ç≠„É£„É™„Éº„Éê„ÉÉ„Ç∞ Ê©üÂÜÖÊåÅ„Å°Ëæº„Åø„Çµ„Ç§„Ç∫„Åã„Çâ „Éï„Ç°„Çπ„Éä„Éº ÂÇ∑„ÅåÁõÆÁ´ã„Å°„Å´„Åè„ÅÑ TSA„É≠„ÉÉ„ÇØ „Éè„Éº„Éâ„Ç≠„É£„É™„Éº Êã°Âºµ „Ç∏„ÉÉ„Éë„Éº ÂÖ®„Çµ„Ç§„Ç∫ Êúâ„Çä („Éñ„É©„ÉÉ„ÇØ, M„Çµ„Ç§„Ç∫Ôºà5-7Ê≥ä/61ÔºàÊã°ÂºµÊôÇ72Ôºâ„É™„ÉÉ„Éà„É´Ôºâ)','1',NULL,NULL,NULL,NULL,NULL,1,'admin','2018-12-13 16:00:03',NULL,NULL,NULL,NULL,NULL,NULL,NULL,NULL,0,0,0,0,0,0),('250-3293459-1551836','90-K4KW-NX3B',NULL,NULL,'admin',NULL,NULL,NULL,'09072044256','878-0025','Â§ßÂàÜÁúå--Á´πÁî∞Â∏ÇÊãùÁî∞Âéü67','‰ΩêËó§ÂçÉ‰ª£Áæé',NULL,'JPY--11890.00','SAHASAHA „Åã„Çè„ÅÑ„ÅÑ „Çπ„Éº„ÉÑ„Ç±„Éº„Çπ ‰æøÊê∫„Ç±„Éº„Çπ „Çª„ÉÉ„Éà „Ç≠„É£„É™„Éº„Ç±„Éº„Çπ „Ç≠„É£„É™„Éº„Éê„ÉÉ„Ç∞ Ê©üÂÜÖÊåÅ„Å°Ëæº„Åø„Çµ„Ç§„Ç∫„Åã„Çâ „Éï„Ç°„Çπ„Éä„Éº ÂÇ∑„ÅåÁõÆÁ´ã„Å°„Å´„Åè„ÅÑ TSA„É≠„ÉÉ„ÇØ „Éè„Éº„Éâ„Ç≠„É£„É™„Éº „Ç∏„ÉÉ„Éë„Éº „Éî„É≥„ÇØ„Å®„Éñ„É´„Éº (‰æøÊê∫„Ç±„Éº„Çπ+„Ç≠„É£„É™„Éº„Ç±„Éº„Çπ, L„Çµ„Ç§„Ç∫Ôºà7Ê≥ä‰ª•‰∏äÔºâ)','1',NULL,NULL,NULL,NULL,NULL,1,'admin','2019-01-27 20:00:03',NULL,NULL,NULL,NULL,NULL,NULL,NULL,NULL,0,0,0,0,0,0),('250-3428249-9591825','QU-6T21-ZKAH',NULL,NULL,'admin',NULL,NULL,NULL,'','370-3503','Áæ§È¶¨Áúå--ÂåóÁæ§È¶¨ÈÉ°Ê¶õÊù±ÊùëÂ§ßÂ≠óÊñ∞‰∫ïÔºíÔºïÔºíÔºò','„É≠„Éº„ÇΩ„É≥Ê¶õÊù±Êñ∞‰∫ïÂçó',NULL,'JPY--998.00','SAHASAHA „Éû„Ç∞„Éç„ÉÉ„ÉàÂºèËªäËºâ„Çπ„Éû„Éõ/„Çø„Éñ„É¨„ÉÉ„Éà„Éõ„É´„ÉÄ„Éº 360Â∫¶ÂõûËª¢ Á≤òÁùÄÂºè („Ç∑„É´„Éê„Éº)','0',NULL,NULL,NULL,NULL,NULL,1,'admin','2019-01-06 20:00:04',NULL,NULL,NULL,NULL,NULL,NULL,NULL,NULL,0,0,0,0,0,0),('250-3580674-9954220','0Y-K99Y-JMPZ',NULL,NULL,'admin',NULL,NULL,NULL,'','306-0053','Ëå®ÂüéÁúå--Âè§Ê≤≥Â∏Ç‰∏≠Áî∞','ÁßãÂ∫≠„Åó„Åä„Çä',NULL,'JPY--10062.00','SAHASAHA „Çπ„Éº„ÉÑ„Ç±„Éº„Çπ „Ç≠„É£„É™„Éº„Ç±„Éº„Çπ „Ç≠„É£„É™„Éº„Éê„ÉÉ„Ç∞ Ê©üÂÜÖÊåÅ„Å°Ëæº„Åø„Çµ„Ç§„Ç∫„Åã„Çâ „Éï„Ç°„Çπ„Éä„Éº ÂÇ∑„ÅåÁõÆÁ´ã„Å°„Å´„Åè„ÅÑ TSA','0',NULL,NULL,NULL,NULL,NULL,1,'admin','2019-01-28 20:00:03',NULL,NULL,NULL,NULL,NULL,NULL,NULL,NULL,0,0,0,0,0,0),('250-3646306-1634258','O8-1VYB-PZQ4',NULL,NULL,'admin',NULL,NULL,NULL,'03-3397-3736','167-0034','Êù±‰∫¨ÈÉΩ--Êùâ‰∏¶Âå∫Ê°É‰∫ï','Â±±Áî∞ ÂïìÂ≠ê',NULL,'JPY--6960.00','SAHASAHA „Çπ„Éº„ÉÑ„Ç±„Éº„Çπ „Ç≠„É£„É™„Éº„Ç±„Éº„Çπ „Ç≠„É£„É™„Éº„Éê„ÉÉ„Ç∞ Ê©üÂÜÖÊåÅ„Å°Ëæº„Åø„Çµ„Ç§„Ç∫„Åã„Çâ „Éï„Ç°„Çπ„Éä„Éº ÂÇ∑„ÅåÁõÆÁ´ã„Å°„Å´„Åè„ÅÑ TSA„É≠„ÉÉ„ÇØ „Éè„Éº„Éâ„Ç≠„É£„É™„Éº „Ç∏„ÉÉ„Éë„Éº ÂÖ®„Çµ„Ç§„Ç∫ Êúâ„Çä („É≠„Éº„Ç∫„Ç¥„Éº„É´„Éâ, Ê©üÂÜÖÊåÅËæº„Çµ„Ç§„Ç∫(1-3Ê≥ä/Á¥Ñ41„É™„ÉÉ„Éà„É´Ôºâ)','1',NULL,NULL,NULL,NULL,NULL,1,'admin','2019-02-25 20:00:06',NULL,NULL,NULL,NULL,NULL,NULL,NULL,NULL,0,0,0,0,0,0),('250-3695495-0985461','FA-BWNY-IM4Z',NULL,NULL,'admin',NULL,NULL,NULL,NULL,NULL,NULL,NULL,NULL,NULL,'SAHASAHA „Çπ„Éº„ÉÑ„Ç±„Éº„Çπ „Ç≠„É£„É™„Éº„Ç±„Éº„Çπ „Ç≠„É£„É™„Éº„Éê„ÉÉ„Ç∞ Ê©üÂÜÖÊåÅ„Å°Ëæº„Åø„Çµ„Ç§„Ç∫„Åã„Çâ „Éï„Ç°„Çπ„Éä„Éº ÂÇ∑„ÅåÁõÆÁ´ã„Å°„Å´„Åè„ÅÑ TSA„É≠„ÉÉ„ÇØ „Éè„Éº„Éâ„Ç≠„É£„É™„Éº „Ç∏„ÉÉ„Éë„Éº ÂÖ®„Çµ„Ç§„Ç∫ Êúâ„Çä („Ç∑„É´„Éê„Éº „Ç¢„É´„Éü„Éï„É¨„Éº„É† ÂÖâÊ≤¢, M„Çµ„Ç§„Ç∫Ôºà5-7Ê≥ä/Á¥Ñ66 „É™„ÉÉ„Éà„É´Ôºâ)','1',NULL,NULL,NULL,NULL,NULL,1,'admin','2019-02-21 20:00:02',NULL,NULL,NULL,NULL,NULL,NULL,NULL,NULL,0,0,0,0,0,0),('250-3791972-7807842','3Q-YKCK-C573',NULL,NULL,'admin',NULL,NULL,NULL,'09081354586','514-0101','‰∏âÈáçÁúå--Ê¥•Â∏ÇÁôΩÂ°öÁî∫588-1','Á¨†‰∫ïÈ∫ªÂ∏Ü',NULL,'JPY--8960.00','SAHASAHA „Çπ„Éº„ÉÑ„Ç±„Éº„Çπ „Ç≠„É£„É™„Éº„Ç±„Éº„Çπ „Ç≠„É£„É™„Éº„Éê„ÉÉ„Ç∞ Ê©üÂÜÖÊåÅ„Å°Ëæº„Åø„Çµ„Ç§„Ç∫„Åã„Çâ „Éï„Ç°„Çπ„Éä„Éº ÂÇ∑„ÅåÁõÆÁ´ã„Å°„Å´„Åè„ÅÑ TSA„É≠„ÉÉ„ÇØ „Éè„Éº„Éâ„Ç≠„É£„É™„Éº Êã°Âºµ „Ç∏„ÉÉ„Éë„Éº ÂÖ®„Çµ„Ç§„Ç∫ Êúâ„Çä („É≠„Éº„Ç∫„Ç¥„Éº„É´„Éâ „Ç¢„É´„Éü„Éï„É¨„Éº„É† ÂÖâÊ≤¢, Ê©üÂÜÖÊåÅËæº„Çµ„Ç§„Ç∫(1-3Ê≥ä/Á¥Ñ41 „É™„ÉÉ„Éà„É´Ôºâ)','1',NULL,NULL,NULL,NULL,NULL,1,'admin','2019-03-04 18:00:05',NULL,NULL,NULL,NULL,NULL,NULL,NULL,NULL,0,0,0,0,0,0),('250-3870554-3980650','QU-6T21-ZKAH',NULL,NULL,'admin',NULL,NULL,NULL,NULL,NULL,NULL,NULL,NULL,NULL,'SAHASAHA „Éû„Ç∞„Éç„ÉÉ„ÉàÂºèËªäËºâ„Çπ„Éû„Éõ/„Çø„Éñ„É¨„ÉÉ„Éà„Éõ„É´„ÉÄ„Éº 360Â∫¶ÂõûËª¢ Á≤òÁùÄÂºè („Ç∑„É´„Éê„Éº)','1',NULL,NULL,NULL,NULL,NULL,1,'admin','2018-12-26 20:00:05',NULL,NULL,NULL,NULL,NULL,NULL,NULL,NULL,0,0,0,0,0,0),('250-4069068-5451849','O2-R8WF-BJFL',NULL,NULL,'admin',NULL,NULL,NULL,'07052615332','577-0808','Â§ßÈò™Â∫ú--Êù±Â§ßÈò™Â∏ÇÊ®™Ê≤ºÁî∫3-6-4','Â∞æÂ∑ùÈÄ≤‰∏Ä',NULL,'JPY--3680.00','SAHASAHA „ÉØ„É≥„Çø„ÉÉ„ÉÅ„ÉÜ„É≥„Éà „ÉÜ„É≥„Éà 1-2‰∫∫Áî® Ë®≠Âñ∂Á∞°Âçò Èò≤ÁÅΩÁî® „Ç≠„É£„É≥„ÉóÁî®ÂìÅ Êí•Ê∞¥Âä†Â∑• Á¥´Â§ñÁ∑öÈò≤Ê≠¢ ÁôªÂ±± Êäò„Çä„Åü„Åü„Åø Èò≤Ê∞¥ ÈÄöÊ∞óÊÄß „Ç¢„Ç¶„Éà„Éâ„Ç¢ 210 * 140 * 110cm „Ç∞„É™„Éº„É≥ ÂèéÁ¥ç„Ç±„Éº„Çπ Êó•Êú¨Ë™ûË™¨ÊòéÊõ∏‰ªò„Åç','1',NULL,NULL,NULL,NULL,NULL,1,'admin','2019-02-12 20:00:04',NULL,NULL,NULL,NULL,NULL,NULL,NULL,NULL,0,0,0,0,0,0),('250-4272132-0109445','QU-6T21-ZKAH',NULL,NULL,'admin',NULL,NULL,NULL,'','369-1104','ÂüºÁéâÁúå--Ê∑±Ë∞∑Â∏ÇËèÖÊ≤º22-11','Â∞èÈñ¢„ÄÄ‰øÆ',NULL,'JPY--699.00','SAHASAHA „Éû„Ç∞„Éç„ÉÉ„ÉàÂºèËªäËºâ„Çπ„Éû„Éõ/„Çø„Éñ„É¨„ÉÉ„Éà„Éõ„É´„ÉÄ„Éº 360Â∫¶ÂõûËª¢ Á≤òÁùÄÂºè („Ç∑„É´„Éê„Éº)','6',NULL,NULL,NULL,NULL,NULL,1,'user01','2018-11-03 20:00:04',NULL,4,NULL,NULL,NULL,NULL,NULL,NULL,NULL,NULL,NULL,NULL,NULL,NULL),('250-4406703-1990250','SF-0LCQ-50C6',NULL,NULL,'admin',NULL,NULL,NULL,'','654-0053','ÂÖµÂ∫´Áúå--Á•ûÊà∏Â∏ÇÈ†àÁ£®Âå∫Â§©Á•ûÁî∫1‰∏ÅÁõÆ1-19','ÊúùÂÄâÁî±ÂÆü',NULL,'JPY--699.00','SAHASAHA „Éû„Ç∞„Éç„ÉÉ„ÉàÂºèËªäËºâ„Çπ„Éû„Éõ/„Çø„Éñ„É¨„ÉÉ„Éà„Éõ„É´„ÉÄ„Éº 360Â∫¶ÂõûËª¢ Á≤òÁùÄÂºè („Éñ„É©„ÉÉ„ÇØ)','0',NULL,NULL,NULL,NULL,NULL,1,'admin','2018-12-02 12:00:03',NULL,NULL,NULL,NULL,NULL,NULL,NULL,NULL,NULL,NULL,NULL,NULL,NULL,NULL),('250-4597671-3003030','FH-WZ2Q-OYJP',NULL,NULL,'admin',NULL,NULL,NULL,NULL,NULL,NULL,NULL,NULL,NULL,'SAHASAHA „Çπ„Éº„ÉÑ„Ç±„Éº„Çπ „Ç≠„É£„É™„Éº„Ç±„Éº„Çπ „Ç≠„É£„É™„Éº„Éê„ÉÉ„Ç∞ Ê©üÂÜÖÊåÅ„Å°Ëæº„Åø„Çµ„Ç§„Ç∫„Åã„Çâ „Éï„Ç°„Çπ„Éä„Éº ÂÇ∑„ÅåÁõÆÁ´ã„Å°„Å´„Åè„ÅÑ TSA','1',NULL,NULL,NULL,NULL,NULL,1,'admin','2019-01-22 20:00:06',NULL,NULL,NULL,NULL,NULL,NULL,NULL,NULL,0,0,0,0,0,0),('250-4967053-4442267','LW-5DP8-UO3G',NULL,NULL,'admin',NULL,NULL,NULL,'09022232138','292-0826','ÂçÉËëâÁúå--Êú®Êõ¥Ê¥•Â∏ÇÁïëÊ≤¢Âçó4-12-31','‰ΩêËó§„ÄÄÁü•Â≠ê',NULL,'JPY--1544.00','SAHASAHA LEDÈõªÈ£æ ÁêÉÂΩ¢ ËøΩÂä†Áî®„ÄÄ„Ç´„É©„ÉºÔºàÁêÉÂûãÔºâ','1',NULL,NULL,NULL,NULL,NULL,1,'admin','2018-12-10 16:00:04',NULL,NULL,NULL,NULL,NULL,NULL,NULL,NULL,0,0,0,0,0,0),('250-4968548-6111024','M0-CFTC-91ME',NULL,NULL,'admin',NULL,NULL,NULL,'0664534920','553-0002','Â§ßÈò™Â∫ú--Â§ßÈò™Â∏ÇÁ¶èÂ≥∂Âå∫È∑∫Ê¥≤','Ê∏°Ëæ∫ÂçÉÈ∂¥',NULL,'JPY--20780.00','SAHASAHA „Ç≤„Éº„Éü„É≥„Ç∞„ÉÅ„Çß„Ç¢ „Ç™„Éï„Ç£„Çπ„ÉÅ„Çß„Ç¢ Â§öÊ©üËÉΩ „Ç≤„Éº„É†Áî®„ÉÅ„Çß„Ç¢ „É™„ÇØ„É©„Ç§„Éã„É≥„Ç∞ „Éë„ÇΩ„Ç≥„É≥„ÉÅ„Çß„Ç¢ „Éè„Ç§„Éê„ÉÉ„ÇØ „Éò„ÉÉ„Éâ„É¨„Çπ„Éà ËÖ∞ÁóõÂØæÁ≠ñ „É©„É≥„Éê„Éº„Çµ„Éù„Éº„Éà „Å≤„ÅòÊéõ„Åë‰ªò„Åç „É¨„Ç∂„Éº („Éõ„ÉØ„Ç§„Éà)','1',NULL,NULL,NULL,NULL,NULL,1,'admin','2019-01-24 20:00:03',NULL,NULL,NULL,NULL,NULL,NULL,NULL,NULL,0,0,0,0,0,0),('250-4998639-8519858','O8-1VYB-PZQ4',NULL,NULL,'admin',NULL,NULL,NULL,NULL,NULL,NULL,NULL,NULL,NULL,'SAHASAHA „Çπ„Éº„ÉÑ„Ç±„Éº„Çπ „Ç≠„É£„É™„Éº„Ç±„Éº„Çπ „Ç≠„É£„É™„Éº„Éê„ÉÉ„Ç∞ Ê©üÂÜÖÊåÅ„Å°Ëæº„Åø„Çµ„Ç§„Ç∫„Åã„Çâ „Éï„Ç°„Çπ„Éä„Éº ÂÇ∑„ÅåÁõÆÁ´ã„Å°„Å´„Åè„ÅÑ TSA„É≠„ÉÉ„ÇØ „Éè„Éº„Éâ„Ç≠„É£„É™„Éº „Ç∏„ÉÉ„Éë„Éº ÂÖ®„Çµ„Ç§„Ç∫ Êúâ„Çä („É≠„Éº„Ç∫„Ç¥„Éº„É´„Éâ, Ê©üÂÜÖÊåÅËæº„Çµ„Ç§„Ç∫(1-3Ê≥ä/Á¥Ñ41„É™„ÉÉ„Éà„É´Ôºâ)','1',NULL,NULL,NULL,NULL,NULL,1,'admin','2018-12-31 20:00:02',NULL,NULL,NULL,NULL,NULL,NULL,NULL,NULL,0,0,0,0,0,0),('250-5066757-2780600','YM-RFHA-8TVU',NULL,NULL,'admin',NULL,NULL,NULL,'09080461754','193-0832','Êù±‰∫¨ÈÉΩ--ÂÖ´ÁéãÂ≠êÂ∏ÇÊï£Áî∞Áî∫2-67-13','ÊòØÊûù ÁúüÁî±Áæé',NULL,'JPY--999.00','SAHASAHA ÁùÄ‰ªò„Åë ÁùÄÁâ© „ÇØ„É™„ÉÉ„Éó Ë°øÊ≠¢„ÇÅ„ÇØ„É™„ÉÉ„Éó ÂíåË£Ö„ÇØ„É™„ÉÉ„Éó Ëä± 3ÂÄã„Çª„ÉÉ„Éà','1',NULL,NULL,NULL,NULL,NULL,1,'admin','2019-02-24 20:00:02',NULL,NULL,NULL,NULL,NULL,NULL,NULL,NULL,0,0,0,0,0,0),('250-5072775-3391862','VK-7V5A-H543',NULL,NULL,'admin',NULL,NULL,NULL,NULL,NULL,NULL,NULL,NULL,NULL,'SAHASAHA „Çπ„Éº„ÉÑ„Ç±„Éº„Çπ „Ç≠„É£„É™„Éº„Ç±„Éº„Çπ „Ç≠„É£„É™„Éº„Éê„ÉÉ„Ç∞ Ê©üÂÜÖÊåÅ„Å°Ëæº„Åø„Çµ„Ç§„Ç∫„Åã„Çâ „Éï„Ç°„Çπ„Éä„Éº ÂÇ∑„ÅåÁõÆÁ´ã„Å°„Å´„Åè„ÅÑ TSA„É≠„ÉÉ„ÇØ „Éè„Éº„Éâ„Ç≠„É£„É™„Éº „Ç∏„ÉÉ„Éë„Éº ÂÖ®„Çµ„Ç§„Ç∫ Êúâ„Çä („É≠„Éº„Ç∫„Ç¥„Éº„É´„Éâ, Ê©üÂÜÖÊåÅËæº„Çµ„Ç§„Ç∫(1-3Ê≥ä/Á¥Ñ41„É™„ÉÉ„Éà„É´Ôºâ)','1',NULL,NULL,NULL,NULL,NULL,1,'admin','2019-02-19 20:00:04',NULL,NULL,NULL,NULL,NULL,NULL,NULL,NULL,0,0,0,0,0,0),('250-5147204-2115045','ED-0UIY-40IQ',NULL,NULL,'admin',NULL,NULL,NULL,'','656-0016','ÂÖµÂ∫´Áúå--Ê¥≤Êú¨Â∏Ç‰∏ãÂÜÖËÜ≥384','ÊßáÊú¨Êµ©Â≠ê',NULL,'JPY--8260.00','SAHASAHA „Çπ„Éº„ÉÑ„Ç±„Éº„Çπ „Ç≠„É£„É™„Éº„Ç±„Éº„Çπ „Ç≠„É£„É™„Éº„Éê„ÉÉ„Ç∞ Ê©üÂÜÖÊåÅ„Å°Ëæº„Åø„Çµ„Ç§„Ç∫„Åã„Çâ „Éï„Ç°„Çπ„Éä„Éº ÂÇ∑„ÅåÁõÆÁ´ã„Å°„Å´„Åè„ÅÑ TSA','0',NULL,NULL,NULL,NULL,NULL,1,'admin','2019-02-11 20:00:04',NULL,NULL,NULL,NULL,NULL,NULL,NULL,NULL,0,0,0,0,0,0),('250-5184186-5006220','YM-RFHA-8TVU',NULL,NULL,'admin',NULL,NULL,NULL,'09080461754','193-0832','Êù±‰∫¨ÈÉΩ--ÂÖ´ÁéãÂ≠êÂ∏ÇÊï£Áî∞Áî∫2-67-13','ÊòØÊûù ÁúüÁî±Áæé',NULL,'JPY--999.00','SAHASAHA ÁùÄ‰ªò„Åë ÁùÄÁâ© „ÇØ„É™„ÉÉ„Éó Ë°øÊ≠¢„ÇÅ„ÇØ„É™„ÉÉ„Éó ÂíåË£Ö„ÇØ„É™„ÉÉ„Éó Ëä± 3ÂÄã„Çª„ÉÉ„Éà','1',NULL,NULL,NULL,NULL,NULL,1,'admin','2019-02-24 20:00:03',NULL,NULL,NULL,NULL,NULL,NULL,NULL,NULL,0,0,0,0,0,0),('250-5300912-6400654','SN-43IS-TWEP',NULL,NULL,'admin',NULL,NULL,NULL,NULL,NULL,NULL,NULL,NULL,'JPY--19920.00','SAHASAHA „Çπ„Éº„ÉÑ„Ç±„Éº„Çπ „Ç≠„É£„É™„Éº„Ç±„Éº„Çπ „Ç≠„É£„É™„Éº„Éê„ÉÉ„Ç∞ Ê©üÂÜÖÊåÅ„Å°Ëæº„Åø„Çµ„Ç§„Ç∫„Åã„Çâ „Éï„Ç°„Çπ„Éä„Éº ÂÇ∑„ÅåÁõÆÁ´ã„Å°„Å´„Åè„ÅÑ TSA„É≠„ÉÉ„ÇØ „Éè„Éº„Éâ„Ç≠„É£„É™„Éº „Ç∏„ÉÉ„Éë„Éº ÂÖ®„Çµ„Ç§„Ç∫ Êúâ„Çä („É≠„Éº„Ç∫„Ç¥„Éº„É´„Éâ, L„Çµ„Ç§„Ç∫Ôºà7Ê≥ä‰ª•‰∏ä/Á¥Ñ86 „É™„ÉÉ„Éà„É´Ôºâ)','0',NULL,NULL,NULL,NULL,NULL,1,'admin','2019-02-24 20:00:04',NULL,NULL,NULL,NULL,NULL,NULL,NULL,NULL,0,0,0,0,0,0),('250-5368518-8749415','HM-B5BT-1IWO',NULL,NULL,'admin',NULL,NULL,NULL,NULL,NULL,NULL,NULL,NULL,NULL,'SAHASAHA „Çπ„Éº„ÉÑ„Ç±„Éº„Çπ „Ç≠„É£„É™„Éº„Ç±„Éº„Çπ „Ç≠„É£„É™„Éº„Éê„ÉÉ„Ç∞ Ê©üÂÜÖÊåÅ„Å°Ëæº„Åø„Çµ„Ç§„Ç∫„Åã„Çâ „Éï„Ç°„Çπ„Éä„Éº ÂÇ∑„ÅåÁõÆÁ´ã„Å°„Å´„Åè„ÅÑ TSA„É≠„ÉÉ„ÇØ „Éè„Éº„Éâ„Ç≠„É£„É™„Éº „Ç∏„ÉÉ„Éë„Éº ÂÖ®„Çµ„Ç§„Ç∫ Êúâ„Çä („É≠„Éº„Ç∫„Ç¥„Éº„É´„Éâ, Ôº≥„Çµ„Ç§„Ç∫Ôºà3-5Ê≥ä/Á¥Ñ51„É™„ÉÉ„Éà„É´Ôºâ)','0',NULL,NULL,NULL,NULL,NULL,1,'admin','2018-12-30 20:00:03',NULL,NULL,NULL,NULL,NULL,NULL,NULL,NULL,0,0,0,0,0,0),('250-5374794-7847017','YI-E0XQ-KIDU',NULL,NULL,'admin',NULL,NULL,NULL,'08045144593','966-0002','Á¶èÂ≥∂Áúå--ÂñúÂ§öÊñπÂ∏ÇÂ≤©ÊúàÁî∫ÂÆÆÊ¥•‰∏≠Áî∞‰ªò2810','Áü¢ÂêπÂÑ™Êñó',NULL,'JPY--16000.00','ÂàùÂøÉËÄÖÂÖ•ÈñÄ Á¥ÖÊú®‰∫åËÉ° ‰∏≠ÂõΩËòáÂ∑û‰∫åËÉ° „Ç±„Éº„Çπ‰ªò','1',NULL,NULL,NULL,NULL,NULL,1,'admin','2019-01-04 20:00:02',NULL,NULL,NULL,NULL,NULL,NULL,NULL,NULL,0,0,0,0,0,0),('250-5531926-7679062','0Y-K99Y-JMPZ',NULL,NULL,'admin',NULL,NULL,NULL,'','123-0857','Êù±‰∫¨ÈÉΩ--Ë∂≥Á´ãÂå∫Êú¨Êú®ÂåóÁî∫9-20','ÊåÅÊú®ÁæéÁ©Ç',NULL,'JPY--9960.00','SAHASAHA „Çπ„Éº„ÉÑ„Ç±„Éº„Çπ „Ç≠„É£„É™„Éº„Ç±„Éº„Çπ „Ç≠„É£„É™„Éº„Éê„ÉÉ„Ç∞ Ê©üÂÜÖÊåÅ„Å°Ëæº„Åø„Çµ„Ç§„Ç∫„Åã„Çâ „Éï„Ç°„Çπ„Éä„Éº ÂÇ∑„ÅåÁõÆÁ´ã„Å°„Å´„Åè„ÅÑ TSA','0',NULL,NULL,NULL,NULL,NULL,1,'admin','2019-02-06 20:00:02',NULL,NULL,NULL,NULL,NULL,NULL,NULL,NULL,0,0,0,0,0,0),('250-5541884-7042255','tent-blue',NULL,NULL,'admin',NULL,NULL,NULL,'08029527199','910-0373','Á¶è‰∫ïÁúå--ÂùÇ‰∫ïÂ∏Ç‰∏∏Â≤°Áî∫È´òÊü≥21‰∏Ä4','Ê£ÆÈï∑ÂçÉÈ¶ôÂ≠ê',NULL,'JPY--3690.00','SAHASAHA „Ç≠„ÉÉ„Ç∫„Éó„É¨„Ç§„ÉÜ„É≥„ÉàÂ≠ê‰æõÁî® ÂèØÊÑõ„ÅÑ„ÉÜ„É≥„Éà„Éñ„É´„Éº6Ëßí„Ç≠„ÉÉ„Ç∫„ÉÜ„É≥„Éà „Ç≠„ÉÉ„Ç∫„Éè„Ç¶„Çπ Â±ãÂÜÖË£ÖÈ£æ ÂÆ§ÂÜÖ ÂÆ§Â§ñ „ÇÆ„Éï„Éà „Éó„É™„É≥„Çª„Çπ „Éî„Ç´„Éî„Ç´LEDÈõªÁêÉ‰ªò„Åç („Éñ„É´„Éº)','1',NULL,NULL,NULL,NULL,NULL,1,'admin','2018-11-24 20:00:03',NULL,NULL,NULL,NULL,NULL,NULL,NULL,NULL,NULL,NULL,NULL,NULL,NULL,NULL),('250-5570148-2596600','5U-Y2SK-VDC5',NULL,NULL,'admin',NULL,NULL,NULL,NULL,NULL,NULL,NULL,NULL,NULL,'SAHASAHA „ÉØ„É≥„Çø„ÉÉ„ÉÅ„ÉÜ„É≥„Éà „ÉÜ„É≥„Éà 3ÔΩû5‰∫∫Áî® „ÉØ„É≥„Çø„ÉÉ„ÉÅ 2WAY „ÉÜ„É≥„Éà 3WAY „ÉÜ„É≥„Éà Ë®≠Âñ∂Á∞°Âçò Èò≤ÁÅΩÁî® „Ç≠„É£„É≥„ÉóÁî®ÂìÅ Êí•Ê∞¥Âä†Â∑• Á¥´Â§ñÁ∑öÈò≤Ê≠¢ ÁôªÂ±± Êäò„Çä„Åü„Åü„Åø Èò≤Ê∞¥ ÈÄöÊ∞óÊÄß „Ç¢„Ç¶„Éà„Éâ„Ç¢ 240*210*135cm („Éñ„É´„Éº, 3ÔΩû5‰∫∫Áî®)','0',NULL,NULL,NULL,NULL,NULL,1,'admin','2019-01-01 20:00:04',NULL,NULL,NULL,NULL,NULL,NULL,NULL,NULL,0,0,0,0,0,0),('250-5617783-4579050','UW-NJCD-KF9N',NULL,NULL,'admin',NULL,NULL,NULL,'','838-0228','Á¶èÂ≤°Áúå--ÊúùÂÄâÈÉ°Á≠ëÂâçÁî∫‰∫å','MISAKI HIRAYAMA',NULL,'JPY--8200.00','SAHASAHA „Çπ„Éº„ÉÑ„Ç±„Éº„Çπ „Ç≠„É£„É™„Éº„Ç±„Éº„Çπ „Ç≠„É£„É™„Éº„Éê„ÉÉ„Ç∞ Ê©üÂÜÖÊåÅ„Å°Ëæº„Åø„Çµ„Ç§„Ç∫„Åã„Çâ „Éï„Ç°„Çπ„Éä„Éº ÂÇ∑„ÅåÁõÆÁ´ã„Å°„Å´„Åè„ÅÑ TSA','0',NULL,NULL,NULL,NULL,NULL,1,'admin','2019-02-08 20:00:03',NULL,NULL,NULL,NULL,NULL,NULL,NULL,NULL,0,0,0,0,0,0),('250-5665139-3735804','SN-43IS-TWEP',NULL,NULL,'admin',NULL,NULL,NULL,'08016671315','036-8225','ÈùíÊ£ÆÁúå--ÂºòÂâçÂ∏ÇË•ø„Ç±‰∏òÁî∫','„Ç¶„Çπ„Ç§„Éõ„Éé„Éü',NULL,'JPY--9960.00','SAHASAHA „Çπ„Éº„ÉÑ„Ç±„Éº„Çπ „Ç≠„É£„É™„Éº„Ç±„Éº„Çπ „Ç≠„É£„É™„Éº„Éê„ÉÉ„Ç∞ Ê©üÂÜÖÊåÅ„Å°Ëæº„Åø„Çµ„Ç§„Ç∫„Åã„Çâ „Éï„Ç°„Çπ„Éä„Éº ÂÇ∑„ÅåÁõÆÁ´ã„Å°„Å´„Åè„ÅÑ TSA„É≠„ÉÉ„ÇØ „Éè„Éº„Éâ„Ç≠„É£„É™„Éº „Ç∏„ÉÉ„Éë„Éº ÂÖ®„Çµ„Ç§„Ç∫ Êúâ„Çä („É≠„Éº„Ç∫„Ç¥„Éº„É´„Éâ, L„Çµ„Ç§„Ç∫Ôºà7Ê≥ä‰ª•‰∏ä/Á¥Ñ86 „É™„ÉÉ„Éà„É´Ôºâ)','1',NULL,NULL,NULL,NULL,NULL,1,'admin','2019-01-24 20:00:05',NULL,NULL,NULL,NULL,NULL,NULL,NULL,NULL,0,0,0,0,0,0),('250-5679208-7810211','0Y-K99Y-JMPZ',NULL,NULL,'admin',NULL,NULL,NULL,'','231-0822','Á•ûÂ•àÂ∑ùÁúå--Ê®™ÊµúÂ∏Ç‰∏≠Âå∫Êú¨ÁâßÂÖÉÁî∫13-1','Ë≤ùÂéüÊ¢®Â•à',NULL,'JPY--9462.00','SAHASAHA „Çπ„Éº„ÉÑ„Ç±„Éº„Çπ „Ç≠„É£„É™„Éº„Ç±„Éº„Çπ „Ç≠„É£„É™„Éº„Éê„ÉÉ„Ç∞ Ê©üÂÜÖÊåÅ„Å°Ëæº„Åø„Çµ„Ç§„Ç∫„Åã„Çâ „Éï„Ç°„Çπ„Éä„Éº ÂÇ∑„ÅåÁõÆÁ´ã„Å°„Å´„Åè„ÅÑ TSA','0',NULL,NULL,NULL,NULL,NULL,1,'admin','2019-02-05 20:00:04',NULL,NULL,NULL,NULL,NULL,NULL,NULL,NULL,0,0,0,0,0,0),('250-5697921-3399851','6B-OYS1-RBC2',NULL,NULL,'admin',NULL,NULL,NULL,'0567675377','498-0017','ÊÑõÁü•Áúå--Âº•ÂØåÂ∏ÇÂâç„Ç±È†àÁî∫Ë•øÂãòÂä©222-1','Ê°êÂ±± ÁúüÁî±Áæé',NULL,'JPY--9326.00','SAHASAHA „Çπ„Éº„ÉÑ„Ç±„Éº„Çπ „Ç≠„É£„É™„Éº„Ç±„Éº„Çπ „Ç≠„É£„É™„Éº„Éê„ÉÉ„Ç∞ Ê©üÂÜÖÊåÅ„Å°Ëæº„Åø„Çµ„Ç§„Ç∫„Åã„Çâ „Éï„Ç°„Çπ„Éä„Éº ÂÇ∑„ÅåÁõÆÁ´ã„Å°„Å´„Åè„ÅÑ TSA„É≠„ÉÉ„ÇØ „Éè„Éº„Éâ„Ç≠„É£„É™„Éº Êã°Âºµ „Ç∏„ÉÉ„Éë„Éº ÂÖ®„Çµ„Ç§„Ç∫ Êúâ„Çä („É≠„Éº„Ç∫„Ç¥„Éº„É´„Éâ „Ç¢„É´„Éü„Éï„É¨„Éº„É† ÂÖâÊ≤¢, Ôº≥„Çµ„Ç§„Ç∫Ôºà3-5Ê≥ä/Á¥Ñ51 „É™„ÉÉ„Éà„É´Ôºâ)','1',NULL,NULL,NULL,NULL,NULL,1,'admin','2019-01-24 20:00:05',NULL,NULL,NULL,NULL,NULL,NULL,NULL,NULL,0,0,0,0,0,0),('250-5804876-1825453','O8-1VYB-PZQ4',NULL,NULL,'admin',NULL,NULL,NULL,NULL,NULL,NULL,NULL,NULL,NULL,'SAHASAHA „Çπ„Éº„ÉÑ„Ç±„Éº„Çπ „Ç≠„É£„É™„Éº„Ç±„Éº„Çπ „Ç≠„É£„É™„Éº„Éê„ÉÉ„Ç∞ Ê©üÂÜÖÊåÅ„Å°Ëæº„Åø„Çµ„Ç§„Ç∫„Åã„Çâ „Éï„Ç°„Çπ„Éä„Éº ÂÇ∑„ÅåÁõÆÁ´ã„Å°„Å´„Åè„ÅÑ TSA„É≠„ÉÉ„ÇØ „Éè„Éº„Éâ„Ç≠„É£„É™„Éº „Ç∏„ÉÉ„Éë„Éº ÂÖ®„Çµ„Ç§„Ç∫ Êúâ„Çä („É≠„Éº„Ç∫„Ç¥„Éº„É´„Éâ, Ê©üÂÜÖÊåÅËæº„Çµ„Ç§„Ç∫(1-3Ê≥ä/Á¥Ñ41„É™„ÉÉ„Éà„É´Ôºâ)','0',NULL,NULL,NULL,NULL,NULL,1,'admin','2019-01-07 20:00:02',NULL,NULL,NULL,NULL,NULL,NULL,NULL,NULL,0,0,0,0,0,0),('250-5821068-8551063','O8-1VYB-PZQ4',NULL,NULL,'admin',NULL,NULL,NULL,NULL,NULL,NULL,NULL,NULL,NULL,'SAHASAHA „Çπ„Éº„ÉÑ„Ç±„Éº„Çπ „Ç≠„É£„É™„Éº„Ç±„Éº„Çπ „Ç≠„É£„É™„Éº„Éê„ÉÉ„Ç∞ Ê©üÂÜÖÊåÅ„Å°Ëæº„Åø„Çµ„Ç§„Ç∫„Åã„Çâ „Éï„Ç°„Çπ„Éä„Éº ÂÇ∑„ÅåÁõÆÁ´ã„Å°„Å´„Åè„ÅÑ TSA„É≠„ÉÉ„ÇØ „Éè„Éº„Éâ„Ç≠„É£„É™„Éº „Ç∏„ÉÉ„Éë„Éº ÂÖ®„Çµ„Ç§„Ç∫ Êúâ„Çä („É≠„Éº„Ç∫„Ç¥„Éº„É´„Éâ, Ê©üÂÜÖÊåÅËæº„Çµ„Ç§„Ç∫(1-3Ê≥ä/Á¥Ñ41„É™„ÉÉ„Éà„É´Ôºâ)','1',NULL,NULL,NULL,NULL,NULL,1,'admin','2018-12-31 20:00:03',NULL,NULL,NULL,NULL,NULL,NULL,NULL,NULL,0,0,0,0,0,0),('250-5896269-9031037','FH-WZ2Q-OYJP',NULL,NULL,'admin',NULL,NULL,NULL,NULL,NULL,NULL,NULL,NULL,NULL,'SAHASAHA „Çπ„Éº„ÉÑ„Ç±„Éº„Çπ „Ç≠„É£„É™„Éº„Ç±„Éº„Çπ „Ç≠„É£„É™„Éº„Éê„ÉÉ„Ç∞ Ê©üÂÜÖÊåÅ„Å°Ëæº„Åø„Çµ„Ç§„Ç∫„Åã„Çâ „Éï„Ç°„Çπ„Éä„Éº ÂÇ∑„ÅåÁõÆÁ´ã„Å°„Å´„Åè„ÅÑ TSA„É≠„ÉÉ„ÇØ „Éè„Éº„Éâ„Ç≠„É£„É™„Éº „Ç∏„ÉÉ„Éë„Éº ÂÖ®„Çµ„Ç§„Ç∫ Êúâ„Çä („É≠„Éº„Ç∫„Ç¥„Éº„É´„Éâ,M„Çµ„Ç§„Ç∫Ôºà5-7Ê≥ä/Á¥Ñ66„É™„ÉÉ„Éà„É´Ôºâ)','1',NULL,NULL,NULL,NULL,NULL,1,'admin','2019-03-06 20:00:04',NULL,NULL,NULL,NULL,NULL,NULL,NULL,NULL,0,0,0,0,0,0),('250-6057339-2254259','VK-7V5A-H543',NULL,NULL,'admin',NULL,NULL,NULL,'','350-1142','ÂüºÁéâÁúå--Â∑ùË∂äÂ∏ÇËó§Èñì','Â≤°Áî∞ÂçÉÊô∂',NULL,'JPY--6631.00','SAHASAHA „Çπ„Éº„ÉÑ„Ç±„Éº„Çπ „Ç≠„É£„É™„Éº„Ç±„Éº„Çπ „Ç≠„É£„É™„Éº„Éê„ÉÉ„Ç∞ Ê©üÂÜÖÊåÅ„Å°Ëæº„Åø„Çµ„Ç§„Ç∫„Åã„Çâ „Éï„Ç°„Çπ„Éä„Éº ÂÇ∑„ÅåÁõÆÁ´ã„Å°„Å´„Åè„ÅÑ TSA','0',NULL,NULL,NULL,NULL,NULL,1,'admin','2019-02-03 20:00:04',NULL,NULL,NULL,NULL,NULL,NULL,NULL,NULL,0,0,0,0,0,0),('250-6095174-7992669','WG-0DAJ-6HFY',NULL,NULL,'admin',NULL,NULL,NULL,NULL,NULL,NULL,NULL,NULL,NULL,'SAHASAHA „Çπ„Éº„ÉÑ„Ç±„Éº„Çπ „Ç≠„É£„É™„Éº„Ç±„Éº„Çπ „Ç≠„É£„É™„Éº„Éê„ÉÉ„Ç∞ Ê©üÂÜÖÊåÅ„Å°Ëæº„Åø„Çµ„Ç§„Ç∫„Åã„Çâ „Éï„Ç°„Çπ„Éä„Éº ÂÇ∑„ÅåÁõÆÁ´ã„Å°„Å´„Åè„ÅÑ TSA„É≠„ÉÉ„ÇØ „Éè„Éº„Éâ„Ç≠„É£„É™„Éº „Ç∏„ÉÉ„Éë„Éº ÂÖ®„Çµ„Ç§„Ç∫ Êúâ„Çä („Ç∑„É´„Éê„Éº, M„Çµ„Ç§„Ç∫Ôºà5-7Ê≥ä/Á¥Ñ66„É™„ÉÉ„Éà„É´Ôºâ)','1',NULL,NULL,NULL,NULL,NULL,1,'admin','2019-01-08 20:00:02',NULL,NULL,NULL,NULL,NULL,NULL,NULL,NULL,0,0,0,0,0,0),('250-6299272-8085405','O8-1VYB-PZQ4',NULL,NULL,'admin',NULL,NULL,NULL,'08013517290','346-0012','ÂüºÁéâÁúå--‰πÖÂñúÂ∏ÇÊ†óÂéü141-85','ÂÖêÁéâ ÁúüÂêé',NULL,'JPY--6960.00','SAHASAHA „Çπ„Éº„ÉÑ„Ç±„Éº„Çπ „Ç≠„É£„É™„Éº„Ç±„Éº„Çπ „Ç≠„É£„É™„Éº„Éê„ÉÉ„Ç∞ Ê©üÂÜÖÊåÅ„Å°Ëæº„Åø„Çµ„Ç§„Ç∫„Åã„Çâ „Éï„Ç°„Çπ„Éä„Éº ÂÇ∑„ÅåÁõÆÁ´ã„Å°„Å´„Åè„ÅÑ TSA„É≠„ÉÉ„ÇØ „Éè„Éº„Éâ„Ç≠„É£„É™„Éº „Ç∏„ÉÉ„Éë„Éº ÂÖ®„Çµ„Ç§„Ç∫ Êúâ„Çä („É≠„Éº„Ç∫„Ç¥„Éº„É´„Éâ, Ê©üÂÜÖÊåÅËæº„Çµ„Ç§„Ç∫(1-3Ê≥ä/Á¥Ñ41„É™„ÉÉ„Éà„É´Ôºâ)','1',NULL,NULL,NULL,NULL,NULL,1,'admin','2019-01-06 20:00:04',NULL,NULL,NULL,NULL,NULL,NULL,NULL,NULL,0,0,0,0,0,0),('250-6333928-5161441','SN-43IS-TWEP',NULL,NULL,'admin',NULL,NULL,NULL,NULL,NULL,NULL,NULL,NULL,NULL,'SAHASAHA „Çπ„Éº„ÉÑ„Ç±„Éº„Çπ „Ç≠„É£„É™„Éº„Ç±„Éº„Çπ „Ç≠„É£„É™„Éº„Éê„ÉÉ„Ç∞ Ê©üÂÜÖÊåÅ„Å°Ëæº„Åø„Çµ„Ç§„Ç∫„Åã„Çâ „Éï„Ç°„Çπ„Éä„Éº ÂÇ∑„ÅåÁõÆÁ´ã„Å°„Å´„Åè„ÅÑ TSA„É≠„ÉÉ„ÇØ „Éè„Éº„Éâ„Ç≠„É£„É™„Éº „Ç∏„ÉÉ„Éë„Éº ÂÖ®„Çµ„Ç§„Ç∫ Êúâ„Çä („É≠„Éº„Ç∫„Ç¥„Éº„É´„Éâ, L„Çµ„Ç§„Ç∫Ôºà7Ê≥ä‰ª•‰∏ä/Á¥Ñ86 „É™„ÉÉ„Éà„É´Ôºâ)','1',NULL,NULL,NULL,NULL,NULL,1,'admin','2019-02-26 20:00:08',NULL,NULL,NULL,NULL,NULL,NULL,NULL,NULL,0,0,0,0,0,0),('250-6429746-5664621','SN-43IS-TWEP',NULL,NULL,'admin',NULL,NULL,NULL,'09059718668','671-1524','ÂÖµÂ∫´Áúå--Êèñ‰øùÈÉ°Â§™Â≠êÁî∫Êù±‰øù','Â§ßÊ£ÆÁßÄ‰∏ÄÈÉé',NULL,'JPY--9960.00','SAHASAHA „Çπ„Éº„ÉÑ„Ç±„Éº„Çπ „Ç≠„É£„É™„Éº„Ç±„Éº„Çπ „Ç≠„É£„É™„Éº„Éê„ÉÉ„Ç∞ Ê©üÂÜÖÊåÅ„Å°Ëæº„Åø„Çµ„Ç§„Ç∫„Åã„Çâ „Éï„Ç°„Çπ„Éä„Éº ÂÇ∑„ÅåÁõÆÁ´ã„Å°„Å´„Åè„ÅÑ TSA„É≠„ÉÉ„ÇØ „Éè„Éº„Éâ„Ç≠„É£„É™„Éº „Ç∏„ÉÉ„Éë„Éº ÂÖ®„Çµ„Ç§„Ç∫ Êúâ„Çä („É≠„Éº„Ç∫„Ç¥„Éº„É´„Éâ, L„Çµ„Ç§„Ç∫Ôºà7Ê≥ä‰ª•‰∏ä/Á¥Ñ86 „É™„ÉÉ„Éà„É´Ôºâ)','1',NULL,NULL,NULL,NULL,NULL,1,'admin','2019-02-25 20:00:04',NULL,NULL,NULL,NULL,NULL,NULL,NULL,NULL,0,0,0,0,0,0),('250-6551013-8907868','QU-6T21-ZKAH',NULL,NULL,'admin',NULL,NULL,NULL,'','567-0027','Â§ßÈò™Â∫ú--Ëå®Êú®Â∏ÇË•øÁî∞‰∏≠Áî∫4-26','Â∞èÂùÇÁ¥îÂè∏',NULL,'JPY--499.00','SAHASAHA „Éû„Ç∞„Éç„ÉÉ„ÉàÂºèËªäËºâ„Çπ„Éû„Éõ/„Çø„Éñ„É¨„ÉÉ„Éà„Éõ„É´„ÉÄ„Éº 360Â∫¶ÂõûËª¢ Á≤òÁùÄÂºè („Ç∑„É´„Éê„Éº)','0',NULL,NULL,NULL,NULL,NULL,1,'admin','2019-01-12 20:00:02',NULL,NULL,NULL,NULL,NULL,NULL,NULL,NULL,0,0,0,0,0,0),('250-6594978-5086264','QU-6T21-ZKAH',NULL,NULL,'admin',NULL,NULL,NULL,'','509-7201','Â≤êÈòúÁúå--ÊÅµÈÇ£Â∏ÇÂ§ß‰∫ïÁî∫ÔºíÔºêÔºòÔºó‚àíÔºëÔºóÔºñ','ÈÖí‰∫ï„ÄÄÁ¶èÂ∑±',NULL,'JPY--499.00','SAHASAHA „Éû„Ç∞„Éç„ÉÉ„ÉàÂºèËªäËºâ„Çπ„Éû„Éõ/„Çø„Éñ„É¨„ÉÉ„Éà„Éõ„É´„ÉÄ„Éº 360Â∫¶ÂõûËª¢ Á≤òÁùÄÂºè („Ç∑„É´„Éê„Éº)','0',NULL,NULL,NULL,NULL,NULL,1,'admin','2019-01-10 20:00:04',NULL,NULL,NULL,NULL,NULL,NULL,NULL,NULL,0,0,0,0,0,0),('250-6798964-8698247','VK-7V5A-H543',NULL,NULL,'admin',NULL,NULL,NULL,'','345-0004','ÂüºÁéâÁúå--ÂåóËëõÈ£æÈÉ°ÊùâÊà∏Áî∫','MOMOE SUZUKI',NULL,'JPY--6980.00','SAHASAHA „Çπ„Éº„ÉÑ„Ç±„Éº„Çπ „Ç≠„É£„É™„Éº„Ç±„Éº„Çπ „Ç≠„É£„É™„Éº„Éê„ÉÉ„Ç∞ Ê©üÂÜÖÊåÅ„Å°Ëæº„Åø„Çµ„Ç§„Ç∫„Åã„Çâ „Éï„Ç°„Çπ„Éä„Éº ÂÇ∑„ÅåÁõÆÁ´ã„Å°„Å´„Åè„ÅÑ TSA','0',NULL,NULL,NULL,NULL,NULL,1,'admin','2019-02-07 20:00:02',NULL,NULL,NULL,NULL,NULL,NULL,NULL,NULL,0,0,0,0,0,0),('250-6854034-9015830','O8-1VYB-PZQ4',NULL,NULL,'admin',NULL,NULL,NULL,'07052621776','551-0002','Â§ßÈò™Â∫ú--Â§ßÈò™Â∏ÇÂ§ßÊ≠£Âå∫‰∏âËªíÂÆ∂Êù±1-13-22','Â∞èÂ∑ù‰øùÂ•àÁæé',NULL,'JPY--6960.00','SAHASAHA „Çπ„Éº„ÉÑ„Ç±„Éº„Çπ „Ç≠„É£„É™„Éº„Ç±„Éº„Çπ „Ç≠„É£„É™„Éº„Éê„ÉÉ„Ç∞ Ê©üÂÜÖÊåÅ„Å°Ëæº„Åø„Çµ„Ç§„Ç∫„Åã„Çâ „Éï„Ç°„Çπ„Éä„Éº ÂÇ∑„ÅåÁõÆÁ´ã„Å°„Å´„Åè„ÅÑ TSA„É≠„ÉÉ„ÇØ „Éè„Éº„Éâ„Ç≠„É£„É™„Éº Êã°Âºµ „Ç∏„ÉÉ„Éë„Éº ÂÖ®„Çµ„Ç§„Ç∫ Êúâ„Çä („É≠„Éº„Ç∫„Ç¥„Éº„É´„Éâ, Ê©üÂÜÖÊåÅËæº„Çµ„Ç§„Ç∫(1-3Ê≥ä/33ÔºàÊã°ÂºµÊôÇ40Ôºâ„É™„ÉÉ„Éà„É´Ôºâ)','1',NULL,NULL,NULL,NULL,NULL,1,'admin','2018-12-10 16:00:04',NULL,NULL,NULL,NULL,NULL,NULL,NULL,NULL,0,0,0,0,0,0),('250-6980584-7888605','ED-0UIY-40IQ',NULL,NULL,'admin',NULL,NULL,NULL,'','400-0061','Â±±Ê¢®Áúå--Áî≤Â∫úÂ∏ÇËçíÂ∑ù1-10-25','‰ªäÊùëÊúâ‰æù',NULL,'JPY--8260.00','SAHASAHA „Çπ„Éº„ÉÑ„Ç±„Éº„Çπ „Ç≠„É£„É™„Éº„Ç±„Éº„Çπ „Ç≠„É£„É™„Éº„Éê„ÉÉ„Ç∞ Ê©üÂÜÖÊåÅ„Å°Ëæº„Åø„Çµ„Ç§„Ç∫„Åã„Çâ „Éï„Ç°„Çπ„Éä„Éº ÂÇ∑„ÅåÁõÆÁ´ã„Å°„Å´„Åè„ÅÑ TSA','0',NULL,NULL,NULL,NULL,NULL,1,'admin','2019-02-14 20:00:04',NULL,NULL,NULL,NULL,NULL,NULL,NULL,NULL,0,0,0,0,0,0),('250-7128364-6323854','P3-AXD1-32XQ',NULL,NULL,'admin',NULL,NULL,NULL,'','174-0046','Êù±‰∫¨ÈÉΩ--ÊùøÊ©ãÂå∫ËìÆÊ†π','Â±±‰∏ã Êµ©',NULL,'JPY--1998.00','SAHASAHA „ÉØ„É≥„Çø„ÉÉ„ÉÅ„ÉÜ„É≥„Éà „ÉÜ„É≥„Éà 3ÔΩû5‰∫∫Áî® „ÉØ„É≥„Çø„ÉÉ„ÉÅ 2WAY „ÉÜ„É≥„Éà Ë®≠Âñ∂Á∞°Âçò Èò≤ÁÅΩÁî® „Ç≠„É£„É≥„ÉóÁî®ÂìÅ Êí•Ê∞¥Âä†Â∑• Á¥´Â§ñÔøΩ','0',NULL,NULL,NULL,NULL,NULL,1,'admin','2019-01-01 20:00:05',NULL,NULL,NULL,NULL,NULL,NULL,NULL,NULL,0,0,0,0,0,0),('250-7160397-0371015','UW-NJCD-KF9N',NULL,NULL,'admin',NULL,NULL,NULL,'','514-2222','‰∏âÈáçÁúå--Ê¥•Â∏ÇË±ä„Åå‰∏ò','ËçíÂ∑ùÈ∫ª‰æù',NULL,'JPY--7660.00','SAHASAHA „Çπ„Éº„ÉÑ„Ç±„Éº„Çπ „Ç≠„É£„É™„Éº„Ç±„Éº„Çπ „Ç≠„É£„É™„Éº„Éê„ÉÉ„Ç∞ Ê©üÂÜÖÊåÅ„Å°Ëæº„Åø„Çµ„Ç§„Ç∫„Åã„Çâ „Éï„Ç°„Çπ„Éä„Éº ÂÇ∑„ÅåÁõÆÁ´ã„Å°„Å´„Åè„ÅÑ TSA','0',NULL,NULL,NULL,NULL,NULL,1,'admin','2019-02-23 20:00:04',NULL,NULL,NULL,NULL,NULL,NULL,NULL,NULL,0,0,0,0,0,0),('250-7330565-3362219','FH-WZ2Q-OYJP',NULL,NULL,'admin',NULL,NULL,NULL,NULL,NULL,NULL,NULL,NULL,NULL,'SAHASAHA „Çπ„Éº„ÉÑ„Ç±„Éº„Çπ „Ç≠„É£„É™„Éº„Ç±„Éº„Çπ „Ç≠„É£„É™„Éº„Éê„ÉÉ„Ç∞ Ê©üÂÜÖÊåÅ„Å°Ëæº„Åø„Çµ„Ç§„Ç∫„Åã„Çâ „Éï„Ç°„Çπ„Éä„Éº ÂÇ∑„ÅåÁõÆÁ´ã„Å°„Å´„Åè„ÅÑ TSA„É≠„ÉÉ„ÇØ „Éè„Éº„Éâ„Ç≠„É£„É™„Éº Êã°Âºµ „Ç∏„ÉÉ„Éë„Éº ÂÖ®„Çµ„Ç§„Ç∫ Êúâ„Çä („É≠„Éº„Ç∫„Ç¥„Éº„É´„Éâ, M„Çµ„Ç§„Ç∫Ôºà5-7Ê≥ä/61ÔºàÊã°ÂºµÊôÇ72Ôºâ„É™„ÉÉ„Éà„É´Ôºâ)','0',NULL,NULL,NULL,NULL,NULL,1,'admin','2018-11-18 18:00:03',NULL,NULL,NULL,NULL,NULL,NULL,NULL,NULL,NULL,NULL,NULL,NULL,NULL,NULL),('250-7576531-6543841','FH-WZ2Q-OYJP',NULL,NULL,'admin',NULL,NULL,NULL,'03-3659-3244','125-0052','Êù±‰∫¨ÈÉΩ--ËëõÈ£æÂå∫Êü¥Âèà6-28-3','ÂêâÁî∞„ÄÄÁßÄÁæé',NULL,'JPY--8260.00','SAHASAHA „Çπ„Éº„ÉÑ„Ç±„Éº„Çπ „Ç≠„É£„É™„Éº„Ç±„Éº„Çπ „Ç≠„É£„É™„Éº„Éê„ÉÉ„Ç∞ Ê©üÂÜÖÊåÅ„Å°Ëæº„Åø„Çµ„Ç§„Ç∫„Åã„Çâ „Éï„Ç°„Çπ„Éä„Éº ÂÇ∑„ÅåÁõÆÁ´ã„Å°„Å´„Åè„ÅÑ TSA„É≠„ÉÉ„ÇØ „Éè„Éº„Éâ„Ç≠„É£„É™„Éº „Ç∏„ÉÉ„Éë„Éº ÂÖ®„Çµ„Ç§„Ç∫ Êúâ„Çä („É≠„Éº„Ç∫„Ç¥„Éº„É´„Éâ,M„Çµ„Ç§„Ç∫Ôºà5-7Ê≥ä/Á¥Ñ66„É™„ÉÉ„Éà„É´Ôºâ)','1',NULL,NULL,NULL,NULL,NULL,1,'admin','2019-02-18 20:00:05',NULL,NULL,NULL,NULL,NULL,NULL,NULL,NULL,0,0,0,0,0,0),('250-7771372-6941408','52-EV2N-XBRO',NULL,NULL,'admin',NULL,NULL,NULL,'09067773127','113-0034','Êù±‰∫¨ÈÉΩ--Êñá‰∫¨Âå∫ÊπØÂ≥∂','Âä†Ëó§ Êô∂Â≠ê',NULL,'JPY--10260.00','SAHASAHA „Çπ„Éº„ÉÑ„Ç±„Éº„Çπ „Ç≠„É£„É™„Éº„Ç±„Éº„Çπ „Ç≠„É£„É™„Éº„Éê„ÉÉ„Ç∞ Ê©üÂÜÖÊåÅ„Å°Ëæº„Åø„Çµ„Ç§„Ç∫„Åã„Çâ „Éï„Ç°„Çπ„Éä„Éº ÂÇ∑„ÅåÁõÆÁ´ã„Å°„Å´„Åè„ÅÑ TSA','1',NULL,NULL,NULL,NULL,NULL,1,'admin','2019-01-05 20:00:46',NULL,NULL,NULL,NULL,NULL,NULL,NULL,NULL,0,0,0,0,0,0),('250-7993048-9004648','QU-6T21-ZKAH',NULL,NULL,'admin',NULL,NULL,NULL,'','509-6102','Â≤êÈòúÁúå--ÁëûÊµ™Â∏ÇÁ®≤Ê¥•Áî∫Ëê©Âéü1661','Ê®™Áî∞„ÄÄËåÇÂºò',NULL,'JPY--399.00','SAHASAHA „Éû„Ç∞„Éç„ÉÉ„ÉàÂºèËªäËºâ„Çπ„Éû„Éõ/„Çø„Éñ„É¨„ÉÉ„Éà„Éõ„É´„ÉÄ„Éº 360Â∫¶ÂõûËª¢ Á≤òÁùÄÂºè („Ç∑„É´„Éê„Éº)','0',NULL,NULL,NULL,NULL,NULL,1,'admin','2018-12-25 20:00:02',NULL,NULL,NULL,NULL,NULL,NULL,NULL,NULL,0,0,0,0,0,0),('250-8066304-6217458','QU-6T21-ZKAH',NULL,NULL,'admin',NULL,NULL,NULL,'','245-0046','Á•ûÂ•àÂ∑ùÁúå--Á•ûÂ•àÂ∑ùÁúåÊ®™ÊµúÂ∏ÇÊ≥âÂå∫ÂíåÊ≥âÁî∫5733-1','hirotakakoyama',NULL,'JPY--399.00','SAHASAHA „Éû„Ç∞„Éç„ÉÉ„ÉàÂºèËªäËºâ„Çπ„Éû„Éõ/„Çø„Éñ„É¨„ÉÉ„Éà„Éõ„É´„ÉÄ„Éº 360Â∫¶ÂõûËª¢ Á≤òÁùÄÂºè („Ç∑„É´„Éê„Éº)','0',NULL,NULL,NULL,NULL,NULL,1,'admin','2019-01-02 20:00:05',NULL,NULL,NULL,NULL,NULL,NULL,NULL,NULL,0,0,0,0,0,0),('250-8192428-5134234','P3-AXD1-32XQ',NULL,NULL,'admin',NULL,NULL,NULL,NULL,NULL,NULL,NULL,NULL,NULL,'SAHASAHA „ÉØ„É≥„Çø„ÉÉ„ÉÅ„ÉÜ„É≥„Éà „ÉÜ„É≥„Éà 3ÔΩû5‰∫∫Áî® „ÉØ„É≥„Çø„ÉÉ„ÉÅ 2WAY „ÉÜ„É≥„Éà Ë®≠Âñ∂Á∞°Âçò Èò≤ÁÅΩÁî® „Ç≠„É£„É≥„ÉóÁî®ÂìÅ Êí•Ê∞¥Âä†Â∑• Á¥´Â§ñÁ∑öÈò≤Ê≠¢ ÁôªÂ±± Êäò„Çä„Åü„Åü„Åø Èò≤Ê∞¥ ÈÄöÊ∞óÊÄß „Ç¢„Ç¶„Éà„Éâ„Ç¢ 240 * 210 * 135cm','1',NULL,NULL,NULL,NULL,NULL,1,'admin','2018-12-30 20:00:04',NULL,NULL,NULL,NULL,NULL,NULL,NULL,NULL,0,0,0,0,0,0),('250-8285550-8842220','HM-B5BT-1IWO',NULL,NULL,'admin',NULL,NULL,NULL,NULL,NULL,NULL,NULL,NULL,NULL,'SAHASAHA „Çπ„Éº„ÉÑ„Ç±„Éº„Çπ „Ç≠„É£„É™„Éº„Ç±„Éº„Çπ „Ç≠„É£„É™„Éº„Éê„ÉÉ„Ç∞ Ê©üÂÜÖÊåÅ„Å°Ëæº„Åø„Çµ„Ç§„Ç∫„Åã„Çâ „Éï„Ç°„Çπ„Éä„Éº ÂÇ∑„ÅåÁõÆÁ´ã„Å°„Å´„Åè„ÅÑ TSA„É≠„ÉÉ„ÇØ „Éè„Éº„Éâ„Ç≠„É£„É™„Éº „Ç∏„ÉÉ„Éë„Éº ÂÖ®„Çµ„Ç§„Ç∫ Êúâ„Çä („É≠„Éº„Ç∫„Ç¥„Éº„É´„Éâ, Ôº≥„Çµ„Ç§„Ç∫Ôºà3-5Ê≥ä/Á¥Ñ51„É™„ÉÉ„Éà„É´Ôºâ)','1',NULL,NULL,NULL,NULL,NULL,1,'admin','2019-01-21 20:00:05',NULL,NULL,NULL,NULL,NULL,NULL,NULL,NULL,0,0,0,0,0,0),('250-8383949-9011010','O8-1VYB-PZQ4',NULL,NULL,'admin',NULL,NULL,NULL,NULL,NULL,NULL,NULL,NULL,NULL,'SAHASAHA „Çπ„Éº„ÉÑ„Ç±„Éº„Çπ „Ç≠„É£„É™„Éº„Ç±„Éº„Çπ „Ç≠„É£„É™„Éº„Éê„ÉÉ„Ç∞ Ê©üÂÜÖÊåÅ„Å°Ëæº„Åø„Çµ„Ç§„Ç∫„Åã„Çâ „Éï„Ç°„Çπ„Éä„Éº ÂÇ∑„ÅåÁõÆÁ´ã„Å°„Å´„Åè„ÅÑ TSA„É≠„ÉÉ„ÇØ „Éè„Éº„Éâ„Ç≠„É£„É™„Éº „Ç∏„ÉÉ„Éë„Éº ÂÖ®„Çµ„Ç§„Ç∫ Êúâ„Çä („É≠„Éº„Ç∫„Ç¥„Éº„É´„Éâ, Ê©üÂÜÖÊåÅËæº„Çµ„Ç§„Ç∫(1-3Ê≥ä/Á¥Ñ41„É™„ÉÉ„Éà„É´Ôºâ)','1',NULL,NULL,NULL,NULL,NULL,1,'admin','2019-01-25 20:00:02',NULL,NULL,NULL,NULL,NULL,NULL,NULL,NULL,0,0,0,0,0,0),('250-8519327-4115064','FH-WZ2Q-OYJP',NULL,NULL,'admin',NULL,NULL,NULL,NULL,NULL,NULL,NULL,NULL,NULL,'SAHASAHA „Çπ„Éº„ÉÑ„Ç±„Éº„Çπ „Ç≠„É£„É™„Éº„Ç±„Éº„Çπ „Ç≠„É£„É™„Éº„Éê„ÉÉ„Ç∞ Ê©üÂÜÖÊåÅ„Å°Ëæº„Åø„Çµ„Ç§„Ç∫„Åã„Çâ „Éï„Ç°„Çπ„Éä„Éº ÂÇ∑„ÅåÁõÆÁ´ã„Å°„Å´„Åè„ÅÑ TSA„É≠„ÉÉ„ÇØ „Éè„Éº„Éâ„Ç≠„É£„É™„Éº Êã°Âºµ „Ç∏„ÉÉ„Éë„Éº ÂÖ®„Çµ„Ç§„Ç∫ Êúâ„Çä („É≠„Éº„Ç∫„Ç¥„Éº„É´„Éâ, M„Çµ„Ç§„Ç∫Ôºà5-7Ê≥ä/61ÔºàÊã°ÂºµÊôÇ72Ôºâ„É™„ÉÉ„Éà„É´Ôºâ)','1',NULL,NULL,NULL,NULL,NULL,1,'admin','2018-11-18 18:00:03',NULL,NULL,NULL,NULL,NULL,NULL,NULL,NULL,NULL,NULL,NULL,NULL,NULL,NULL),('250-8622060-7871055','UN-CC16-9Q87',NULL,NULL,'admin',NULL,NULL,NULL,NULL,NULL,NULL,NULL,NULL,'JPY--6960.00','SAHASAHA „Çπ„Éº„ÉÑ„Ç±„Éº„Çπ „Ç≠„É£„É™„Éº„Ç±„Éº„Çπ „Ç≠„É£„É™„Éº„Éê„ÉÉ„Ç∞ Ê©üÂÜÖÊåÅ„Å°Ëæº„Åø„Çµ„Ç§„Ç∫„Åã„Çâ „Éï„Ç°„Çπ„Éä„Éº ÂÇ∑„ÅåÁõÆÁ´ã„Å°„Å´„Åè„ÅÑ TSA„É≠„ÉÉ„ÇØ „Éè„Éº„Éâ„Ç≠„É£„É™„Éº „Ç∏„ÉÉ„Éë„Éº ÂÖ®„Çµ„Ç§„Ç∫ Êúâ„Çä („Ç∑„É´„Éê„Éº, Ê©üÂÜÖÊåÅËæº„Çµ„Ç§„Ç∫(1-3Ê≥ä/Á¥Ñ41„É™„ÉÉ„Éà„É´Ôºâ)','0',NULL,NULL,NULL,NULL,NULL,1,'admin','2019-01-23 20:00:04',NULL,NULL,NULL,NULL,NULL,NULL,NULL,NULL,0,0,0,0,0,0),('250-8645620-8303032','VK-7V5A-H543',NULL,NULL,'admin',NULL,NULL,NULL,'','251-0035','Á•ûÂ•àÂ∑ùÁúå--Ëó§Ê≤¢Â∏ÇÁâáÁÄ¨Êµ∑Â≤∏3-24-22-504','ÂÜÖÂÆÆ ÂΩ©‰Ω≥',NULL,'JPY--6631.00','SAHASAHA „Çπ„Éº„ÉÑ„Ç±„Éº„Çπ „Ç≠„É£„É™„Éº„Ç±„Éº„Çπ „Ç≠„É£„É™„Éº„Éê„ÉÉ„Ç∞ Ê©üÂÜÖÊåÅ„Å°Ëæº„Åø„Çµ„Ç§„Ç∫„Åã„Çâ „Éï„Ç°„Çπ„Éä„Éº ÂÇ∑„ÅåÁõÆÁ´ã„Å°„Å´„Åè„ÅÑ TSA','0',NULL,NULL,NULL,NULL,NULL,1,'admin','2019-02-06 20:00:02',NULL,NULL,NULL,NULL,NULL,NULL,NULL,NULL,0,0,0,0,0,0),('250-8907875-2716665','1J-W6A4-NHO1',NULL,NULL,'admin',NULL,NULL,NULL,'0593895976','513-0826','‰∏âÈáçÁúå--Èà¥ÈπøÂ∏Ç‰ΩèÂêâÔºïÔºçÔºîÔºçÔºìÔºì','Âë®ÂúíÂúí',NULL,'JPY--8960.00','SAHASAHA „Çπ„Éº„ÉÑ„Ç±„Éº„Çπ „Ç≠„É£„É™„Éº„Ç±„Éº„Çπ „Ç≠„É£„É™„Éº„Éê„ÉÉ„Ç∞ Ê©üÂÜÖÊåÅ„Å°Ëæº„Åø„Çµ„Ç§„Ç∫„Åã„Çâ „Éï„Ç°„Çπ„Éä„Éº ÂÇ∑„ÅåÁõÆÁ´ã„Å°„Å´„Åè„ÅÑ TSA„É≠„ÉÉ„ÇØ „Éè„Éº„Éâ„Ç≠„É£„É™„Éº „Ç∏„ÉÉ„Éë„Éº ÂÖ®„Çµ„Ç§„Ç∫ Êúâ„Çä („Éñ„É©„ÉÉ„ÇØ „Ç¢„É´„Éü„Éï„É¨„Éº„É† ÂÖâÊ≤¢, Ê©üÂÜÖÊåÅËæº„Çµ„Ç§„Ç∫(1-3Ê≥ä/Á¥Ñ41 „É™„ÉÉ„Éà„É´Ôºâ)','0',NULL,NULL,NULL,NULL,NULL,1,'admin','2019-02-21 20:00:03',NULL,NULL,NULL,NULL,NULL,NULL,NULL,NULL,0,0,0,0,0,0),('250-8946061-0571015','ED-0UIY-40IQ',NULL,NULL,'admin',NULL,NULL,NULL,'','311-2104','Ëå®ÂüéÁúå--ÈâæÁî∞Â∏ÇÊ¢∂Â±±467','È£ØÂ≤°Â§èÁ©Ç',NULL,'JPY--8260.00','SAHASAHA „Çπ„Éº„ÉÑ„Ç±„Éº„Çπ „Ç≠„É£„É™„Éº„Ç±„Éº„Çπ „Ç≠„É£„É™„Éº„Éê„ÉÉ„Ç∞ Ê©üÂÜÖÊåÅ„Å°Ëæº„Åø„Çµ„Ç§„Ç∫„Åã„Çâ „Éï„Ç°„Çπ„Éä„Éº ÂÇ∑„ÅåÁõÆÁ´ã„Å°„Å´„Åè„ÅÑ TSA','0',NULL,NULL,NULL,NULL,NULL,1,'admin','2019-02-12 20:00:03',NULL,NULL,NULL,NULL,NULL,NULL,NULL,NULL,0,0,0,0,0,0),('250-9023857-8880641','SN-43IS-TWEP',NULL,NULL,'admin',NULL,NULL,NULL,NULL,NULL,NULL,NULL,NULL,NULL,'SAHASAHA „Çπ„Éº„ÉÑ„Ç±„Éº„Çπ „Ç≠„É£„É™„Éº„Ç±„Éº„Çπ „Ç≠„É£„É™„Éº„Éê„ÉÉ„Ç∞ Ê©üÂÜÖÊåÅ„Å°Ëæº„Åø„Çµ„Ç§„Ç∫„Åã„Çâ „Éï„Ç°„Çπ„Éä„Éº ÂÇ∑„ÅåÁõÆÁ´ã„Å°„Å´„Åè„ÅÑ TSA„É≠„ÉÉ„ÇØ „Éè„Éº„Éâ„Ç≠„É£„É™„Éº „Ç∏„ÉÉ„Éë„Éº ÂÖ®„Çµ„Ç§„Ç∫ Êúâ„Çä („É≠„Éº„Ç∫„Ç¥„Éº„É´„Éâ, L„Çµ„Ç§„Ç∫Ôºà7Ê≥ä‰ª•‰∏ä/Á¥Ñ86 „É™„ÉÉ„Éà„É´Ôºâ)','1',NULL,NULL,NULL,NULL,NULL,1,'admin','2019-02-27 20:00:06',NULL,NULL,NULL,NULL,NULL,NULL,NULL,NULL,0,0,0,0,0,0),('250-9671533-6936646','5U-Y2SK-VDC5',NULL,NULL,'admin',NULL,NULL,NULL,NULL,NULL,NULL,NULL,NULL,NULL,'SAHASAHA „ÉØ„É≥„Çø„ÉÉ„ÉÅ„ÉÜ„É≥„Éà „ÉÜ„É≥„Éà 3ÔΩû5‰∫∫Áî® „ÉØ„É≥„Çø„ÉÉ„ÉÅ 2WAY „ÉÜ„É≥„Éà 3WAY „ÉÜ„É≥„Éà Ë®≠Âñ∂Á∞°Âçò Èò≤ÁÅΩÁî® „Ç≠„É£„É≥„ÉóÁî®ÂìÅ Êí•Ê∞¥Âä†Â∑• Á¥´Â§ñÁ∑öÈò≤Ê≠¢ ÁôªÂ±± Êäò„Çä„Åü„Åü„Åø Èò≤Ê∞¥ ÈÄöÊ∞óÊÄß „Ç¢„Ç¶„Éà„Éâ„Ç¢ 240*210*135cm („Éñ„É´„Éº, 3ÔΩû5‰∫∫Áî®)','1',NULL,NULL,NULL,NULL,NULL,1,'admin','2018-12-10 16:00:04',NULL,NULL,NULL,NULL,NULL,NULL,NULL,NULL,0,0,0,0,0,0),('250-9673661-9693420','SF-0LCQ-50C6',NULL,NULL,'admin',NULL,NULL,NULL,NULL,NULL,NULL,NULL,NULL,NULL,'SAHASAHA „Éû„Ç∞„Éç„ÉÉ„ÉàÂºèËªäËºâ„Çπ„Éû„Éõ/„Çø„Éñ„É¨„ÉÉ„Éà„Éõ„É´„ÉÄ„Éº 360Â∫¶ÂõûËª¢ Á≤òÁùÄÂºè („Éñ„É©„ÉÉ„ÇØ)','1',NULL,NULL,NULL,NULL,NULL,1,'admin','2018-12-02 12:00:04',NULL,NULL,NULL,NULL,NULL,NULL,NULL,NULL,NULL,NULL,NULL,NULL,NULL,NULL),('250-9689348-1694204','ED-0UIY-40IQ',NULL,NULL,'admin',NULL,NULL,NULL,NULL,NULL,NULL,NULL,NULL,NULL,'SAHASAHA „Çπ„Éº„ÉÑ„Ç±„Éº„Çπ „Ç≠„É£„É™„Éº„Ç±„Éº„Çπ „Ç≠„É£„É™„Éº„Éê„ÉÉ„Ç∞ Ê©üÂÜÖÊåÅ„Å°Ëæº„Åø„Çµ„Ç§„Ç∫„Åã„Çâ „Éï„Ç°„Çπ„Éä„Éº ÂÇ∑„ÅåÁõÆÁ´ã„Å°„Å´„Åè„ÅÑ TSA„É≠„ÉÉ„ÇØ „Éè„Éº„Éâ„Ç≠„É£„É™„Éº „Ç∏„ÉÉ„Éë„Éº ÂÖ®„Çµ„Ç§„Ç∫ Êúâ„Çä („É≠„Éº„Ç∫„Ç¥„Éº„É´„Éâ,M„Çµ„Ç§„Ç∫Ôºà5-7Ê≥ä/Á¥Ñ66„É™„ÉÉ„Éà„É´Ôºâ)','1',NULL,NULL,NULL,NULL,NULL,1,'admin','2019-02-10 20:00:02',NULL,NULL,NULL,NULL,NULL,NULL,NULL,NULL,0,0,0,0,0,0),('250-9925596-8875841','HM-B5BT-1IWO',NULL,NULL,'admin',NULL,NULL,NULL,'076-288-7481','929-0345','Áü≥Â∑ùÁúå--Ê≤≥ÂåóÈÉ°Ê¥•Âπ°Áî∫Â≠óÂ§™Áî∞„ÅØ-40-2','ÊüèÂÄâ„ÄÄÂÑ™',NULL,'JPY--7660.00','SAHASAHA „Çπ„Éº„ÉÑ„Ç±„Éº„Çπ „Ç≠„É£„É™„Éº„Ç±„Éº„Çπ „Ç≠„É£„É™„Éº„Éê„ÉÉ„Ç∞ Ê©üÂÜÖÊåÅ„Å°Ëæº„Åø„Çµ„Ç§„Ç∫„Åã„Çâ „Éï„Ç°„Çπ„Éä„Éº ÂÇ∑„ÅåÁõÆÁ´ã„Å°„Å´„Åè„ÅÑ TSA„É≠„ÉÉ„ÇØ „Éè„Éº„Éâ„Ç≠„É£„É™„Éº „Ç∏„ÉÉ„Éë„Éº ÂÖ®„Çµ„Ç§„Ç∫ Êúâ„Çä („É≠„Éº„Ç∫„Ç¥„Éº„É´„Éâ, Ôº≥„Çµ„Ç§„Ç∫Ôºà3-5Ê≥ä/Á¥Ñ51„É™„ÉÉ„Éà„É´Ôºâ)','1',NULL,NULL,NULL,NULL,NULL,1,'admin','2019-03-02 20:00:03',NULL,NULL,NULL,NULL,NULL,NULL,NULL,NULL,0,0,0,0,0,0),('503-0011755-5197423','ED-0UIY-40IQ',NULL,NULL,'admin',NULL,NULL,NULL,'','561-0844','Â§ßÈò™Â∫ú--Ë±ä‰∏≠Â∏ÇÂà©ÂÄâË•ø','Ê©ãÊú¨Ëèú„ÄÖ',NULL,'JPY--8760.00','SAHASAHA „Çπ„Éº„ÉÑ„Ç±„Éº„Çπ „Ç≠„É£„É™„Éº„Ç±„Éº„Çπ „Ç≠„É£„É™„Éº„Éê„ÉÉ„Ç∞ Ê©üÂÜÖÊåÅ„Å°Ëæº„Åø„Çµ„Ç§„Ç∫„Åã„Çâ „Éï„Ç°„Çπ„Éä„Éº ÂÇ∑„ÅåÁõÆÁ´ã„Å°„Å´„Åè„ÅÑ TSA','0',NULL,NULL,NULL,NULL,NULL,1,'admin','2019-02-13 20:00:04',NULL,NULL,NULL,NULL,NULL,NULL,NULL,NULL,0,0,0,0,0,0),('503-0015281-1582274','QU-6T21-ZKAH',NULL,NULL,'admin',NULL,NULL,NULL,'','561-0812','Â§ßÈò™Â∫ú--Ë±ä‰∏≠Â∏ÇÂåóÊù°Áî∫2-9-20','Â≤©Áî∞Êñ∞ÊÇü',NULL,'JPY--399.00','SAHASAHA „Éû„Ç∞„Éç„ÉÉ„ÉàÂºèËªäËºâ„Çπ„Éû„Éõ/„Çø„Éñ„É¨„ÉÉ„Éà„Éõ„É´„ÉÄ„Éº 360Â∫¶ÂõûËª¢ Á≤òÁùÄÂºè („Ç∑„É´„Éê„Éº)','0',NULL,NULL,NULL,NULL,NULL,1,'admin','2018-12-29 20:00:04',NULL,NULL,NULL,NULL,NULL,NULL,NULL,NULL,0,0,0,0,0,0),('503-0031321-3180637','52-EV2N-XBRO',NULL,NULL,'admin',NULL,NULL,NULL,'08067755494','197-0827','Êù±‰∫¨ÈÉΩ--„ÅÇ„Åç„ÇãÈáéÂ∏ÇÊ≤πÂπ≥175-1','‰ΩêËó§„Åã„ÅôÁæé',NULL,'JPY--10260.00','SAHASAHA „Çπ„Éº„ÉÑ„Ç±„Éº„Çπ „Ç≠„É£„É™„Éº„Ç±„Éº„Çπ „Ç≠„É£„É™„Éº„Éê„ÉÉ„Ç∞ Ê©üÂÜÖÊåÅ„Å°Ëæº„Åø„Çµ„Ç§„Ç∫„Åã„Çâ „Éï„Ç°„Çπ„Éä„Éº ÂÇ∑„ÅåÁõÆÁ´ã„Å°„Å´„Åè„ÅÑ TSA„É≠„ÉÉ„ÇØ „Éè„Éº„Éâ„Ç≠„É£„É™„Éº „Ç∏„ÉÉ„Éë„Éº ÂÖ®„Çµ„Ç§„Ç∫ Êúâ„Çä („É≠„Éº„Ç∫„Ç¥„Éº„É´„Éâ „Ç¢„É´„Éü„Éï„É¨„Éº„É† ÂÖâÊ≤¢, M„Çµ„Ç§„Ç∫Ôºà5-7Ê≥ä/Á¥Ñ66 „É™„ÉÉ„Éà„É´Ôºâ)','1',NULL,NULL,NULL,NULL,NULL,1,'admin','2019-01-22 20:00:03',NULL,NULL,NULL,NULL,NULL,NULL,NULL,NULL,0,0,0,0,0,0),('503-0037106-3676668','VK-7V5A-H543',NULL,NULL,'admin',NULL,NULL,NULL,'','957-0067','Êñ∞ÊΩüÁúå--Êñ∞Áô∫Áî∞Â∏Ç‰∏≠ÊõΩÊ†πÁî∫','Áü≥Â±±Êô¥Ëèú',NULL,'JPY--6980.00','SAHASAHA „Çπ„Éº„ÉÑ„Ç±„Éº„Çπ „Ç≠„É£„É™„Éº„Ç±„Éº„Çπ „Ç≠„É£„É™„Éº„Éê„ÉÉ„Ç∞ Ê©üÂÜÖÊåÅ„Å°Ëæº„Åø„Çµ„Ç§„Ç∫„Åã„Çâ „Éï„Ç°„Çπ„Éä„Éº ÂÇ∑„ÅåÁõÆÁ´ã„Å°„Å´„Åè„ÅÑ TSA','0',NULL,NULL,NULL,NULL,NULL,1,'admin','2019-03-05 20:00:04',NULL,NULL,NULL,NULL,NULL,NULL,NULL,NULL,0,0,0,0,0,0),('503-0116214-5520657','ED-0UIY-40IQ',NULL,NULL,'admin',NULL,NULL,NULL,'','391-0011','Èï∑ÈáéÁúå--ËåÖÈáéÂ∏ÇÁéâÂ∑ùÔºìÔºîÔºîÔºî‚àíÔºò','Â∞èÊ≤≥ÂéüÈáåÊÅµ',NULL,'JPY--8260.00','SAHASAHA „Çπ„Éº„ÉÑ„Ç±„Éº„Çπ „Ç≠„É£„É™„Éº„Ç±„Éº„Çπ „Ç≠„É£„É™„Éº„Éê„ÉÉ„Ç∞ Ê©üÂÜÖÊåÅ„Å°Ëæº„Åø„Çµ„Ç§„Ç∫„Åã„Çâ „Éï„Ç°„Çπ„Éä„Éº ÂÇ∑„ÅåÁõÆÁ´ã„Å°„Å´„Åè„ÅÑ TSA','0',NULL,NULL,NULL,NULL,NULL,1,'admin','2019-02-04 20:00:03',NULL,NULL,NULL,NULL,NULL,NULL,NULL,NULL,0,0,0,0,0,0),('503-0358769-5996665','O2-R8WF-BJFL',NULL,NULL,'admin',NULL,NULL,NULL,'0667881198','577-0053','Â§ßÈò™Â∫ú--Êù±Â§ßÈò™Â∏ÇÈ´ò‰∫ïÁî∞23-20','È≥•ÁæΩÈÅìÂ§´',NULL,'JPY--3680.00','SAHASAHA „ÉØ„É≥„Çø„ÉÉ„ÉÅ„ÉÜ„É≥„Éà „ÉÜ„É≥„Éà 1-2‰∫∫Áî® Ë®≠Âñ∂Á∞°Âçò Èò≤ÁÅΩÁî® „Ç≠„É£„É≥„ÉóÁî®ÂìÅ Êí•Ê∞¥Âä†Â∑• Á¥´Â§ñÁ∑öÈò≤Ê≠¢ ÁôªÂ±± Êäò„Çä„Åü„Åü„Åø Èò≤Ê∞¥ ÈÄöÊ∞óÊÄß „Ç¢„Ç¶„Éà„Éâ„Ç¢ 210 * 140 * 110cm „Ç∞„É™„Éº„É≥ ÂèéÁ¥ç„Ç±„Éº„Çπ Êó•Êú¨Ë™ûË™¨ÊòéÊõ∏‰ªò„Åç','1',NULL,NULL,NULL,NULL,NULL,1,'admin','2019-02-25 20:00:05',NULL,NULL,NULL,NULL,NULL,NULL,NULL,NULL,0,0,0,0,0,0),('503-0592636-1955834','QU-6T21-ZKAH',NULL,NULL,'admin',NULL,NULL,NULL,'','617-0856','‰∫¨ÈÉΩÂ∫ú--Èï∑Â≤°‰∫¨Â∏ÇÈáë„Ç±Âéü','Êà∏Áî∞„ÄÄË´≠',NULL,'JPY--499.00','SAHASAHA „Éû„Ç∞„Éç„ÉÉ„ÉàÂºèËªäËºâ„Çπ„Éû„Éõ/„Çø„Éñ„É¨„ÉÉ„Éà„Éõ„É´„ÉÄ„Éº 360Â∫¶ÂõûËª¢ Á≤òÁùÄÂºè („Ç∑„É´„Éê„Éº)','0',NULL,NULL,NULL,NULL,NULL,1,'admin','2019-01-13 20:00:04',NULL,NULL,NULL,NULL,NULL,NULL,NULL,NULL,0,0,0,0,0,0),('503-0660401-3667017','QU-6T21-ZKAH',NULL,NULL,'admin',NULL,NULL,NULL,'','870-1123','Â§ßÂàÜÁúå--Â§ßÂàÜÂ∏ÇÂ§ßÂ≠óÂØíÁî∞ÔºëÔºïÔºëÔºëÁï™Âú∞„ÅÆÔºó','‰∫Ä‰∫ïÂíåÂΩ¶',NULL,'JPY--399.00','SAHASAHA „Éû„Ç∞„Éç„ÉÉ„ÉàÂºèËªäËºâ„Çπ„Éû„Éõ/„Çø„Éñ„É¨„ÉÉ„Éà„Éõ„É´„ÉÄ„Éº 360Â∫¶ÂõûËª¢ Á≤òÁùÄÂºè („Ç∑„É´„Éê„Éº)','0',NULL,NULL,NULL,NULL,NULL,1,'admin','2019-01-03 20:00:02',NULL,NULL,NULL,NULL,NULL,NULL,NULL,NULL,0,0,0,0,0,0),('503-0664340-3492612','UO-PCEL-6KJ8',NULL,NULL,'admin',NULL,NULL,NULL,'09093496169','264-0002','ÂçÉËëâÁúå--ÂçÉËëâÂ∏ÇËã•ËëâÂå∫ÂçÉÂüéÂè∞Êù±','ÈùíÊ¥•',NULL,'JPY--7660.00','SAHASAHA „Çπ„Éº„ÉÑ„Ç±„Éº„Çπ „Ç≠„É£„É™„Éº„Ç±„Éº„Çπ „Ç≠„É£„É™„Éº„Éê„ÉÉ„Ç∞ Ê©üÂÜÖÊåÅ„Å°Ëæº„Åø„Çµ„Ç§„Ç∫„Åã„Çâ „Éï„Ç°„Çπ„Éä„Éº ÂÇ∑„ÅåÁõÆÁ´ã„Å°„Å´„Åè„ÅÑ TSA„É≠„ÉÉ„ÇØ „Éè„Éº„Éâ„Ç≠„É£„É™„Éº „Ç∏„ÉÉ„Éë„Éº ÂÖ®„Çµ„Ç§„Ç∫ Êúâ„Çä („Éñ„É©„ÉÉ„ÇØ,Ôº≥„Çµ„Ç§„Ç∫Ôºà3-5Ê≥ä/Á¥Ñ51„É™„ÉÉ„Éà„É´Ôºâ)','1',NULL,NULL,NULL,NULL,NULL,1,'admin','2019-01-24 20:00:04',NULL,NULL,NULL,NULL,NULL,NULL,NULL,NULL,0,0,0,0,0,0),('503-0670897-2872627','VK-7V5A-H543',NULL,NULL,'admin',NULL,NULL,NULL,'','335-0034','ÂüºÁéâÁúå--Êà∏Áî∞Â∏ÇÁ¨πÁõÆ1-19-46','ÂÆÆÊæ§ÂçÉÁπî',NULL,'JPY--6631.00','SAHASAHA „Çπ„Éº„ÉÑ„Ç±„Éº„Çπ „Ç≠„É£„É™„Éº„Ç±„Éº„Çπ „Ç≠„É£„É™„Éº„Éê„ÉÉ„Ç∞ Ê©üÂÜÖÊåÅ„Å°Ëæº„Åø„Çµ„Ç§„Ç∫„Åã„Çâ „Éï„Ç°„Çπ„Éä„Éº ÂÇ∑„ÅåÁõÆÁ´ã„Å°„Å´„Åè„ÅÑ TSA','0',NULL,NULL,NULL,NULL,NULL,1,'admin','2019-01-28 20:00:02',NULL,NULL,NULL,NULL,NULL,NULL,NULL,NULL,0,0,0,0,0,0),('503-1084006-4235864','O8-1VYB-PZQ4',NULL,NULL,'admin',NULL,NULL,NULL,'08042574108','922-0106','Áü≥Â∑ùÁúå--Âä†Ë≥ÄÂ∏ÇÂ±±‰∏≠Ê∏©Ê≥â‰∏äÂéüÁî∫1-176','ÊºÜÂéüÊÑõÂ≠ê',NULL,'JPY--6960.00','SAHASAHA „Çπ„Éº„ÉÑ„Ç±„Éº„Çπ „Ç≠„É£„É™„Éº„Ç±„Éº„Çπ „Ç≠„É£„É™„Éº„Éê„ÉÉ„Ç∞ Ê©üÂÜÖÊåÅ„Å°Ëæº„Åø„Çµ„Ç§„Ç∫„Åã„Çâ „Éï„Ç°„Çπ„Éä„Éº ÂÇ∑„ÅåÁõÆÁ´ã„Å°„Å´„Åè„ÅÑ TSA„É≠„ÉÉ„ÇØ „Éè„Éº„Éâ„Ç≠„É£„É™„Éº „Ç∏„ÉÉ„Éë„Éº ÂÖ®„Çµ„Ç§„Ç∫ Êúâ„Çä („É≠„Éº„Ç∫„Ç¥„Éº„É´„Éâ, Ê©üÂÜÖÊåÅËæº„Çµ„Ç§„Ç∫(1-3Ê≥ä/Á¥Ñ41„É™„ÉÉ„Éà„É´Ôºâ)','1',NULL,NULL,NULL,NULL,NULL,1,'admin','2019-01-07 20:00:03',NULL,NULL,NULL,NULL,NULL,NULL,NULL,NULL,0,0,0,0,0,0),('503-1109570-8187840','ED-0UIY-40IQ',NULL,NULL,'admin',NULL,NULL,NULL,'','700-0923','Â≤°Â±±Áúå--Â≤°Â±±Â∏ÇÂåóÂå∫Â••Áî∞Êú¨Áî∫22-10','Âçó ‰∫´Â≠ê',NULL,'JPY--8260.00','SAHASAHA „Çπ„Éº„ÉÑ„Ç±„Éº„Çπ „Ç≠„É£„É™„Éº„Ç±„Éº„Çπ „Ç≠„É£„É™„Éº„Éê„ÉÉ„Ç∞ Ê©üÂÜÖÊåÅ„Å°Ëæº„Åø„Çµ„Ç§„Ç∫„Åã„Çâ „Éï„Ç°„Çπ„Éä„Éº ÂÇ∑„ÅåÁõÆÁ´ã„Å°„Å´„Åè„ÅÑ TSA','0',NULL,NULL,NULL,NULL,NULL,1,'admin','2019-02-08 20:00:06',NULL,NULL,NULL,NULL,NULL,NULL,NULL,NULL,0,0,0,0,0,0),('503-1326458-9806241','5W-P3L6-0PBG',NULL,NULL,'admin',NULL,NULL,NULL,'','610-0101','‰∫¨ÈÉΩÂ∫ú--ÂüéÈôΩÂ∏ÇÂπ≥Â∑ùÊ®™ÈÅìÔºò‚àíÔºëÔºï','Â••Â±±„ÄÄÈõÖÊò≠',NULL,'JPY--1980.00','SAHASAHA „ÉÜ„É≥„Éà ‰∏Ä‰∫∫Áî® „Ç≥„É≥„Éë„ÇØ„Éà Ëø∑ÂΩ©ÊüÑ „Ç≠„É£„É≥„Éó„ÉÜ„É≥„Éà „ÇΩ„É≠„ÉÜ„É≥„Éà Â∞èÂûã„ÉÜ„É≥„Éà Èò≤ÁÅΩ Á∑äÊÄ• „Ç≠„É£„É≥„ÉóÁî®ÂìÅ Êí•Ê∞¥ÔøΩ','0',NULL,NULL,NULL,NULL,NULL,1,'admin','2018-11-17 16:00:03',NULL,NULL,NULL,NULL,NULL,NULL,NULL,NULL,NULL,NULL,NULL,NULL,NULL,NULL),('503-1499764-8513449','QU-6T21-ZKAH',NULL,NULL,'admin',NULL,NULL,NULL,'','940-1151','Êñ∞ÊΩüÁúå--Èï∑Â≤°Â∏Ç‰∏âÂíåÔºë‚ÄêÔºí‚ÄêÔºíÔºê','„É≠„Éº„ÇΩ„É≥Èï∑Â≤°‰∏âÂíå‰∏Ä‰∏ÅÁõÆ',NULL,'JPY--1197.00','SAHASAHA „Éû„Ç∞„Éç„ÉÉ„ÉàÂºèËªäËºâ„Çπ„Éû„Éõ/„Çø„Éñ„É¨„ÉÉ„Éà„Éõ„É´„ÉÄ„Éº 360Â∫¶ÂõûËª¢ Á≤òÁùÄÂºè („Ç∑„É´„Éê„Éº)','0',NULL,NULL,NULL,NULL,NULL,1,'admin','2019-01-02 20:00:03',NULL,NULL,NULL,NULL,NULL,NULL,NULL,NULL,0,0,0,0,0,0),('503-1513947-0529400','QU-6T21-ZKAH',NULL,NULL,'admin',NULL,NULL,NULL,'','274-0805','ÂçÉËëâÁúå--ËàπÊ©ãÂ∏Ç‰∫åÂíåÊù±6-21-26-103','‰∏≠Â±ãÊï∑‰Ωë‰∏Ä',NULL,'JPY--998.00','SAHASAHA „Éû„Ç∞„Éç„ÉÉ„ÉàÂºèËªäËºâ„Çπ„Éû„Éõ/„Çø„Éñ„É¨„ÉÉ„Éà„Éõ„É´„ÉÄ„Éº 360Â∫¶ÂõûËª¢ Á≤òÁùÄÂºè („Ç∑„É´„Éê„Éº)','0',NULL,NULL,NULL,NULL,NULL,1,'admin','2019-01-11 20:00:03',NULL,NULL,NULL,NULL,NULL,NULL,NULL,NULL,0,0,0,0,0,0),('503-1520292-4949426','FH-WZ2Q-OYJP',NULL,NULL,'admin',NULL,NULL,NULL,'0357028374','222-0026','Á•ûÂ•àÂ∑ùÁúå--Ê®™ÊµúÂ∏ÇÊ∏ØÂåóÂå∫ÁØ†ÂéüÁî∫959','ÂøóÁî∞ ÊÇ†ÁêÜÂ≠ê',NULL,'JPY--8260.00','SAHASAHA „Çπ„Éº„ÉÑ„Ç±„Éº„Çπ „Ç≠„É£„É™„Éº„Ç±„Éº„Çπ „Ç≠„É£„É™„Éº„Éê„ÉÉ„Ç∞ Ê©üÂÜÖÊåÅ„Å°Ëæº„Åø„Çµ„Ç§„Ç∫„Åã„Çâ „Éï„Ç°„Çπ„Éä„Éº ÂÇ∑„ÅåÁõÆÁ´ã„Å°„Å´„Åè„ÅÑ TSA„É≠„ÉÉ„ÇØ „Éè„Éº„Éâ„Ç≠„É£„É™„Éº „Ç∏„ÉÉ„Éë„Éº ÂÖ®„Çµ„Ç§„Ç∫ Êúâ„Çä („É≠„Éº„Ç∫„Ç¥„Éº„É´„Éâ,M„Çµ„Ç§„Ç∫Ôºà5-7Ê≥ä/Á¥Ñ66„É™„ÉÉ„Éà„É´Ôºâ)','1',NULL,NULL,NULL,NULL,NULL,1,'admin','2019-02-21 20:00:04',NULL,NULL,NULL,NULL,NULL,NULL,NULL,NULL,0,0,0,0,0,0),('503-1644843-7221406','QU-6T21-ZKAH',NULL,NULL,'admin',NULL,NULL,NULL,NULL,NULL,NULL,NULL,NULL,NULL,'SAHASAHA „Éû„Ç∞„Éç„ÉÉ„ÉàÂºèËªäËºâ„Çπ„Éû„Éõ/„Çø„Éñ„É¨„ÉÉ„Éà„Éõ„É´„ÉÄ„Éº 360Â∫¶ÂõûËª¢ Á≤òÁùÄÂºè („Ç∑„É´„Éê„Éº)','1',NULL,NULL,NULL,NULL,NULL,1,'admin','2018-12-31 20:00:03',NULL,NULL,NULL,NULL,NULL,NULL,NULL,NULL,0,0,0,0,0,0),('503-1654472-6887867','UW-NJCD-KF9N',NULL,NULL,'admin',NULL,NULL,NULL,NULL,NULL,NULL,NULL,NULL,NULL,'SAHASAHA „Çπ„Éº„ÉÑ„Ç±„Éº„Çπ „Ç≠„É£„É™„Éº„Ç±„Éº„Çπ „Ç≠„É£„É™„Éº„Éê„ÉÉ„Ç∞ Ê©üÂÜÖÊåÅ„Å°Ëæº„Åø„Çµ„Ç§„Ç∫„Åã„Çâ „Éï„Ç°„Çπ„Éä„Éº ÂÇ∑„ÅåÁõÆÁ´ã„Å°„Å´„Åè„ÅÑ TSA„É≠„ÉÉ„ÇØ „Éè„Éº„Éâ„Ç≠„É£„É™„Éº „Ç∏„ÉÉ„Éë„Éº ÂÖ®„Çµ„Ç§„Ç∫ Êúâ„Çä („É≠„Éº„Ç∫„Ç¥„Éº„É´„Éâ, Ôº≥„Çµ„Ç§„Ç∫Ôºà3-5Ê≥ä/Á¥Ñ51„É™„ÉÉ„Éà„É´Ôºâ)','1',NULL,NULL,NULL,NULL,NULL,1,'admin','2019-02-20 20:00:04',NULL,NULL,NULL,NULL,NULL,NULL,NULL,NULL,0,0,0,0,0,0),('503-1865323-6505432','UN-CC16-9Q87',NULL,NULL,'admin',NULL,NULL,NULL,NULL,NULL,NULL,NULL,NULL,NULL,'SAHASAHA „Çπ„Éº„ÉÑ„Ç±„Éº„Çπ „Ç≠„É£„É™„Éº„Ç±„Éº„Çπ „Ç≠„É£„É™„Éº„Éê„ÉÉ„Ç∞ Ê©üÂÜÖÊåÅ„Å°Ëæº„Åø„Çµ„Ç§„Ç∫„Åã„Çâ „Éï„Ç°„Çπ„Éä„Éº ÂÇ∑„ÅåÁõÆÁ´ã„Å°„Å´„Åè„ÅÑ TSA„É≠„ÉÉ„ÇØ „Éè„Éº„Éâ„Ç≠„É£„É™„Éº „Ç∏„ÉÉ„Éë„Éº ÂÖ®„Çµ„Ç§„Ç∫ Êúâ„Çä („Ç∑„É´„Éê„Éº, Ê©üÂÜÖÊåÅËæº„Çµ„Ç§„Ç∫(1-3Ê≥ä/Á¥Ñ41„É™„ÉÉ„Éà„É´Ôºâ)','1',NULL,NULL,NULL,NULL,NULL,1,'admin','2019-01-13 20:00:07',NULL,NULL,NULL,NULL,NULL,NULL,NULL,NULL,0,0,0,0,0,0),('503-1944337-0977408','O8-1VYB-PZQ4',NULL,NULL,'admin',NULL,NULL,NULL,'03‚àí3726‚àí3231','145-0064','Êù±‰∫¨ÈÉΩ--Â§ßÁî∞Âå∫‰∏äÊ±†Âè∞Ôºï‚àíÔºìÔºë‚àíÔºíÔºê','ÈáëÂ≠ê„ÄÄÊÅµÂà©ËèØ',NULL,'JPY--6960.00','SAHASAHA „Çπ„Éº„ÉÑ„Ç±„Éº„Çπ „Ç≠„É£„É™„Éº„Ç±„Éº„Çπ „Ç≠„É£„É™„Éº„Éê„ÉÉ„Ç∞ Ê©üÂÜÖÊåÅ„Å°Ëæº„Åø„Çµ„Ç§„Ç∫„Åã„Çâ „Éï„Ç°„Çπ„Éä„Éº ÂÇ∑„ÅåÁõÆÁ´ã„Å°„Å´„Åè„ÅÑ TSA„É≠„ÉÉ„ÇØ „Éè„Éº„Éâ„Ç≠„É£„É™„Éº „Ç∏„ÉÉ„Éë„Éº ÂÖ®„Çµ„Ç§„Ç∫ Êúâ„Çä („É≠„Éº„Ç∫„Ç¥„Éº„É´„Éâ, Ê©üÂÜÖÊåÅËæº„Çµ„Ç§„Ç∫(1-3Ê≥ä/Á¥Ñ41„É™„ÉÉ„Éà„É´Ôºâ)','1',NULL,NULL,NULL,NULL,NULL,1,'admin','2019-01-06 20:00:03',NULL,NULL,NULL,NULL,NULL,NULL,NULL,NULL,0,0,0,0,0,0),('503-2190056-6445404','A4-TWLW-BYFK',NULL,NULL,'admin',NULL,NULL,NULL,'','271-0068','ÂçÉËëâÁúå--ÊùæÊà∏Â∏ÇÂè§„Ç±Â¥é4‰∏ÅÁõÆ3542„ÅÆ8','Âºµ„ÄÄÊù±',NULL,'JPY--2980.00','SAHASAHA „ÉØ„É≥„Çø„ÉÉ„ÉÅ„ÉÜ„É≥„Éà „ÉÜ„É≥„Éà 3ÔΩû5‰∫∫Áî® „ÉØ„É≥„Çø„ÉÉ„ÉÅ 3WAY „ÉÜ„É≥„Éà Ë®≠Âñ∂Á∞°Âçò Èò≤ÁÅΩÁî® „Ç≠„É£„É≥„ÉóÁî®ÂìÅ Êí•Ê∞¥Âä†Â∑• Á¥´Â§ñÔøΩ','0',NULL,NULL,NULL,NULL,NULL,1,'admin','2018-11-24 20:00:03',NULL,NULL,NULL,NULL,NULL,NULL,NULL,NULL,NULL,NULL,NULL,NULL,NULL,NULL),('503-2222051-8462215','QU-6T21-ZKAH',NULL,NULL,'admin',NULL,NULL,NULL,NULL,NULL,NULL,NULL,NULL,NULL,'SAHASAHA „Éû„Ç∞„Éç„ÉÉ„ÉàÂºèËªäËºâ„Çπ„Éû„Éõ/„Çø„Éñ„É¨„ÉÉ„Éà„Éõ„É´„ÉÄ„Éº 360Â∫¶ÂõûËª¢ Á≤òÁùÄÂºè („Ç∑„É´„Éê„Éº)','1',NULL,NULL,NULL,NULL,NULL,1,'admin','2019-01-04 20:00:02',NULL,NULL,NULL,NULL,NULL,NULL,NULL,NULL,0,0,0,0,0,0),('503-2327802-6720638','P3-AXD1-32XQ',NULL,NULL,'admin',NULL,NULL,NULL,NULL,NULL,NULL,NULL,NULL,NULL,'SAHASAHA „ÉØ„É≥„Çø„ÉÉ„ÉÅ„ÉÜ„É≥„Éà „ÉÜ„É≥„Éà 3ÔΩû5‰∫∫Áî® „ÉØ„É≥„Çø„ÉÉ„ÉÅ 2WAY „ÉÜ„É≥„Éà Ë®≠Âñ∂Á∞°Âçò Èò≤ÁÅΩÁî® „Ç≠„É£„É≥„ÉóÁî®ÂìÅ Êí•Ê∞¥Âä†Â∑• Á¥´Â§ñÁ∑öÈò≤Ê≠¢ ÁôªÂ±± Êäò„Çä„Åü„Åü„Åø Èò≤Ê∞¥ ÈÄöÊ∞óÊÄß „Ç¢„Ç¶„Éà„Éâ„Ç¢ 240 * 210 * 135cm','1',NULL,NULL,NULL,NULL,NULL,1,'admin','2018-12-31 20:00:04',NULL,NULL,NULL,NULL,NULL,NULL,NULL,NULL,0,0,0,0,0,0),('503-2422076-1994245','Dustbin-white',NULL,NULL,'admin',NULL,NULL,NULL,'0364526582','107-0062','Êù±‰∫¨ÈÉΩ--Ê∏ØÂå∫ÂçóÈùíÂ±±','Âæ≥Â∑ùÁßÄÈöÜ',NULL,'JPY--4900.00','SAHASAH Ëµ§Â§ñÁ∑ö„Çª„É≥„Çµ„ÉºÂºèÂÖ®Ëá™ÂãïÈñãÈñâÂºè„Çπ„ÉÜ„É≥„É¨„Çπ„Åî„ÅøÁÆ±„ÄÄËøë„Å•„Åè„Å†„Åë„ÅßËá™ÂÉçÁöÑ„Å´Èñã„Åë„Çã„ÄÄÊ∏ÖÊΩî„ÄÄ„Ç§„É≥„ÉÜ„É™„Ç¢„ÄÄÂÆπÈáè7Ôº¨ („Éõ„ÉØ„Ç§„Éà)','1',NULL,NULL,NULL,NULL,NULL,1,'admin','2019-03-06 20:00:04',NULL,NULL,NULL,NULL,NULL,NULL,NULL,NULL,0,0,0,0,0,0),('503-2469758-3313450','O2-R8WF-BJFL',NULL,NULL,'admin',NULL,NULL,NULL,'0928077805','819-0166','Á¶èÂ≤°Áúå--Á¶èÂ≤°Â∏ÇË•øÂå∫Ê®™ÊµúÔºë‰∏ÅÁõÆÔºîÔºëÔºçÔºìÔºê','Â∑ùË∞∑„ÄÄÊÅíÂíå',NULL,'JPY--7360.00','SAHASAHA „ÉØ„É≥„Çø„ÉÉ„ÉÅ„ÉÜ„É≥„Éà „ÉÜ„É≥„Éà 1-2‰∫∫Áî® Ë®≠Âñ∂Á∞°Âçò Èò≤ÁÅΩÁî® „Ç≠„É£„É≥„ÉóÁî®ÂìÅ Êí•Ê∞¥Âä†Â∑• Á¥´Â§ñÁ∑öÈò≤Ê≠¢ ÁôªÂ±± Êäò„Çä„Åü„Åü„Åø Èò≤Ê∞¥ ÈÄöÊ∞óÊÄß „Ç¢„Ç¶„Éà„Éâ„Ç¢ 210 * 140 * 110cm „Ç∞„É™„Éº„É≥ ÂèéÁ¥ç„Ç±„Éº„Çπ Êó•Êú¨Ë™ûË™¨ÊòéÊõ∏‰ªò„Åç','2',NULL,NULL,NULL,NULL,NULL,1,'admin','2018-12-05 10:00:02',NULL,NULL,NULL,NULL,NULL,NULL,NULL,NULL,0,0,0,0,0,0),('503-2586776-0105444','HM-B5BT-1IWO',NULL,NULL,'admin',NULL,NULL,NULL,'08067743030','245-0053','Á•ûÂ•àÂ∑ùÁúå--Ê®™ÊµúÂ∏ÇÊà∏Â°öÂå∫‰∏äÁü¢ÈÉ®Áî∫','Â•àËâØÂ≤°ÁæéÊ°ú',NULL,'JPY--7660.00','SAHASAHA „Çπ„Éº„ÉÑ„Ç±„Éº„Çπ „Ç≠„É£„É™„Éº„Ç±„Éº„Çπ „Ç≠„É£„É™„Éº„Éê„ÉÉ„Ç∞ Ê©üÂÜÖÊåÅ„Å°Ëæº„Åø„Çµ„Ç§„Ç∫„Åã„Çâ „Éï„Ç°„Çπ„Éä„Éº ÂÇ∑„ÅåÁõÆÁ´ã„Å°„Å´„Åè„ÅÑ TSA„É≠„ÉÉ„ÇØ „Éè„Éº„Éâ„Ç≠„É£„É™„Éº „Ç∏„ÉÉ„Éë„Éº ÂÖ®„Çµ„Ç§„Ç∫ Êúâ„Çä („É≠„Éº„Ç∫„Ç¥„Éº„É´„Éâ, Ôº≥„Çµ„Ç§„Ç∫Ôºà3-5Ê≥ä/Á¥Ñ51„É™„ÉÉ„Éà„É´Ôºâ)','0',NULL,NULL,NULL,NULL,NULL,1,'admin','2019-02-28 20:00:04',NULL,NULL,NULL,NULL,NULL,NULL,NULL,NULL,0,0,0,0,0,0),('503-2672774-1766211','UW-NJCD-KF9N',NULL,NULL,'admin',NULL,NULL,NULL,'','252-0244','Á•ûÂ•àÂ∑ùÁúå--Áõ∏Ê®°ÂéüÂ∏Ç‰∏≠Â§ÆÂå∫Áî∞Âêç','Èï∑Áî∞Ê°É',NULL,'JPY--8160.00','SAHASAHA „Çπ„Éº„ÉÑ„Ç±„Éº„Çπ „Ç≠„É£„É™„Éº„Ç±„Éº„Çπ „Ç≠„É£„É™„Éº„Éê„ÉÉ„Ç∞ Ê©üÂÜÖÊåÅ„Å°Ëæº„Åø„Çµ„Ç§„Ç∫„Åã„Çâ „Éï„Ç°„Çπ„Éä„Éº ÂÇ∑„ÅåÁõÆÁ´ã„Å°„Å´„Åè„ÅÑ TSA','0',NULL,NULL,NULL,NULL,NULL,1,'admin','2019-02-14 20:00:03',NULL,NULL,NULL,NULL,NULL,NULL,NULL,NULL,0,0,0,0,0,0),('503-2673662-8679000','SN-43IS-TWEP',NULL,NULL,'admin',NULL,NULL,NULL,'08011292074','114-0012','Êù±‰∫¨ÈÉΩ--ÂåóÂå∫Áî∞Á´ØÊñ∞Áî∫2-18-9-803','Â∞èÈáéÂØ∫ËÅñÂ≠ê',NULL,'JPY--9960.00','SAHASAHA „Çπ„Éº„ÉÑ„Ç±„Éº„Çπ „Ç≠„É£„É™„Éº„Ç±„Éº„Çπ „Ç≠„É£„É™„Éº„Éê„ÉÉ„Ç∞ Ê©üÂÜÖÊåÅ„Å°Ëæº„Åø„Çµ„Ç§„Ç∫„Åã„Çâ „Éï„Ç°„Çπ„Éä„Éº ÂÇ∑„ÅåÁõÆÁ´ã„Å°„Å´„Åè„ÅÑ TSA„É≠„ÉÉ„ÇØ „Éè„Éº„Éâ„Ç≠„É£„É™„Éº „Ç∏„ÉÉ„Éë„Éº ÂÖ®„Çµ„Ç§„Ç∫ Êúâ„Çä („É≠„Éº„Ç∫„Ç¥„Éº„É´„Éâ, L„Çµ„Ç§„Ç∫Ôºà7Ê≥ä‰ª•‰∏ä/Á¥Ñ86 „É™„ÉÉ„Éà„É´Ôºâ)','1',NULL,NULL,NULL,NULL,NULL,1,'admin','2019-02-27 20:00:05',NULL,NULL,NULL,NULL,NULL,NULL,NULL,NULL,0,0,0,0,0,0),('503-2772704-1546255','ED-0UIY-40IQ',NULL,NULL,'admin',NULL,NULL,NULL,'','145-0063','Êù±‰∫¨ÈÉΩ--Â§ßÁî∞Âå∫ÂçóÂçÉÊùü','Â§ßÊ©ãÊ†û',NULL,'JPY--7847.00','SAHASAHA „Çπ„Éº„ÉÑ„Ç±„Éº„Çπ „Ç≠„É£„É™„Éº„Ç±„Éº„Çπ „Ç≠„É£„É™„Éº„Éê„ÉÉ„Ç∞ Ê©üÂÜÖÊåÅ„Å°Ëæº„Åø„Çµ„Ç§„Ç∫„Åã„Çâ „Éï„Ç°„Çπ„Éä„Éº ÂÇ∑„ÅåÁõÆÁ´ã„Å°„Å´„Åè„ÅÑ TSA','0',NULL,NULL,NULL,NULL,NULL,1,'admin','2019-02-04 20:00:04',NULL,NULL,NULL,NULL,NULL,NULL,NULL,NULL,0,0,0,0,0,0),('503-2773867-3534269','5W-P3L6-0PBG',NULL,NULL,'admin',NULL,NULL,NULL,'','350-1236','ÂüºÁéâÁúå--Êó•È´òÂ∏ÇÂ§ßÂ≠óÁåøÁî∞Â≠óÁ•ûÊòé41-1','„É§„Éû„ÉàÈÅãËº∏Âñ∂Ê•≠ÊâÄ Êó•È´òÊ≠¶ËîµÂè∞„Çª„É≥„Çø',NULL,'JPY--1980.00','SAHASAHA „ÉÜ„É≥„Éà ‰∏Ä‰∫∫Áî® „Ç≥„É≥„Éë„ÇØ„Éà Ëø∑ÂΩ©ÊüÑ „Ç≠„É£„É≥„Éó„ÉÜ„É≥„Éà „ÇΩ„É≠„ÉÜ„É≥„Éà Â∞èÂûã„ÉÜ„É≥„Éà„ÄÄÈò≤ÁÅΩ„ÄÄÁ∑äÊÄ•„ÄÄ „Ç≠„É£„É≥„ÉóÁî®ÂìÅ ÔøΩ','7',NULL,NULL,NULL,NULL,NULL,1,'user01','2018-11-04 12:00:02',NULL,NULL,NULL,NULL,NULL,NULL,NULL,NULL,NULL,NULL,NULL,NULL,NULL,NULL),('503-2972583-7255833','QU-6T21-ZKAH',NULL,NULL,'admin',NULL,NULL,NULL,NULL,NULL,NULL,NULL,NULL,NULL,'SAHASAHA „Éû„Ç∞„Éç„ÉÉ„ÉàÂºèËªäËºâ„Çπ„Éû„Éõ/„Çø„Éñ„É¨„ÉÉ„Éà„Éõ„É´„ÉÄ„Éº 360Â∫¶ÂõûËª¢ Á≤òÁùÄÂºè („Ç∑„É´„Éê„Éº)','0',NULL,NULL,NULL,NULL,NULL,1,'admin','2019-01-05 20:00:47',NULL,NULL,NULL,NULL,NULL,NULL,NULL,NULL,0,0,0,0,0,0),('503-3028946-8631826','0Y-K99Y-JMPZ',NULL,NULL,'admin',NULL,NULL,NULL,'','430-0855','ÈùôÂ≤°Áúå--ÊµúÊùæÂ∏ÇÂçóÂå∫Ê•äÂ≠êÁî∫1368-15','ÊùâÊµ¶Ëàû',NULL,'JPY--9960.00','SAHASAHA „Çπ„Éº„ÉÑ„Ç±„Éº„Çπ „Ç≠„É£„É™„Éº„Ç±„Éº„Çπ „Ç≠„É£„É™„Éº„Éê„ÉÉ„Ç∞ Ê©üÂÜÖÊåÅ„Å°Ëæº„Åø„Çµ„Ç§„Ç∫„Åã„Çâ „Éï„Ç°„Çπ„Éä„Éº ÂÇ∑„ÅåÁõÆÁ´ã„Å°„Å´„Åè„ÅÑ TSA','0',NULL,NULL,NULL,NULL,NULL,1,'admin','2019-02-20 20:00:03',NULL,NULL,NULL,NULL,NULL,NULL,NULL,NULL,0,0,0,0,0,0),('503-3173630-2937443','0Y-K99Y-JMPZ',NULL,NULL,'admin',NULL,NULL,NULL,'','384-2204','Èï∑ÈáéÁúå--‰Ωê‰πÖÂ∏ÇÂçîÂíå212-6','‰ΩêËó§Á≤æÁ±≥„ÄÄ‰ΩêËó§ÂÖÉÁ¥Ä',NULL,'JPY--9960.00','SAHASAHA „Çπ„Éº„ÉÑ„Ç±„Éº„Çπ „Ç≠„É£„É™„Éº„Ç±„Éº„Çπ „Ç≠„É£„É™„Éº„Éê„ÉÉ„Ç∞ Ê©üÂÜÖÊåÅ„Å°Ëæº„Åø„Çµ„Ç§„Ç∫„Åã„Çâ „Éï„Ç°„Çπ„Éä„Éº ÂÇ∑„ÅåÁõÆÁ´ã„Å°„Å´„Åè„ÅÑ TSA','0',NULL,NULL,NULL,NULL,NULL,1,'admin','2019-02-18 20:00:03',NULL,NULL,NULL,NULL,NULL,NULL,NULL,NULL,0,0,0,0,0,0),('503-3281983-9985452','SF-0LCQ-50C6',NULL,NULL,'admin',NULL,NULL,NULL,NULL,NULL,NULL,NULL,NULL,NULL,'SAHASAHA „Éû„Ç∞„Éç„ÉÉ„ÉàÂºèËªäËºâ„Çπ„Éû„Éõ/„Çø„Éñ„É¨„ÉÉ„Éà„Éõ„É´„ÉÄ„Éº 360Â∫¶ÂõûËª¢ Á≤òÁùÄÂºè („Éñ„É©„ÉÉ„ÇØ)','1',NULL,NULL,NULL,NULL,NULL,1,'admin','2018-12-08 12:00:05',NULL,NULL,NULL,NULL,NULL,NULL,NULL,NULL,0,0,0,0,0,0),('503-3396390-0226201','52-EV2N-XBRO',NULL,NULL,'admin',NULL,NULL,NULL,'08019901027','169-0051','Êù±‰∫¨ÈÉΩ--Êñ∞ÂÆøÂå∫Ë•øÊó©Á®≤Áî∞','Á¶èÂÆ∂Ê≤ô‰πüÂä†',NULL,'JPY--10260.00','SAHASAHA „Çπ„Éº„ÉÑ„Ç±„Éº„Çπ „Ç≠„É£„É™„Éº„Ç±„Éº„Çπ „Ç≠„É£„É™„Éº„Éê„ÉÉ„Ç∞ Ê©üÂÜÖÊåÅ„Å°Ëæº„Åø„Çµ„Ç§„Ç∫„Åã„Çâ „Éï„Ç°„Çπ„Éä„Éº ÂÇ∑„ÅåÁõÆÁ´ã„Å°„Å´„Åè„ÅÑ TSA„É≠„ÉÉ„ÇØ „Éè„Éº„Éâ„Ç≠„É£„É™„Éº Êã°Âºµ „Ç∏„ÉÉ„Éë„Éº ÂÖ®„Çµ„Ç§„Ç∫ Êúâ„Çä („É≠„Éº„Ç∫„Ç¥„Éº„É´„Éâ TAS„É≠„ÉÉ„ÇØ, M„Çµ„Ç§„Ç∫Ôºà5-7Ê≥ä/66 „É™„ÉÉ„Éà„É´Ôºâ)','1',NULL,NULL,NULL,NULL,NULL,1,'admin','2018-12-13 16:00:02',NULL,NULL,NULL,NULL,NULL,NULL,NULL,NULL,0,0,0,0,0,0),('503-3406351-7573446','SF-0LCQ-50C6',NULL,NULL,'admin',NULL,NULL,NULL,'','248-0007','Á•ûÂ•àÂ∑ùÁúå--ÈéåÂÄâÂ∏ÇÂ§ßÁî∫','‰∏≠Â∂ãÂ∫∑Êô¥',NULL,'JPY--699.00','SAHASAHA „Éû„Ç∞„Éç„ÉÉ„ÉàÂºèËªäËºâ„Çπ„Éû„Éõ/„Çø„Éñ„É¨„ÉÉ„Éà„Éõ„É´„ÉÄ„Éº 360Â∫¶ÂõûËª¢ Á≤òÁùÄÂºè („Éñ„É©„ÉÉ„ÇØ)','0',NULL,NULL,NULL,NULL,NULL,1,'admin','2018-12-02 12:00:03',NULL,NULL,NULL,NULL,NULL,NULL,NULL,NULL,NULL,NULL,NULL,NULL,NULL,NULL),('503-3491802-1795838','FH-WZ2Q-OYJP',NULL,NULL,'admin',NULL,NULL,NULL,'0785924303','651-1101','ÂÖµÂ∫´Áúå--Á•ûÊà∏Â∏ÇÂåóÂå∫Â±±Áî∞Áî∫Â∞èÈÉ®Â≠óÊù±ËèÖË∞∑4','MICHIKOYOSHIDA',NULL,'JPY--8260.00','SAHASAHA „Çπ„Éº„ÉÑ„Ç±„Éº„Çπ „Ç≠„É£„É™„Éº„Ç±„Éº„Çπ „Ç≠„É£„É™„Éº„Éê„ÉÉ„Ç∞ Ê©üÂÜÖÊåÅ„Å°Ëæº„Åø„Çµ„Ç§„Ç∫„Åã„Çâ „Éï„Ç°„Çπ„Éä„Éº ÂÇ∑„ÅåÁõÆÁ´ã„Å°„Å´„Åè„ÅÑ TSA„É≠„ÉÉ„ÇØ „Éè„Éº„Éâ„Ç≠„É£„É™„Éº „Ç∏„ÉÉ„Éë„Éº ÂÖ®„Çµ„Ç§„Ç∫ Êúâ„Çä („É≠„Éº„Ç∫„Ç¥„Éº„É´„Éâ,M„Çµ„Ç§„Ç∫Ôºà5-7Ê≥ä/Á¥Ñ66„É™„ÉÉ„Éà„É´Ôºâ)','0',NULL,NULL,NULL,NULL,NULL,1,'admin','2019-02-28 20:00:03',NULL,NULL,NULL,NULL,NULL,NULL,NULL,NULL,0,0,0,0,0,0),('503-3599430-1699056','UW-NJCD-KF9N',NULL,NULL,'admin',NULL,NULL,NULL,NULL,NULL,NULL,NULL,NULL,NULL,'SAHASAHA „Çπ„Éº„ÉÑ„Ç±„Éº„Çπ „Ç≠„É£„É™„Éº„Ç±„Éº„Çπ „Ç≠„É£„É™„Éº„Éê„ÉÉ„Ç∞ Ê©üÂÜÖÊåÅ„Å°Ëæº„Åø„Çµ„Ç§„Ç∫„Åã„Çâ „Éï„Ç°„Çπ„Éä„Éº ÂÇ∑„ÅåÁõÆÁ´ã„Å°„Å´„Åè„ÅÑ TSA„É≠„ÉÉ„ÇØ „Éè„Éº„Éâ„Ç≠„É£„É™„Éº „Ç∏„ÉÉ„Éë„Éº ÂÖ®„Çµ„Ç§„Ç∫ Êúâ„Çä („É≠„Éº„Ç∫„Ç¥„Éº„É´„Éâ, Ôº≥„Çµ„Ç§„Ç∫Ôºà3-5Ê≥ä/Á¥Ñ51„É™„ÉÉ„Éà„É´Ôºâ)','1',NULL,NULL,NULL,NULL,NULL,1,'admin','2019-03-05 20:00:06',NULL,NULL,NULL,NULL,NULL,NULL,NULL,NULL,0,0,0,0,0,0),('503-3742825-7929423','5F-TQLF-KUTC',NULL,NULL,'admin',NULL,NULL,NULL,'09039620645','264-0023','ÂçÉËëâÁúå--ÂçÉËëâÂ∏ÇËã•ËëâÂå∫Ë≤ùÂ°öÁî∫1102-6','Â∞èË≤´ÂΩ©',NULL,'JPY--2980.00','SAHASAHA ÈçµÁõ§„Éè„Éº„É¢„Éã„Ç´ („É°„É≠„Éá„Ç£„Éº„Éî„Ç¢„Éé) „Åã„Çè„ÅÑ„ÅÑ „Éî„É≥„ÇØ „Éñ„É´„Éº 32Èçµ („Éî„É≥„ÇØ)','1',NULL,NULL,NULL,NULL,NULL,1,'admin','2019-02-17 20:00:15',NULL,NULL,NULL,NULL,NULL,NULL,NULL,NULL,0,0,0,0,0,0),('503-4158985-5446218','P3-AXD1-32XQ',NULL,NULL,'admin',NULL,NULL,NULL,NULL,NULL,NULL,NULL,NULL,NULL,'SAHASAHA „ÉØ„É≥„Çø„ÉÉ„ÉÅ„ÉÜ„É≥„Éà „ÉÜ„É≥„Éà 3ÔΩû5‰∫∫Áî® „ÉØ„É≥„Çø„ÉÉ„ÉÅ 2WAY „ÉÜ„É≥„Éà Ë®≠Âñ∂Á∞°Âçò Èò≤ÁÅΩÁî® „Ç≠„É£„É≥„ÉóÁî®ÂìÅ Êí•Ê∞¥Âä†Â∑• Á¥´Â§ñÁ∑öÈò≤Ê≠¢ ÁôªÂ±± Êäò„Çä„Åü„Åü„Åø Èò≤Ê∞¥ ÈÄöÊ∞óÊÄß „Ç¢„Ç¶„Éà„Éâ„Ç¢ 240 * 210 * 135cm','1',NULL,NULL,NULL,NULL,NULL,1,'admin','2019-01-01 20:00:05',NULL,NULL,NULL,NULL,NULL,NULL,NULL,NULL,0,0,0,0,0,0),('503-4320149-7863821','YI-E0XQ-KIDU',NULL,NULL,'admin',NULL,NULL,NULL,'08018339704','031-0801','ÈùíÊ£ÆÁúå--ÂÖ´Êà∏Â∏ÇÊ±üÈôΩ','Â∞èÂ∑ù „ÇÜ„Åã',NULL,'JPY--16000.00','ÂàùÂøÉËÄÖÂÖ•ÈñÄ Á¥ÖÊú®‰∫åËÉ° ‰∏≠ÂõΩËòáÂ∑û‰∫åËÉ° „Ç±„Éº„Çπ‰ªò','1',NULL,NULL,NULL,NULL,NULL,1,'admin','2019-01-13 20:00:03',NULL,NULL,NULL,NULL,NULL,NULL,NULL,NULL,0,0,0,0,0,0),('503-4323553-3206256','QU-6T21-ZKAH',NULL,NULL,'admin',NULL,NULL,NULL,'','243-0035','Á•ûÂ•àÂ∑ùÁúå--ÂéöÊú®Â∏ÇÊÑõÁî≤','Â∞èÂéüËã±ÈöÜ',NULL,'JPY--399.00','SAHASAHA „Éû„Ç∞„Éç„ÉÉ„ÉàÂºèËªäËºâ„Çπ„Éû„Éõ/„Çø„Éñ„É¨„ÉÉ„Éà„Éõ„É´„ÉÄ„Éº 360Â∫¶ÂõûËª¢ Á≤òÁùÄÂºè („Ç∑„É´„Éê„Éº)','0',NULL,NULL,NULL,NULL,NULL,1,'admin','2019-01-01 20:00:05',NULL,NULL,NULL,NULL,NULL,NULL,NULL,NULL,0,0,0,0,0,0),('503-4445331-4003806','52-EV2N-XBRO',NULL,NULL,'admin',NULL,NULL,NULL,'08065776363','165-0035','Êù±‰∫¨ÈÉΩ--‰∏≠ÈáéÂå∫ÁôΩÈ∑∫1‰∏ÅÁõÆ17Áï™2Âè∑','Â≤°Êùë‰æëÈ¶ô',NULL,'JPY--10260.00','SAHASAHA „Çπ„Éº„ÉÑ„Ç±„Éº„Çπ „Ç≠„É£„É™„Éº„Ç±„Éº„Çπ „Ç≠„É£„É™„Éº„Éê„ÉÉ„Ç∞ Ê©üÂÜÖÊåÅ„Å°Ëæº„Åø„Çµ„Ç§„Ç∫„Åã„Çâ „Éï„Ç°„Çπ„Éä„Éº ÂÇ∑„ÅåÁõÆÁ´ã„Å°„Å´„Åè„ÅÑ TSA„É≠„ÉÉ„ÇØ „Éè„Éº„Éâ„Ç≠„É£„É™„Éº Êã°Âºµ „Ç∏„ÉÉ„Éë„Éº ÂÖ®„Çµ„Ç§„Ç∫ Êúâ„Çä („É≠„Éº„Ç∫„Ç¥„Éº„É´„Éâ TAS„É≠„ÉÉ„ÇØ, M„Çµ„Ç§„Ç∫Ôºà5-7Ê≥ä/66 „É™„ÉÉ„Éà„É´Ôºâ)','1',NULL,NULL,NULL,NULL,NULL,1,'admin','2018-12-13 16:00:03',NULL,NULL,NULL,NULL,NULL,NULL,NULL,NULL,0,0,0,0,0,0),('503-4524669-4123860','UW-NJCD-KF9N',NULL,NULL,'admin',NULL,NULL,NULL,'','114-0001','Êù±‰∫¨ÈÉΩ--ÂåóÂå∫Êù±ÂçÅÊù°','‰∏äÂéüÁæéÊÅµ',NULL,'JPY--7777.00','SAHASAHA „Çπ„Éº„ÉÑ„Ç±„Éº„Çπ „Ç≠„É£„É™„Éº„Ç±„Éº„Çπ „Ç≠„É£„É™„Éº„Éê„ÉÉ„Ç∞ Ê©üÂÜÖÊåÅ„Å°Ëæº„Åø„Çµ„Ç§„Ç∫„Åã„Çâ „Éï„Ç°„Çπ„Éä„Éº ÂÇ∑„ÅåÁõÆÁ´ã„Å°„Å´„Åè„ÅÑ TSA','0',NULL,NULL,NULL,NULL,NULL,1,'admin','2019-02-05 20:00:03',NULL,NULL,NULL,NULL,NULL,NULL,NULL,NULL,0,0,0,0,0,0),('503-4603189-6228651','5U-Y2SK-VDC5',NULL,NULL,'admin',NULL,NULL,NULL,'','970-1151','Á¶èÂ≥∂Áúå--„ÅÑ„Çè„ÅçÂ∏ÇÂ•ΩÈñìÁî∫‰∏ãÂ•ΩÈñìÂ≠óÊµ¶Áî∞50-4','Ê∏°ÈÉ®ÁßÄÂè∏',NULL,'JPY--999.00','SAHASAHA „ÉØ„É≥„Çø„ÉÉ„ÉÅ„ÉÜ„É≥„Éà „ÉÜ„É≥„Éà 3ÔΩû5‰∫∫Áî® „ÉØ„É≥„Çø„ÉÉ„ÉÅ 2WAY „ÉÜ„É≥„Éà 3WAY „ÉÜ„É≥„Éà Ë®≠Âñ∂Á∞°Âçò Èò≤ÁÅΩÁî® „Ç≠„É£„É≥„ÉóÁî®ÂìÅ Êí•Ê∞¥','0',NULL,NULL,NULL,NULL,NULL,1,'admin','2019-01-01 20:00:07',NULL,NULL,NULL,NULL,NULL,NULL,NULL,NULL,0,0,0,0,0,0),('503-4656601-9488641','QU-6T21-ZKAH',NULL,NULL,'admin',NULL,NULL,NULL,'','807-0831','Á¶èÂ≤°Áúå--Âåó‰πùÂ∑ûÂ∏ÇÂÖ´Âπ°Ë•øÂå∫ÂâáÊùæ604-6','„Ç´„É©„Éº„Ç≥„É≥„Çª„Éó„Éà„ÄÄÂè§Ë≥Ä„ÄÄÂÅ•‰∏ÄÈÉé',NULL,'JPY--699.00','SAHASAHA „Éû„Ç∞„Éç„ÉÉ„ÉàÂºèËªäËºâ„Çπ„Éû„Éõ/„Çø„Éñ„É¨„ÉÉ„Éà„Éõ„É´„ÉÄ„Éº 360Â∫¶ÂõûËª¢ Á≤òÁùÄÂºè („Ç∑„É´„Éê„Éº)','0',NULL,NULL,NULL,NULL,NULL,1,'admin','2018-12-09 20:00:03',NULL,NULL,NULL,NULL,NULL,NULL,NULL,NULL,0,0,0,0,0,0),('503-4761725-6815068','VK-7V5A-H543',NULL,NULL,'admin',NULL,NULL,NULL,'','708-0344','Â≤°Â±±Áúå--Ëã´Áî∞ÈÉ°Èè°ÈáéÁî∫Âéü157-3','Â°öÊú¨Á¥´Â∏Ü',NULL,'JPY--6980.00','SAHASAHA „Çπ„Éº„ÉÑ„Ç±„Éº„Çπ „Ç≠„É£„É™„Éº„Ç±„Éº„Çπ „Ç≠„É£„É™„Éº„Éê„ÉÉ„Ç∞ Ê©üÂÜÖÊåÅ„Å°Ëæº„Åø„Çµ„Ç§„Ç∫„Åã„Çâ „Éï„Ç°„Çπ„Éä„Éº ÂÇ∑„ÅåÁõÆÁ´ã„Å°„Å´„Åè„ÅÑ TSA','0',NULL,NULL,NULL,NULL,NULL,1,'admin','2019-02-18 20:00:04',NULL,NULL,NULL,NULL,NULL,NULL,NULL,NULL,0,0,0,0,0,0),('503-4918877-0569413','SN-43IS-TWEP',NULL,NULL,'admin',NULL,NULL,NULL,'09028357837','929-0217','Áü≥Â∑ùÁúå--ÁôΩÂ±±Â∏ÇÊπäÁî∫7‚àí123','ÁéãÂ®Å',NULL,'JPY--9960.00','SAHASAHA „Çπ„Éº„ÉÑ„Ç±„Éº„Çπ „Ç≠„É£„É™„Éº„Ç±„Éº„Çπ „Ç≠„É£„É™„Éº„Éê„ÉÉ„Ç∞ Ê©üÂÜÖÊåÅ„Å°Ëæº„Åø„Çµ„Ç§„Ç∫„Åã„Çâ „Éï„Ç°„Çπ„Éä„Éº ÂÇ∑„ÅåÁõÆÁ´ã„Å°„Å´„Åè„ÅÑ TSA','1',NULL,NULL,NULL,NULL,NULL,1,'admin','2019-02-25 20:00:05',NULL,NULL,NULL,NULL,NULL,NULL,NULL,NULL,0,0,0,0,0,0),('503-4929037-6092615','O8-1VYB-PZQ4',NULL,NULL,'admin',NULL,NULL,NULL,'','661-0985','ÂÖµÂ∫´Áúå--Â∞ºÂ¥éÂ∏ÇÂçóÊ∏ÖÊ∞¥','ÂåóÁïëÁæéÂ≠ê',NULL,'JPY--6761.00','SAHASAHA „Çπ„Éº„ÉÑ„Ç±„Éº„Çπ „Ç≠„É£„É™„Éº„Ç±„Éº„Çπ „Ç≠„É£„É™„Éº„Éê„ÉÉ„Ç∞ Ê©üÂÜÖÊåÅ„Å°Ëæº„Åø„Çµ„Ç§„Ç∫„Åã„Çâ „Éï„Ç°„Çπ„Éä„Éº ÂÇ∑„ÅåÁõÆÁ´ã„Å°„Å´„Åè„ÅÑ TSA„É≠„ÉÉ„ÇØ „Éè„Éº„Éâ„Ç≠„É£„É™„Éº „Ç∏„ÉÉ„Éë„Éº ÂÖ®„Çµ„Ç§„Ç∫ Êúâ„Çä („É≠„Éº„Ç∫„Ç¥„Éº„É´„Éâ, Ê©üÂÜÖÊåÅËæº„Çµ„Ç§„Ç∫(1-3Ê≥ä/Á¥Ñ41„É™„ÉÉ„Éà„É´Ôºâ)','1',NULL,NULL,NULL,NULL,NULL,1,'admin','2019-01-24 20:00:04',NULL,NULL,NULL,NULL,NULL,NULL,NULL,NULL,0,0,0,0,0,0),('503-5090908-4429427','SN-43IS-TWEP',NULL,NULL,'admin',NULL,NULL,NULL,NULL,NULL,NULL,NULL,NULL,NULL,'SAHASAHA „Çπ„Éº„ÉÑ„Ç±„Éº„Çπ „Ç≠„É£„É™„Éº„Ç±„Éº„Çπ „Ç≠„É£„É™„Éº„Éê„ÉÉ„Ç∞ Ê©üÂÜÖÊåÅ„Å°Ëæº„Åø„Çµ„Ç§„Ç∫„Åã„Çâ „Éï„Ç°„Çπ„Éä„Éº ÂÇ∑„ÅåÁõÆÁ´ã„Å°„Å´„Åè„ÅÑ TSA„É≠„ÉÉ„ÇØ „Éè„Éº„Éâ„Ç≠„É£„É™„Éº Êã°Âºµ „Ç∏„ÉÉ„Éë„Éº ÂÖ®„Çµ„Ç§„Ç∫ Êúâ„Çä („É≠„Éº„Ç∫„Ç¥„Éº„É´„Éâ, L„Çµ„Ç§„Ç∫Ôºà7Ê≥ä‰ª•‰∏ä/88ÔºàÊã°ÂºµÊôÇ102Ôºâ„É™„ÉÉ„Éà„É´Ôºâ)','1',NULL,NULL,NULL,NULL,NULL,1,'admin','2018-12-10 16:00:03',NULL,NULL,NULL,NULL,NULL,NULL,NULL,NULL,0,0,0,0,0,0),('503-5231073-4751002','6N-OHKM-LVVR',NULL,NULL,'admin',NULL,NULL,NULL,'09023551244','639-2301','Â•àËâØÁúå--Âæ°ÊâÄÂ∏ÇÂÖÉÁî∫','‰∏≠Â≥∂ÁæéÈà¥',NULL,'JPY--5960.00','SAHASAHA ÈõªÁÜ±„Éô„Çπ„Éà „Éí„Éº„Éà„Éô„Çπ„Éà ÂÖÖÈõªÂºè „Éí„Éº„Çø„Éº„Éô„Çπ„Éà ÈõªÁÜ±„Ç¶„Çß„Ç¢ Èò≤ÂØíÁùÄ Êöñ„Åã„ÅÑ „Çπ„Ç≠„Éº „Ç¥„É´„Éï „Éê„Ç§„ÇØ ÈÄüÊöñ ÈõªÁÜ± ‰ΩúÊ•≠ÁùÄ Èá£„Çä Áî∑Â•≥ÂÖºÁî® (4XL, „Éñ„É©„ÉÉ„ÇØ)','1',NULL,NULL,NULL,NULL,NULL,1,'admin','2018-12-30 20:00:03',NULL,NULL,NULL,NULL,NULL,NULL,NULL,NULL,0,0,0,0,0,0),('503-5261651-1830207','QU-6T21-ZKAH',NULL,NULL,'admin',NULL,NULL,NULL,'','411-0044','ÈùôÂ≤°Áúå--‰∏âÂ≥∂Â∏ÇÂæ≥ÂÄâ879-17','DESIGN IMPACT Á¶èÁî∞ÂêâÁßÄ„Éª‰πÖ‰πÉ',NULL,'JPY--499.00','SAHASAHA „Éû„Ç∞„Éç„ÉÉ„ÉàÂºèËªäËºâ„Çπ„Éû„Éõ/„Çø„Éñ„É¨„ÉÉ„Éà„Éõ„É´„ÉÄ„Éº 360Â∫¶ÂõûËª¢ Á≤òÁùÄÂºè („Ç∑„É´„Éê„Éº)','0',NULL,NULL,NULL,NULL,NULL,1,'admin','2019-01-09 20:00:02',NULL,NULL,NULL,NULL,NULL,NULL,NULL,NULL,0,0,0,0,0,0),('503-5368688-1946251','O8-1VYB-PZQ4',NULL,NULL,'admin',NULL,NULL,NULL,NULL,NULL,NULL,NULL,NULL,NULL,'SAHASAHA „Çπ„Éº„ÉÑ„Ç±„Éº„Çπ „Ç≠„É£„É™„Éº„Ç±„Éº„Çπ „Ç≠„É£„É™„Éº„Éê„ÉÉ„Ç∞ Ê©üÂÜÖÊåÅ„Å°Ëæº„Åø„Çµ„Ç§„Ç∫„Åã„Çâ „Éï„Ç°„Çπ„Éä„Éº ÂÇ∑„ÅåÁõÆÁ´ã„Å°„Å´„Åè„ÅÑ TSA„É≠„ÉÉ„ÇØ „Éè„Éº„Éâ„Ç≠„É£„É™„Éº „Ç∏„ÉÉ„Éë„Éº ÂÖ®„Çµ„Ç§„Ç∫ Êúâ„Çä („É≠„Éº„Ç∫„Ç¥„Éº„É´„Éâ, Ê©üÂÜÖÊåÅËæº„Çµ„Ç§„Ç∫(1-3Ê≥ä/Á¥Ñ41„É™„ÉÉ„Éà„É´Ôºâ)','0',NULL,NULL,NULL,NULL,NULL,1,'admin','2019-03-05 20:00:05',NULL,NULL,NULL,NULL,NULL,NULL,NULL,NULL,0,0,0,0,0,0),('503-5442023-9693426','52-EV2N-XBRO',NULL,NULL,'admin',NULL,NULL,NULL,'09028874993','030-0943','ÈùíÊ£ÆÁúå--ÈùíÊ£ÆÂ∏ÇÂπ∏Áïë','Ëã•Êùæ  Ë™†',NULL,'JPY--9260.00','SAHASAHA „Çπ„Éº„ÉÑ„Ç±„Éº„Çπ „Ç≠„É£„É™„Éº„Ç±„Éº„Çπ „Ç≠„É£„É™„Éº„Éê„ÉÉ„Ç∞ Ê©üÂÜÖÊåÅ„Å°Ëæº„Åø„Çµ„Ç§„Ç∫„Åã„Çâ „Éï„Ç°„Çπ„Éä„Éº ÂÇ∑„ÅåÁõÆÁ´ã„Å°„Å´„Åè„ÅÑ TSA„É≠„ÉÉ„ÇØ „Éè„Éº„Éâ„Ç≠„É£„É™„Éº Êã°Âºµ „Ç∏„ÉÉ„Éë„Éº ÂÖ®„Çµ„Ç§„Ç∫ Êúâ„Çä („É≠„Éº„Ç∫„Ç¥„Éº„É´„Éâ TAS„É≠„ÉÉ„ÇØ, M„Çµ„Ç§„Ç∫Ôºà5-7Ê≥ä/66 „É™„ÉÉ„Éà„É´Ôºâ)','1',NULL,NULL,NULL,NULL,NULL,1,'admin','2018-11-18 18:00:04',NULL,NULL,NULL,NULL,NULL,NULL,NULL,NULL,NULL,NULL,NULL,NULL,NULL,NULL),('503-5643550-3040601','UN-CC16-9Q87',NULL,NULL,'admin',NULL,NULL,NULL,'08054284161','251-0037','Á•ûÂ•àÂ∑ùÁúå--Ëó§Ê≤¢Â∏ÇÈµ†Ê≤ºÊµ∑Â≤∏7-10-9-1','Êµ∑Èáå',NULL,'JPY--6960.00','SAHASAHA „Çπ„Éº„ÉÑ„Ç±„Éº„Çπ „Ç≠„É£„É™„Éº„Ç±„Éº„Çπ „Ç≠„É£„É™„Éº„Éê„ÉÉ„Ç∞ Ê©üÂÜÖÊåÅ„Å°Ëæº„Åø„Çµ„Ç§„Ç∫„Åã„Çâ „Éï„Ç°„Çπ„Éä„Éº ÂÇ∑„ÅåÁõÆÁ´ã„Å°„Å´„Åè„ÅÑ TSA„É≠„ÉÉ„ÇØ „Éè„Éº„Éâ„Ç≠„É£„É™„Éº „Ç∏„ÉÉ„Éë„Éº ÂÖ®„Çµ„Ç§„Ç∫ Êúâ„Çä („Ç∑„É´„Éê„Éº, Ê©üÂÜÖÊåÅËæº„Çµ„Ç§„Ç∫(1-3Ê≥ä/Á¥Ñ41„É™„ÉÉ„Éà„É´Ôºâ)','1',NULL,NULL,NULL,NULL,NULL,1,'admin','2019-01-11 20:00:02',NULL,NULL,NULL,NULL,NULL,NULL,NULL,NULL,0,0,0,0,0,0),('503-5654054-6102226','0Y-K99Y-JMPZ',NULL,NULL,'admin',NULL,NULL,NULL,NULL,NULL,NULL,NULL,NULL,NULL,'SAHASAHA „Çπ„Éº„ÉÑ„Ç±„Éº„Çπ „Ç≠„É£„É™„Éº„Ç±„Éº„Çπ „Ç≠„É£„É™„Éº„Éê„ÉÉ„Ç∞ Ê©üÂÜÖÊåÅ„Å°Ëæº„Åø„Çµ„Ç§„Ç∫„Åã„Çâ „Éï„Ç°„Çπ„Éä„Éº ÂÇ∑„ÅåÁõÆÁ´ã„Å°„Å´„Åè„ÅÑ TSA„É≠„ÉÉ„ÇØ „Éè„Éº„Éâ„Ç≠„É£„É™„Éº „Ç∏„ÉÉ„Éë„Éº ÂÖ®„Çµ„Ç§„Ç∫ Êúâ„Çä („É≠„Éº„Ç∫„Ç¥„Éº„É´„Éâ, L„Çµ„Ç§„Ç∫Ôºà7Ê≥ä‰ª•‰∏ä/Á¥Ñ86 „É™„ÉÉ„Éà„É´Ôºâ)','1',NULL,NULL,NULL,NULL,NULL,1,'admin','2019-01-27 20:00:04',NULL,NULL,NULL,NULL,NULL,NULL,NULL,NULL,0,0,0,0,0,0),('503-5694157-3240601','0Y-K99Y-JMPZ',NULL,NULL,'admin',NULL,NULL,NULL,'','860-0811','ÁÜäÊú¨Áúå--ÁÜäÊú¨Â∏Ç‰∏≠Â§ÆÂå∫Êú¨Ëçò6-4-3','ÂÜÖÁî∞Â•àÈÇ£',NULL,'JPY--9960.00','SAHASAHA „Çπ„Éº„ÉÑ„Ç±„Éº„Çπ „Ç≠„É£„É™„Éº„Ç±„Éº„Çπ „Ç≠„É£„É™„Éº„Éê„ÉÉ„Ç∞ Ê©üÂÜÖÊåÅ„Å°Ëæº„Åø„Çµ„Ç§„Ç∫„Åã„Çâ „Éï„Ç°„Çπ„Éä„Éº ÂÇ∑„ÅåÁõÆÁ´ã„Å°„Å´„Åè„ÅÑ TSA','0',NULL,NULL,NULL,NULL,NULL,1,'admin','2019-02-22 20:00:03',NULL,NULL,NULL,NULL,NULL,NULL,NULL,NULL,0,0,0,0,0,0),('503-5957106-9304622','ED-0UIY-40IQ',NULL,NULL,'admin',NULL,NULL,NULL,'','511-0912','‰∏âÈáçÁúå--Ê°ëÂêçÂ∏ÇÊòüË¶ã„É∂‰∏òÔºô‰∏ÅÁõÆÔºóÔºëÔºò','Á´πÂÜÖ„ÄÄ‰Ω≥Áæé',NULL,'JPY--7847.00','SAHASAHA „Çπ„Éº„ÉÑ„Ç±„Éº„Çπ „Ç≠„É£„É™„Éº„Ç±„Éº„Çπ „Ç≠„É£„É™„Éº„Éê„ÉÉ„Ç∞ Ê©üÂÜÖÊåÅ„Å°Ëæº„Åø„Çµ„Ç§„Ç∫„Åã„Çâ „Éï„Ç°„Çπ„Éä„Éº ÂÇ∑„ÅåÁõÆÁ´ã„Å°„Å´„Åè„ÅÑ TSA','0',NULL,NULL,NULL,NULL,NULL,1,'admin','2019-02-04 20:00:03',NULL,NULL,NULL,NULL,NULL,NULL,NULL,NULL,0,0,0,0,0,0),('503-6142566-5215041','ED-0UIY-40IQ',NULL,NULL,'admin',NULL,NULL,NULL,'','344-0004','ÂüºÁéâÁúå--Êò•Êó•ÈÉ®Â∏ÇÁâõÂ≥∂10-17','Á¶èÁî∞ËéâÊñº',NULL,'JPY--8260.00','SAHASAHA „Çπ„Éº„ÉÑ„Ç±„Éº„Çπ „Ç≠„É£„É™„Éº„Ç±„Éº„Çπ „Ç≠„É£„É™„Éº„Éê„ÉÉ„Ç∞ Ê©üÂÜÖÊåÅ„Å°Ëæº„Åø„Çµ„Ç§„Ç∫„Åã„Çâ „Éï„Ç°„Çπ„Éä„Éº ÂÇ∑„ÅåÁõÆÁ´ã„Å°„Å´„Åè„ÅÑ TSA','0',NULL,NULL,NULL,NULL,NULL,1,'admin','2019-02-08 20:00:05',NULL,NULL,NULL,NULL,NULL,NULL,NULL,NULL,0,0,0,0,0,0),('503-6205444-2494232','EK-ON40-GKM5',NULL,NULL,'admin',NULL,NULL,NULL,'0473750004','272-0822','ÂçÉËëâÁúå--Â∏ÇÂ∑ùÂ∏ÇÂÆÆ‰πÖ‰øùÔºî‚àíÔºëÔºë‚àíÔºëÔºê','È¥®Â∑ùÁæéÊ†ÑÂ≠ê',NULL,'JPY--12960.00','SAHASAHA „Çπ„Éº„ÉÑ„Ç±„Éº„Çπ „Ç≠„É£„É™„Éº„Ç±„Éº„Çπ TSA„É≠„ÉÉ„ÇØ ÂçäÈè°Èù¢‰ªï‰∏ä„Åí „Ç¢„É©„Ç§„É≥Âä†Â∑• „Ç¢„É´„Éü„Éï„É¨„Éº„É† „É¨„Éà„É≠ ÊóÖË°å Âá∫Âºµ ËªΩÈáè ÈùôÈü≥ „Éï„Ç°„Çπ„Éä„Éº„É¨„Çπ Ê©üÂÜÖÊåÅËæºÂèØ (L, „Ç¢„É´„Éü„Éï„É¨„Éº„É† -„É≠„Éº„Ç∫„Ç¥„Éº„É´„Éâ)','1',NULL,NULL,NULL,NULL,NULL,1,'admin','2019-01-11 20:00:03',NULL,NULL,NULL,NULL,NULL,NULL,NULL,NULL,0,0,0,0,0,0),('503-6748558-4599005','ED-0UIY-40IQ',NULL,NULL,'admin',NULL,NULL,NULL,'','132-0025','Êù±‰∫¨ÈÉΩ--Ê±üÊà∏Â∑ùÂå∫ÊùæÊ±ü','Â∂ãÂ¥éÂ∞ö',NULL,'JPY--8260.00','SAHASAHA „Çπ„Éº„ÉÑ„Ç±„Éº„Çπ „Ç≠„É£„É™„Éº„Ç±„Éº„Çπ „Ç≠„É£„É™„Éº„Éê„ÉÉ„Ç∞ Ê©üÂÜÖÊåÅ„Å°Ëæº„Åø„Çµ„Ç§„Ç∫„Åã„Çâ „Éï„Ç°„Çπ„Éä„Éº ÂÇ∑„ÅåÁõÆÁ´ã„Å°„Å´„Åè„ÅÑ TSA','0',NULL,NULL,NULL,NULL,NULL,1,'admin','2019-02-21 20:00:03',NULL,NULL,NULL,NULL,NULL,NULL,NULL,NULL,0,0,0,0,0,0),('503-6779533-4980665','M0-I6TZ-MSCV',NULL,NULL,'admin',NULL,NULL,NULL,'09032638987','574-0045','Â§ßÈò™Â∫ú--Â§ßÊù±Â∏ÇÂ§™Â≠êÁî∞1-9-10','Áü≥‰∫ïËñ´',NULL,'JPY--1620.00','SAHASAHA 2019 ÁùÄ‰ªò„Åë ÁùÄÁâ© „ÇØ„É™„ÉÉ„Éó Ë°øÊ≠¢„ÇÅ„ÇØ„É™„ÉÉ„Éó ÂíåË£Ö„ÇØ„É™„ÉÉ„Éó ÊâáÂ≠ê Ëä± 3Ëâ≤„Çª„ÉÉ„Éà (6ÂÄã„Çª„ÉÉ„Éà, Ëä±)','1',NULL,NULL,NULL,NULL,NULL,1,'admin','2019-02-27 20:00:03',NULL,NULL,NULL,NULL,NULL,NULL,NULL,NULL,0,0,0,0,0,0),('503-7103872-5928666','ED-0UIY-40IQ',NULL,NULL,'admin',NULL,NULL,NULL,'','336-0026','ÂüºÁéâÁúå--„Åï„ÅÑ„Åü„ÅæÂ∏ÇÂçóÂå∫Ëæª8-17-1 502','Ê™ÄÂ¥éÂèãËµ∑Â≠ê',NULL,'JPY--8260.00','SAHASAHA „Çπ„Éº„ÉÑ„Ç±„Éº„Çπ „Ç≠„É£„É™„Éº„Ç±„Éº„Çπ „Ç≠„É£„É™„Éº„Éê„ÉÉ„Ç∞ Ê©üÂÜÖÊåÅ„Å°Ëæº„Åø„Çµ„Ç§„Ç∫„Åã„Çâ „Éï„Ç°„Çπ„Éä„Éº ÂÇ∑„ÅåÁõÆÁ´ã„Å°„Å´„Åè„ÅÑ TSA','0',NULL,NULL,NULL,NULL,NULL,1,'admin','2019-02-11 20:00:03',NULL,NULL,NULL,NULL,NULL,NULL,NULL,NULL,0,0,0,0,0,0),('503-7323177-9323849','GT-82OW-TXM4',NULL,NULL,'admin',NULL,NULL,NULL,'07014014613','252-0232','Á•ûÂ•àÂ∑ùÁúå--Áõ∏Ê®°ÂéüÂ∏Ç‰∏≠Â§ÆÂå∫Áü¢ÈÉ®3-7-4','‰∏∏Â±±‰∫ÆÂ≠ê',NULL,'JPY--7660.00','SAHASAHA „Çπ„Éº„ÉÑ„Ç±„Éº„Çπ „Ç≠„É£„É™„Éº„Ç±„Éº„Çπ „Ç≠„É£„É™„Éº„Éê„ÉÉ„Ç∞ Ê©üÂÜÖÊåÅ„Å°Ëæº„Åø„Çµ„Ç§„Ç∫„Åã„Çâ „Éï„Ç°„Çπ„Éä„Éº ÂÇ∑„ÅåÁõÆÁ´ã„Å°„Å´„Åè„ÅÑ TSA„É≠„ÉÉ„ÇØ „Éè„Éº„Éâ„Ç≠„É£„É™„Éº „Ç∏„ÉÉ„Éë„Éº ÂÖ®„Çµ„Ç§„Ç∫ Êúâ„Çä („Ç∑„É´„Éê„Éº, Ôº≥„Çµ„Ç§„Ç∫Ôºà3-5Ê≥ä/Á¥Ñ51„É™„ÉÉ„Éà„É´Ôºâ)','1',NULL,NULL,NULL,NULL,NULL,1,'admin','2019-01-10 20:00:03',NULL,NULL,NULL,NULL,NULL,NULL,NULL,NULL,0,0,0,0,0,0),('503-7379171-2686214','UW-NJCD-KF9N',NULL,NULL,'admin',NULL,NULL,NULL,'','339-0032','ÂüºÁéâÁúå--„Åï„ÅÑ„Åü„ÅæÂ∏ÇÂ≤©ÊßªÂå∫Âçó‰∏ãÊñ∞‰∫ï','‰ΩêËó§Ëä±',NULL,'JPY--8160.00','SAHASAHA „Çπ„Éº„ÉÑ„Ç±„Éº„Çπ „Ç≠„É£„É™„Éº„Ç±„Éº„Çπ „Ç≠„É£„É™„Éº„Éê„ÉÉ„Ç∞ Ê©üÂÜÖÊåÅ„Å°Ëæº„Åø„Çµ„Ç§„Ç∫„Åã„Çâ „Éï„Ç°„Çπ„Éä„Éº ÂÇ∑„ÅåÁõÆÁ´ã„Å°„Å´„Åè„ÅÑ TSA','0',NULL,NULL,NULL,NULL,NULL,1,'admin','2019-02-24 20:00:05',NULL,NULL,NULL,NULL,NULL,NULL,NULL,NULL,0,0,0,0,0,0),('503-7384897-7616603','WG-0DAJ-6HFY',NULL,NULL,'admin',NULL,NULL,NULL,'09016796550','651-0072','ÂÖµÂ∫´Áúå--Á•ûÊà∏Â∏Ç‰∏≠Â§ÆÂå∫ËÑáÊµúÁî∫1-4-40','‰ªäÂá∫ÊÑõÁæé',NULL,'JPY--8260.00','SAHASAHA „Çπ„Éº„ÉÑ„Ç±„Éº„Çπ „Ç≠„É£„É™„Éº„Ç±„Éº„Çπ „Ç≠„É£„É™„Éº„Éê„ÉÉ„Ç∞ Ê©üÂÜÖÊåÅ„Å°Ëæº„Åø„Çµ„Ç§„Ç∫„Åã„Çâ „Éï„Ç°„Çπ„Éä„Éº ÂÇ∑„ÅåÁõÆÁ´ã„Å°„Å´„Åè„ÅÑ TSA„É≠„ÉÉ„ÇØ „Éè„Éº„Éâ„Ç≠„É£„É™„Éº „Ç∏„ÉÉ„Éë„Éº ÂÖ®„Çµ„Ç§„Ç∫ Êúâ„Çä („Ç∑„É´„Éê„Éº, M„Çµ„Ç§„Ç∫Ôºà5-7Ê≥ä/Á¥Ñ66„É™„ÉÉ„Éà„É´Ôºâ)','1',NULL,NULL,NULL,NULL,NULL,1,'admin','2019-02-16 20:00:03',NULL,NULL,NULL,NULL,NULL,NULL,NULL,NULL,0,0,0,0,0,0),('503-7507675-6755853','0Y-K99Y-JMPZ',NULL,NULL,'admin',NULL,NULL,NULL,'','175-0094','Êù±‰∫¨ÈÉΩ--ÊùøÊ©ãÂå∫ÊàêÂ¢óÔºí‚àíÔºìÔºó‚àíÔºí','Èà¥Êú®Ë¨ô‰∏Ä',NULL,'JPY--9960.00','SAHASAHA „Çπ„Éº„ÉÑ„Ç±„Éº„Çπ „Ç≠„É£„É™„Éº„Ç±„Éº„Çπ „Ç≠„É£„É™„Éº„Éê„ÉÉ„Ç∞ Ê©üÂÜÖÊåÅ„Å°Ëæº„Åø„Çµ„Ç§„Ç∫„Åã„Çâ „Éï„Ç°„Çπ„Éä„Éº ÂÇ∑„ÅåÁõÆÁ´ã„Å°„Å´„Åè„ÅÑ TSA','0',NULL,NULL,NULL,NULL,NULL,1,'admin','2019-02-23 20:00:05',NULL,NULL,NULL,NULL,NULL,NULL,NULL,NULL,0,0,0,0,0,0),('503-7667909-5707068','FH-WZ2Q-OYJP',NULL,NULL,'admin',NULL,NULL,NULL,'03‚àí3726‚àí3231','145-0064','Êù±‰∫¨ÈÉΩ--Â§ßÁî∞Âå∫‰∏äÊ±†Âè∞Ôºï‚àíÔºìÔºë‚àíÔºíÔºê','ÈáëÂ≠ê„ÄÄÊÅµÂà©ËèØ',NULL,'JPY--7960.00','SAHASAHA „Çπ„Éº„ÉÑ„Ç±„Éº„Çπ „Ç≠„É£„É™„Éº„Ç±„Éº„Çπ „Ç≠„É£„É™„Éº„Éê„ÉÉ„Ç∞ Ê©üÂÜÖÊåÅ„Å°Ëæº„Åø„Çµ„Ç§„Ç∫„Åã„Çâ „Éï„Ç°„Çπ„Éä„Éº ÂÇ∑„ÅåÁõÆÁ´ã„Å°„Å´„Åè„ÅÑ TSA„É≠„ÉÉ„ÇØ „Éè„Éº„Éâ„Ç≠„É£„É™„Éº Êã°Âºµ „Ç∏„ÉÉ„Éë„Éº ÂÖ®„Çµ„Ç§„Ç∫ Êúâ„Çä („É≠„Éº„Ç∫„Ç¥„Éº„É´„Éâ, M„Çµ„Ç§„Ç∫Ôºà5-7Ê≥ä/61ÔºàÊã°ÂºµÊôÇ72Ôºâ„É™„ÉÉ„Éà„É´Ôºâ)','1',NULL,NULL,NULL,NULL,NULL,1,'admin','2018-12-26 20:00:04',NULL,NULL,NULL,NULL,NULL,NULL,NULL,NULL,0,0,0,0,0,0),('503-7798366-4686205','VK-7V5A-H543',NULL,NULL,'admin',NULL,NULL,NULL,NULL,NULL,NULL,NULL,NULL,NULL,'SAHASAHA „Çπ„Éº„ÉÑ„Ç±„Éº„Çπ „Ç≠„É£„É™„Éº„Ç±„Éº„Çπ „Ç≠„É£„É™„Éº„Éê„ÉÉ„Ç∞ Ê©üÂÜÖÊåÅ„Å°Ëæº„Åø„Çµ„Ç§„Ç∫„Åã„Çâ „Éï„Ç°„Çπ„Éä„Éº ÂÇ∑„ÅåÁõÆÁ´ã„Å°„Å´„Åè„ÅÑ TSA„É≠„ÉÉ„ÇØ „Éè„Éº„Éâ„Ç≠„É£„É™„Éº „Ç∏„ÉÉ„Éë„Éº ÂÖ®„Çµ„Ç§„Ç∫ Êúâ„Çä („É≠„Éº„Ç∫„Ç¥„Éº„É´„Éâ, Ê©üÂÜÖÊåÅËæº„Çµ„Ç§„Ç∫(1-3Ê≥ä/Á¥Ñ41„É™„ÉÉ„Éà„É´Ôºâ)','1',NULL,NULL,NULL,NULL,NULL,1,'admin','2019-03-05 20:00:05',NULL,NULL,NULL,NULL,NULL,NULL,NULL,NULL,0,0,0,0,0,0),('503-7837617-1083812','P3-AXD1-32XQ',NULL,NULL,'admin',NULL,NULL,NULL,'','700-0956','Â≤°Â±±Áúå--Â≤°Â±±Â∏ÇÂçóÂå∫ÂΩìÊñ∞Áî∞356-43','ÂåóÂ≥∂Áõ¥‰∫∫',NULL,'JPY--999.00','SAHASAHA „ÉØ„É≥„Çø„ÉÉ„ÉÅ„ÉÜ„É≥„Éà „ÉÜ„É≥„Éà 3ÔΩû5‰∫∫Áî® „ÉØ„É≥„Çø„ÉÉ„ÉÅ 2WAY „ÉÜ„É≥„Éà Ë®≠Âñ∂Á∞°Âçò Èò≤ÁÅΩÁî® „Ç≠„É£„É≥„ÉóÁî®ÂìÅ Êí•Ê∞¥Âä†Â∑• Á¥´Â§ñÔøΩ','0',NULL,NULL,NULL,NULL,NULL,1,'admin','2019-01-01 20:00:04',NULL,NULL,NULL,NULL,NULL,NULL,NULL,NULL,0,0,0,0,0,0),('503-8057603-5467849','QU-6T21-ZKAH',NULL,NULL,'admin',NULL,NULL,NULL,'','880-0001','ÂÆÆÂ¥éÁúå--ÂÆÆÂ¥éÂ∏ÇÊ©òÈÄöË•ø','Crystal Pharaoh',NULL,'JPY--998.00','SAHASAHA „Éû„Ç∞„Éç„ÉÉ„ÉàÂºèËªäËºâ„Çπ„Éû„Éõ/„Çø„Éñ„É¨„ÉÉ„Éà„Éõ„É´„ÉÄ„Éº 360Â∫¶ÂõûËª¢ Á≤òÁùÄÂºè („Ç∑„É´„Éê„Éº)','0',NULL,NULL,NULL,NULL,NULL,1,'admin','2019-01-13 20:00:06',NULL,NULL,NULL,NULL,NULL,NULL,NULL,NULL,0,0,0,0,0,0),('503-8302295-4396627','SN-43IS-TWEP',NULL,NULL,'admin',NULL,NULL,NULL,'07026598535','335-0016','ÂüºÁéâÁúå--Êà∏Áî∞Â∏Ç‰∏ãÂâç1-7-13 307','Ê∏°Ëæ∫ ÂÑ™Ëä±',NULL,'JPY--9960.00','SAHASAHA „Çπ„Éº„ÉÑ„Ç±„Éº„Çπ „Ç≠„É£„É™„Éº„Ç±„Éº„Çπ „Ç≠„É£„É™„Éº„Éê„ÉÉ„Ç∞ Ê©üÂÜÖÊåÅ„Å°Ëæº„Åø„Çµ„Ç§„Ç∫„Åã„Çâ „Éï„Ç°„Çπ„Éä„Éº ÂÇ∑„ÅåÁõÆÁ´ã„Å°„Å´„Åè„ÅÑ TSA„É≠„ÉÉ„ÇØ „Éè„Éº„Éâ„Ç≠„É£„É™„Éº „Ç∏„ÉÉ„Éë„Éº ÂÖ®„Çµ„Ç§„Ç∫ Êúâ„Çä („É≠„Éº„Ç∫„Ç¥„Éº„É´„Éâ, L„Çµ„Ç§„Ç∫Ôºà7Ê≥ä‰ª•‰∏ä/Á¥Ñ86 „É™„ÉÉ„Éà„É´Ôºâ)','1',NULL,NULL,NULL,NULL,NULL,1,'admin','2019-01-10 20:00:04',NULL,NULL,NULL,NULL,NULL,NULL,NULL,NULL,0,0,0,0,0,0),('503-8363106-0263035','FH-WZ2Q-OYJP',NULL,NULL,'admin',NULL,NULL,NULL,'09028063165','213-0005','Á•ûÂ•àÂ∑ùÁúå--Â∑ùÂ¥éÂ∏ÇÈ´òÊ¥•Âå∫ÂåóË¶ãÊñπ','Â∞èÁ´øÂèåËëâ',NULL,'JPY--8260.00','SAHASAHA „Çπ„Éº„ÉÑ„Ç±„Éº„Çπ „Ç≠„É£„É™„Éº„Ç±„Éº„Çπ „Ç≠„É£„É™„Éº„Éê„ÉÉ„Ç∞ Ê©üÂÜÖÊåÅ„Å°Ëæº„Åø„Çµ„Ç§„Ç∫„Åã„Çâ „Éï„Ç°„Çπ„Éä„Éº ÂÇ∑„ÅåÁõÆÁ´ã„Å°„Å´„Åè„ÅÑ TSA„É≠„ÉÉ„ÇØ „Éè„Éº„Éâ„Ç≠„É£„É™„Éº „Ç∏„ÉÉ„Éë„Éº ÂÖ®„Çµ„Ç§„Ç∫ Êúâ„Çä („É≠„Éº„Ç∫„Ç¥„Éº„É´„Éâ,M„Çµ„Ç§„Ç∫Ôºà5-7Ê≥ä/Á¥Ñ66„É™„ÉÉ„Éà„É´Ôºâ)','1',NULL,NULL,NULL,NULL,NULL,1,'admin','2019-02-18 20:00:04',NULL,NULL,NULL,NULL,NULL,NULL,NULL,NULL,0,0,0,0,0,0),('503-8368115-0454217','QU-6T21-ZKAH',NULL,NULL,'admin',NULL,NULL,NULL,'','675-1114','ÂÖµÂ∫´Áúå--Âä†Âè§ÈÉ°Á®≤ÁæéÁî∫ÂõΩÂÆâ1162-1','Â§ßË∑Ø„ÄÄÂÑ™Â≠ê',NULL,'JPY--399.00','SAHASAHA „Éû„Ç∞„Éç„ÉÉ„ÉàÂºèËªäËºâ„Çπ„Éû„Éõ/„Çø„Éñ„É¨„ÉÉ„Éà„Éõ„É´„ÉÄ„Éº 360Â∫¶ÂõûËª¢ Á≤òÁùÄÂºè („Ç∑„É´„Éê„Éº)','0',NULL,NULL,NULL,NULL,NULL,1,'admin','2019-01-03 20:00:03',NULL,NULL,NULL,NULL,NULL,NULL,NULL,NULL,0,0,0,0,0,0),('503-8517352-0443063','ED-0UIY-40IQ',NULL,NULL,'admin',NULL,NULL,NULL,NULL,NULL,NULL,NULL,NULL,NULL,'SAHASAHA „Çπ„Éº„ÉÑ„Ç±„Éº„Çπ „Ç≠„É£„É™„Éº„Ç±„Éº„Çπ „Ç≠„É£„É™„Éº„Éê„ÉÉ„Ç∞ Ê©üÂÜÖÊåÅ„Å°Ëæº„Åø„Çµ„Ç§„Ç∫„Åã„Çâ „Éï„Ç°„Çπ„Éä„Éº ÂÇ∑„ÅåÁõÆÁ´ã„Å°„Å´„Åè„ÅÑ TSA„É≠„ÉÉ„ÇØ „Éè„Éº„Éâ„Ç≠„É£„É™„Éº „Ç∏„ÉÉ„Éë„Éº ÂÖ®„Çµ„Ç§„Ç∫ Êúâ„Çä („É≠„Éº„Ç∫„Ç¥„Éº„É´„Éâ,M„Çµ„Ç§„Ç∫Ôºà5-7Ê≥ä/Á¥Ñ66„É™„ÉÉ„Éà„É´Ôºâ)','1',NULL,NULL,NULL,NULL,NULL,1,'admin','2019-03-03 20:00:05',NULL,NULL,NULL,NULL,NULL,NULL,NULL,NULL,0,0,0,0,0,0),('503-8612593-6731062','VK-7V5A-H543',NULL,NULL,'admin',NULL,NULL,NULL,'','144-0047','Êù±‰∫¨ÈÉΩ--Â§ßÁî∞Âå∫Ëê©‰∏≠','Á´πËä±È∫ªÁî±',NULL,'JPY--6980.00','SAHASAHA „Çπ„Éº„ÉÑ„Ç±„Éº„Çπ „Ç≠„É£„É™„Éº„Ç±„Éº„Çπ „Ç≠„É£„É™„Éº„Éê„ÉÉ„Ç∞ Ê©üÂÜÖÊåÅ„Å°Ëæº„Åø„Çµ„Ç§„Ç∫„Åã„Çâ „Éï„Ç°„Çπ„Éä„Éº ÂÇ∑„ÅåÁõÆÁ´ã„Å°„Å´„Åè„ÅÑ TSA','0',NULL,NULL,NULL,NULL,NULL,1,'admin','2019-02-21 20:00:02',NULL,NULL,NULL,NULL,NULL,NULL,NULL,NULL,0,0,0,0,0,0),('503-8713220-4269422','FH-WZ2Q-OYJP',NULL,NULL,'admin',NULL,NULL,NULL,'02019265192','610-0302','‰∫¨ÈÉΩÂ∫ú--Á∂¥ÂñúÈÉ°‰∫ïÊâãÁî∫‰∫ïÊâã','Supthone Saowanee',NULL,'JPY--8260.00','SAHASAHA „Çπ„Éº„ÉÑ„Ç±„Éº„Çπ „Ç≠„É£„É™„Éº„Ç±„Éº„Çπ „Ç≠„É£„É™„Éº„Éê„ÉÉ„Ç∞ Ê©üÂÜÖÊåÅ„Å°Ëæº„Åø„Çµ„Ç§„Ç∫„Åã„Çâ „Éï„Ç°„Çπ„Éä„Éº ÂÇ∑„ÅåÁõÆÁ´ã„Å°„Å´„Åè„ÅÑ TSA„É≠„ÉÉ„ÇØ „Éè„Éº„Éâ„Ç≠„É£„É™„Éº „Ç∏„ÉÉ„Éë„Éº ÂÖ®„Çµ„Ç§„Ç∫ Êúâ„Çä („É≠„Éº„Ç∫„Ç¥„Éº„É´„Éâ,M„Çµ„Ç§„Ç∫Ôºà5-7Ê≥ä/Á¥Ñ66„É™„ÉÉ„Éà„É´Ôºâ)','1',NULL,NULL,NULL,NULL,NULL,1,'admin','2019-02-16 20:00:04',NULL,NULL,NULL,NULL,NULL,NULL,NULL,NULL,0,0,0,0,0,0),('503-8879469-1176650','SN-43IS-TWEP',NULL,NULL,'admin',NULL,NULL,NULL,'0487260790','362-0059','ÂüºÁéâÁúå--‰∏äÂ∞æÂ∏ÇÂ§ßÂ≠óÂπ≥Êñπ3136-5','Â•àËâØ„ÄÄÁæéÊ≤ª',NULL,'JPY--12940.00','SAHASAHA „Çπ„Éº„ÉÑ„Ç±„Éº„Çπ „Ç≠„É£„É™„Éº„Ç±„Éº„Çπ „Ç≠„É£„É™„Éº„Éê„ÉÉ„Ç∞ Ê©üÂÜÖÊåÅ„Å°Ëæº„Åø„Çµ„Ç§„Ç∫„Åã„Çâ „Éï„Ç°„Çπ„Éä„Éº ÂÇ∑„ÅåÁõÆÁ´ã„Å°„Å´„Åè„ÅÑ TSA„É≠„ÉÉ„ÇØ „Éè„Éº„Éâ„Ç≠„É£„É™„Éº Êã°Âºµ „Ç∏„ÉÉ„Éë„Éº ÂÖ®„Çµ„Ç§„Ç∫ Êúâ„Çä („É≠„Éº„Ç∫„Ç¥„Éº„É´„Éâ, L„Çµ„Ç§„Ç∫Ôºà7Ê≥ä‰ª•‰∏ä/88ÔºàÊã°ÂºµÊôÇ102Ôºâ„É™„ÉÉ„Éà„É´Ôºâ)','1',NULL,NULL,NULL,NULL,NULL,1,'admin','2018-12-05 10:00:02',NULL,NULL,NULL,NULL,NULL,NULL,NULL,NULL,0,0,0,0,0,0),('503-9021736-3471028','ZQ-19XZ-EBKH',NULL,NULL,'admin',NULL,NULL,NULL,'09096486241','166-0001','Êù±‰∫¨ÈÉΩ--Êùâ‰∏¶Âå∫Èòø‰ΩêË∞∑Âåó3-28-19','Â±±‰∏ãÁë†Ëèú',NULL,'JPY--13176.00','SAHASAHA „Çπ„Éº„ÉÑ„Ç±„Éº„Çπ „Ç≠„É£„É™„Éº„Ç±„Éº„Çπ TSA„É≠„ÉÉ„ÇØ ÂçäÈè°Èù¢‰ªï‰∏ä„Åí „Ç¢„É©„Ç§„É≥Âä†Â∑• „Ç¢„É´„Éü„Éï„É¨„Éº„É† „É¨„Éà„É≠ ÊóÖË°å Âá∫Âºµ ËªΩÈáè ÈùôÈü≥ „Éï„Ç°„Çπ„Éä„Éº„É¨„Çπ Ê©üÂÜÖÊåÅËæºÂèØ (XL, „Ç≠„É£„É™„Éº„Ç∏„ÉÉ„Éë„Éº-„É≠„Éº„Ç∫„Ç¥„Éº„É´„Éâ)','1',NULL,NULL,NULL,NULL,NULL,1,'admin','2019-02-20 20:00:03',NULL,NULL,NULL,NULL,NULL,NULL,NULL,NULL,0,0,0,0,0,0),('503-9150767-8818217','QU-6T21-ZKAH',NULL,NULL,'admin',NULL,NULL,NULL,'','491-0201','Aichi-ken--Ichinomya shi','Manalang westy james',NULL,'JPY--499.00','SAHASAHA „Éû„Ç∞„Éç„ÉÉ„ÉàÂºèËªäËºâ„Çπ„Éû„Éõ/„Çø„Éñ„É¨„ÉÉ„Éà„Éõ„É´„ÉÄ„Éº 360Â∫¶ÂõûËª¢ Á≤òÁùÄÂºè („Ç∑„É´„Éê„Éº)','0',NULL,NULL,NULL,NULL,NULL,1,'admin','2019-01-12 20:00:02',NULL,NULL,NULL,NULL,NULL,NULL,NULL,NULL,0,0,0,0,0,0),('503-9232299-8766262','UW-NJCD-KF9N',NULL,NULL,'admin',NULL,NULL,NULL,'','630-0131','Â•àËâØÁúå--ÁîüÈßíÂ∏Ç‰∏äÁî∫','Ë∞∑ Êò•Â•à',NULL,'JPY--7660.00','SAHASAHA „Çπ„Éº„ÉÑ„Ç±„Éº„Çπ „Ç≠„É£„É™„Éº„Ç±„Éº„Çπ „Ç≠„É£„É™„Éº„Éê„ÉÉ„Ç∞ Ê©üÂÜÖÊåÅ„Å°Ëæº„Åø„Çµ„Ç§„Ç∫„Åã„Çâ „Éï„Ç°„Çπ„Éä„Éº ÂÇ∑„ÅåÁõÆÁ´ã„Å°„Å´„Åè„ÅÑ TSA','0',NULL,NULL,NULL,NULL,NULL,1,'admin','2019-02-08 20:00:04',NULL,NULL,NULL,NULL,NULL,NULL,NULL,NULL,0,0,0,0,0,0),('503-9309640-1601414','VK-7V5A-H543',NULL,NULL,'admin',NULL,NULL,NULL,'','891-0114','ÈπøÂÖêÂ≥∂Áúå--ÈπøÂÖêÂ≥∂Â∏ÇÂ∞èÊùæÂéü','ÂºüÂ≠ê‰∏∏Ë±™',NULL,'JPY--6980.00','SAHASAHA „Çπ„Éº„ÉÑ„Ç±„Éº„Çπ „Ç≠„É£„É™„Éº„Ç±„Éº„Çπ „Ç≠„É£„É™„Éº„Éê„ÉÉ„Ç∞ Ê©üÂÜÖÊåÅ„Å°Ëæº„Åø„Çµ„Ç§„Ç∫„Åã„Çâ „Éï„Ç°„Çπ„Éä„Éº ÂÇ∑„ÅåÁõÆÁ´ã„Å°„Å´„Åè„ÅÑ TSA','0',NULL,NULL,NULL,NULL,NULL,1,'admin','2019-02-24 20:00:04',NULL,NULL,NULL,NULL,NULL,NULL,NULL,NULL,0,0,0,0,0,0),('503-9418342-3886207','5U-Y2SK-VDC5',NULL,NULL,'admin',NULL,NULL,NULL,NULL,NULL,NULL,NULL,NULL,NULL,'SAHASAHA „ÉØ„É≥„Çø„ÉÉ„ÉÅ„ÉÜ„É≥„Éà „ÉÜ„É≥„Éà 3ÔΩû5‰∫∫Áî® „ÉØ„É≥„Çø„ÉÉ„ÉÅ 2WAY „ÉÜ„É≥„Éà 3WAY „ÉÜ„É≥„Éà Ë®≠Âñ∂Á∞°Âçò Èò≤ÁÅΩÁî® „Ç≠„É£„É≥„ÉóÁî®ÂìÅ Êí•Ê∞¥Âä†Â∑• Á¥´Â§ñÁ∑öÈò≤Ê≠¢ ÁôªÂ±± Êäò„Çä„Åü„Åü„Åø Èò≤Ê∞¥ ÈÄöÊ∞óÊÄß „Ç¢„Ç¶„Éà„Éâ„Ç¢ 240*210*135cm („Éñ„É´„Éº, 3ÔΩû5‰∫∫Áî®)','0',NULL,NULL,NULL,NULL,NULL,1,'admin','2019-01-01 20:00:07',NULL,NULL,NULL,NULL,NULL,NULL,NULL,NULL,0,0,0,0,0,0),('503-9469508-3912637','VK-7V5A-H543',NULL,NULL,'admin',NULL,NULL,NULL,'','244-0817','Á•ûÂ•àÂ∑ùÁúå--Ê®™ÊµúÂ∏ÇÊà∏Â°öÂå∫ÂêâÁî∞Áî∫ 1623-6','Â§ßÂüéÈáåÂ•àÂ≠ê',NULL,'JPY--6631.00','SAHASAHA „Çπ„Éº„ÉÑ„Ç±„Éº„Çπ „Ç≠„É£„É™„Éº„Ç±„Éº„Çπ „Ç≠„É£„É™„Éº„Éê„ÉÉ„Ç∞ Ê©üÂÜÖÊåÅ„Å°Ëæº„Åø„Çµ„Ç§„Ç∫„Åã„Çâ „Éï„Ç°„Çπ„Éä„Éº ÂÇ∑„ÅåÁõÆÁ´ã„Å°„Å´„Åè„ÅÑ TSA','0',NULL,NULL,NULL,NULL,NULL,1,'admin','2019-02-01 20:00:04',NULL,NULL,NULL,NULL,NULL,NULL,NULL,NULL,0,0,0,0,0,0),('503-9572745-1047861','ED-0UIY-40IQ',NULL,NULL,'admin',NULL,NULL,NULL,'','906-0103','Ê≤ñÁ∏ÑÁúå--ÂÆÆÂè§Â≥∂Â∏ÇÂüéËæ∫Á¶èÈáå377ÔΩ∞7Áï™Âú∞EÊ£ü202','Èï∑Êø±Âß´Ê≠å',NULL,'JPY--8260.00','SAHASAHA „Çπ„Éº„ÉÑ„Ç±„Éº„Çπ „Ç≠„É£„É™„Éº„Ç±„Éº„Çπ „Ç≠„É£„É™„Éº„Éê„ÉÉ„Ç∞ Ê©üÂÜÖÊåÅ„Å°Ëæº„Åø„Çµ„Ç§„Ç∫„Åã„Çâ „Éï„Ç°„Çπ„Éä„Éº ÂÇ∑„ÅåÁõÆÁ´ã„Å°„Å´„Åè„ÅÑ TSA','0',NULL,NULL,NULL,NULL,NULL,1,'admin','2019-02-05 20:00:02',NULL,NULL,NULL,NULL,NULL,NULL,NULL,NULL,0,0,0,0,0,0),('503-9647879-0807834','HM-B5BT-1IWO',NULL,NULL,'admin',NULL,NULL,NULL,'09090525453','573-0013','Â§ßÈò™Â∫ú--ÊûöÊñπÂ∏ÇÊòü‰∏ò4-7-11','ÂâçÂ¥é„ÄÄ„Åì„ÅöÊÅµ',NULL,'JPY--7660.00','SAHASAHA „Çπ„Éº„ÉÑ„Ç±„Éº„Çπ „Ç≠„É£„É™„Éº„Ç±„Éº„Çπ „Ç≠„É£„É™„Éº„Éê„ÉÉ„Ç∞ Ê©üÂÜÖÊåÅ„Å°Ëæº„Åø„Çµ„Ç§„Ç∫„Åã„Çâ „Éï„Ç°„Çπ„Éä„Éº ÂÇ∑„ÅåÁõÆÁ´ã„Å°„Å´„Åè„ÅÑ TSA„É≠„ÉÉ„ÇØ „Éè„Éº„Éâ„Ç≠„É£„É™„Éº Êã°Âºµ „Ç∏„ÉÉ„Éë„Éº ÂÖ®„Çµ„Ç§„Ç∫ Êúâ„Çä („É≠„Éº„Ç∫„Ç¥„Éº„É´„Éâ, Ôº≥„Çµ„Ç§„Ç∫Ôºà3-5Ê≥ä/47ÔºàÊã°ÂºµÊôÇ56Ôºâ„É™„ÉÉ„Éà„É´Ôºâ)','1',NULL,NULL,NULL,NULL,NULL,1,'admin','2018-12-19 20:00:03',NULL,NULL,NULL,NULL,NULL,NULL,NULL,NULL,0,0,0,0,0,0),('503-9670522-0994216','TG-7U8Z-SBK2',NULL,NULL,'admin',NULL,NULL,NULL,'0927143005','810-0073','Á¶èÂ≤°Áúå--Á¶èÂ≤°Â∏Ç‰∏≠Â§ÆÂå∫ËàûÈ∂¥1-2-1','Êó•‰∏ã',NULL,'JPY--17999.00','„Ç≠„ÇØ„Çø„Éã ‰∫åËÉ° „Çª„Éü„Éè„Éº„Éâ„Ç±„Éº„Çπ„ÄÅÂºì‰ªòÂ±û #73','1',NULL,NULL,NULL,NULL,NULL,1,'admin','2019-02-14 20:00:04',NULL,NULL,NULL,NULL,NULL,NULL,NULL,NULL,0,0,0,0,0,0),('503-9683178-6219855','VK-7V5A-H543',NULL,NULL,'admin',NULL,NULL,NULL,'','811-1311','Á¶èÂ≤°Áúå--ÂçóÂå∫Ê®™Êâã‰∫å‰∏ÅÁõÆ36-1','Â±±ÂÜÖÂèãÁ¥ÄËèú',NULL,'JPY--7171.00','SAHASAHA „Çπ„Éº„ÉÑ„Ç±„Éº„Çπ „Ç≠„É£„É™„Éº„Ç±„Éº„Çπ „Ç≠„É£„É™„Éº„Éê„ÉÉ„Ç∞ Ê©üÂÜÖÊåÅ„Å°Ëæº„Åø„Çµ„Ç§„Ç∫„Åã„Çâ „Éï„Ç°„Çπ„Éä„Éº ÂÇ∑„ÅåÁõÆÁ´ã„Å°„Å´„Åè„ÅÑ TSA','0',NULL,NULL,NULL,NULL,NULL,1,'admin','2019-02-01 20:00:04',NULL,NULL,NULL,NULL,NULL,NULL,NULL,NULL,0,0,0,0,0,0),('503-9737261-1274261','5J-EU14-VO30',NULL,NULL,'admin',NULL,NULL,NULL,'0453241805','220-0051','Á•ûÂ•àÂ∑ùÁúå--Ê®™ÊµúÂ∏ÇË•øÂå∫‰∏≠Â§Æ','ÂõõÂÆÆ„ÅØ„Å™',NULL,'JPY--13870.00','SAHASAHA „Çπ„Éº„ÉÑ„Ç±„Éº„Çπ „Ç≠„É£„É™„Éº„Ç±„Éº„Çπ TSA„É≠„ÉÉ„ÇØ ÂçäÈè°Èù¢‰ªï‰∏ä„Åí „Ç¢„É©„Ç§„É≥Âä†Â∑• „Ç¢„É´„Éü„Éï„É¨„Éº„É† „É¨„Éà„É≠ ÊóÖË°å Âá∫Âºµ ËªΩÈáè ÈùôÈü≥ „Éï„Ç°„Çπ„Éä„Éº„É¨„Çπ Ê©üÂÜÖÊåÅËæºÂèØ (XL, „Ç¢„É´„Éü„Éï„É¨„Éº„É† -„É≠„Éº„Ç∫„Ç¥„Éº„É´„Éâ)','1',NULL,NULL,NULL,NULL,NULL,1,'admin','2019-01-23 20:00:05',NULL,NULL,NULL,NULL,NULL,NULL,NULL,NULL,0,0,0,0,0,0),('503-9868557-1343822','52-EV2N-XBRO',NULL,NULL,'admin',NULL,NULL,NULL,'0487348789','344-0023','ÂüºÁéâÁúå--Êò•Êó•ÈÉ®Â∏ÇÂ§ßÊûù89','ÂÆÆÊú¨ ÂçÉÂ∞ã',NULL,'JPY--10260.00','SAHASAHA „Çπ„Éº„ÉÑ„Ç±„Éº„Çπ „Ç≠„É£„É™„Éº„Ç±„Éº„Çπ „Ç≠„É£„É™„Éº„Éê„ÉÉ„Ç∞ Ê©üÂÜÖÊåÅ„Å°Ëæº„Åø„Çµ„Ç§„Ç∫„Åã„Çâ „Éï„Ç°„Çπ„Éä„Éº ÂÇ∑„ÅåÁõÆÁ´ã„Å°„Å´„Åè„ÅÑ TSA„É≠„ÉÉ„ÇØ „Éè„Éº„Éâ„Ç≠„É£„É™„Éº „Ç∏„ÉÉ„Éë„Éº ÂÖ®„Çµ„Ç§„Ç∫ Êúâ„Çä („É≠„Éº„Ç∫„Ç¥„Éº„É´„Éâ „Ç¢„É´„Éü„Éï„É¨„Éº„É† ÂÖâÊ≤¢, M„Çµ„Ç§„Ç∫Ôºà5-7Ê≥ä/Á¥Ñ66 „É™„ÉÉ„Éà„É´Ôºâ)','1',NULL,NULL,NULL,NULL,NULL,1,'admin','2019-01-06 20:00:02',NULL,NULL,NULL,NULL,NULL,NULL,NULL,NULL,0,0,0,0,0,0),('503-9922969-2577425','QU-6T21-ZKAH',NULL,NULL,'admin',NULL,NULL,NULL,NULL,NULL,NULL,NULL,NULL,NULL,'SAHASAHA „Éû„Ç∞„Éç„ÉÉ„ÉàÂºèËªäËºâ„Çπ„Éû„Éõ/„Çø„Éñ„É¨„ÉÉ„Éà„Éõ„É´„ÉÄ„Éº 360Â∫¶ÂõûËª¢ Á≤òÁùÄÂºè („Ç∑„É´„Éê„Éº)','1',NULL,NULL,NULL,NULL,NULL,1,'admin','2019-01-06 20:00:04',NULL,NULL,NULL,NULL,NULL,NULL,NULL,NULL,0,0,0,0,0,0),('503-9979035-4144650','VK-7V5A-H543',NULL,NULL,'admin',NULL,NULL,NULL,NULL,NULL,NULL,NULL,NULL,NULL,'SAHASAHA „Çπ„Éº„ÉÑ„Ç±„Éº„Çπ „Ç≠„É£„É™„Éº„Ç±„Éº„Çπ „Ç≠„É£„É™„Éº„Éê„ÉÉ„Ç∞ Ê©üÂÜÖÊåÅ„Å°Ëæº„Åø„Çµ„Ç§„Ç∫„Åã„Çâ „Éï„Ç°„Çπ„Éä„Éº ÂÇ∑„ÅåÁõÆÁ´ã„Å°„Å´„Åè„ÅÑ TSA„É≠„ÉÉ„ÇØ „Éè„Éº„Éâ„Ç≠„É£„É™„Éº „Ç∏„ÉÉ„Éë„Éº ÂÖ®„Çµ„Ç§„Ç∫ Êúâ„Çä („É≠„Éº„Ç∫„Ç¥„Éº„É´„Éâ, Ê©üÂÜÖÊåÅËæº„Çµ„Ç§„Ç∫(1-3Ê≥ä/Á¥Ñ41„É™„ÉÉ„Éà„É´Ôºâ)','1',NULL,NULL,NULL,NULL,NULL,1,'admin','2019-02-25 20:00:03',NULL,NULL,NULL,NULL,NULL,NULL,NULL,NULL,0,0,0,0,0,0),('503-9991635-9182267','TG-7U8Z-SBK2',NULL,NULL,'admin',NULL,NULL,NULL,'0927143005','810-0073','Á¶èÂ≤°Áúå--Á¶èÂ≤°Â∏Ç‰∏≠Â§ÆÂå∫ËàûÈ∂¥1-2-1','Êó•‰∏ã',NULL,'JPY--17999.00','„Ç≠„ÇØ„Çø„Éã ‰∫åËÉ° „Çª„Éü„Éè„Éº„Éâ„Ç±„Éº„Çπ„ÄÅÂºì‰ªòÂ±û #73','1',NULL,NULL,NULL,NULL,NULL,1,'admin','2019-02-16 20:00:04',NULL,NULL,NULL,NULL,NULL,NULL,NULL,NULL,0,0,0,0,0,0),('9','6947503775353',NULL,'default','user01','','','','','','','','N','0','','1',NULL,NULL,NULL,NULL,'0',1,'user01','2018-11-13 00:57:48','2018-11-13 00:57:48',2,NULL,NULL,NULL,NULL,NULL,NULL,NULL,NULL,NULL,NULL,NULL,NULL),('DY06daff2d',NULL,NULL,'xxx',NULL,NULL,NULL,NULL,NULL,NULL,NULL,NULL,NULL,NULL,NULL,NULL,NULL,NULL,NULL,NULL,NULL,1,'user01','2019-02-19 10:57:51','2019-02-19 10:57:51',1,NULL,NULL,NULL,NULL,NULL,NULL,NULL,NULL,NULL,NULL,NULL,NULL),('DY0d97460d',NULL,NULL,NULL,NULL,NULL,NULL,NULL,NULL,NULL,NULL,NULL,NULL,NULL,NULL,NULL,NULL,NULL,NULL,NULL,NULL,1,'user01','2019-02-21 17:33:07','2019-02-21 17:33:07',1,NULL,NULL,NULL,NULL,NULL,NULL,NULL,NULL,NULL,NULL,NULL,NULL),('DY2843543d',NULL,NULL,'xxx',NULL,NULL,NULL,NULL,NULL,NULL,NULL,NULL,NULL,NULL,NULL,NULL,NULL,NULL,NULL,NULL,NULL,1,'user01','2019-02-21 17:30:05','2019-02-21 17:30:05',1,NULL,NULL,NULL,NULL,NULL,NULL,NULL,NULL,NULL,NULL,NULL,NULL),('DY3617b663',NULL,NULL,'xx',NULL,NULL,NULL,NULL,NULL,NULL,NULL,NULL,NULL,NULL,NULL,NULL,NULL,NULL,NULL,NULL,NULL,1,'user01','2019-02-21 17:33:25','2019-02-21 17:33:25',1,NULL,NULL,NULL,NULL,NULL,NULL,NULL,NULL,NULL,NULL,NULL,NULL),('DY36784423',NULL,NULL,'DYb41755c0',NULL,NULL,NULL,NULL,NULL,NULL,NULL,NULL,NULL,NULL,NULL,NULL,NULL,NULL,NULL,NULL,NULL,1,'user01','2019-02-21 17:33:27','2019-02-21 17:33:27',1,NULL,NULL,NULL,NULL,NULL,NULL,NULL,NULL,NULL,NULL,NULL,NULL),('DY4676224b',NULL,NULL,NULL,NULL,NULL,NULL,NULL,NULL,NULL,NULL,NULL,NULL,NULL,NULL,NULL,NULL,NULL,NULL,NULL,NULL,1,'user01','2019-02-22 01:27:46','2019-02-22 01:27:46',1,NULL,NULL,NULL,NULL,NULL,NULL,NULL,NULL,NULL,NULL,NULL,NULL),('DY65d842c7',NULL,NULL,NULL,NULL,NULL,NULL,NULL,NULL,NULL,NULL,NULL,NULL,NULL,NULL,NULL,NULL,NULL,NULL,NULL,NULL,1,'user01','2019-02-21 17:30:13','2019-02-21 17:30:13',1,NULL,NULL,NULL,NULL,NULL,NULL,NULL,NULL,NULL,NULL,NULL,NULL),('asasaa','444444','1','2197d62c526d','user01','','','','','','','','N','','','10',NULL,NULL,NULL,NULL,'0',4,'user01','2018-11-18 23:27:39','2018-11-18 23:37:52',1,'0','0','0','0','1',NULL,NULL,NULL,NULL,NULL,NULL,NULL),('dsfsd','6947503775353',NULL,'default','user01','','','','','','','','N','0','','1',NULL,NULL,NULL,NULL,'0',1,'user01','2018-11-13 01:12:32','2018-11-13 01:12:32',2,NULL,NULL,NULL,NULL,NULL,NULL,NULL,NULL,NULL,NULL,NULL,NULL),('kl;klkl','6947503775353',NULL,'default','user01','','','','','','','','N','0','','1',NULL,NULL,NULL,NULL,'0',1,'user01','2018-11-13 00:59:15','2018-11-13 00:59:15',2,NULL,NULL,NULL,NULL,NULL,NULL,NULL,NULL,NULL,NULL,NULL,NULL),('klklklk','6947503775353',NULL,'default','user01','','','','','','','','N','','','',NULL,NULL,NULL,NULL,'',1,'user01','2018-11-13 01:09:12','2018-11-13 01:09:12',2,NULL,NULL,NULL,NULL,NULL,NULL,NULL,NULL,NULL,NULL,NULL,NULL),('opop','6947503775353',NULL,'default','user01','','','','','','','','N','0','','1',NULL,NULL,NULL,NULL,'0',1,'user01','2018-11-13 01:07:44','2018-11-13 01:07:44',2,NULL,NULL,NULL,NULL,NULL,NULL,NULL,NULL,NULL,NULL,NULL,NULL),('ordno001','sku0004',NULL,'22','user01','xxx','xxx','xxx','xxx','xxx','xxx','xxx','N','',NULL,'10',NULL,NULL,NULL,NULL,'222',1,'user01','2018-12-02 22:41:33','2018-12-02 22:41:33',1,NULL,NULL,NULL,NULL,NULL,NULL,16,16323,-1,2,2202,22020002),('sdsfs','6947503775353',NULL,'default','user01','','','','','','','','N','0','','1',NULL,NULL,NULL,NULL,'0',1,'user01','2018-11-13 01:04:58','2018-11-13 01:04:58',2,NULL,NULL,NULL,NULL,NULL,NULL,NULL,NULL,NULL,NULL,NULL,NULL),('test001','sku0004',NULL,'2197434257df','user01','xxx','xx','xx','xx','xx','xx','xx','N','','xxx','20',NULL,NULL,NULL,NULL,'2',3,'user01','2018-11-30 22:33:53','2018-11-30 22:55:48',1,NULL,NULL,NULL,NULL,NULL,NULL,NULL,NULL,NULL,NULL,NULL,NULL);
/*!40000 ALTER TABLE `l_sale_record` ENABLE KEYS */;
UNLOCK TABLES;

--
-- Table structure for table `l_shelf`
--

DROP TABLE IF EXISTS `l_shelf`;
/*!40101 SET @saved_cs_client     = @@character_set_client */;
 SET character_set_client = utf8mb4 ;
CREATE TABLE `l_shelf` (
  `id` int(11) NOT NULL AUTO_INCREMENT,
  `shelf_no` varchar(50) DEFAULT NULL,
  `area` varchar(20) DEFAULT NULL,
  `row_no` varchar(20) DEFAULT NULL,
  `layer` varchar(20) DEFAULT NULL,
  `line` varchar(20) DEFAULT NULL,
  `enable` varchar(1) DEFAULT NULL,
  PRIMARY KEY (`id`)
) ENGINE=InnoDB AUTO_INCREMENT=3 DEFAULT CHARSET=utf8mb4 COLLATE=utf8mb4_0900_ai_ci;
/*!40101 SET character_set_client = @saved_cs_client */;

--
-- Dumping data for table `l_shelf`
--

LOCK TABLES `l_shelf` WRITE;
/*!40000 ALTER TABLE `l_shelf` DISABLE KEYS */;
INSERT INTO `l_shelf` VALUES (1,'@xx-null-xxxxxx-xxx','xx',NULL,'xxxxxx','xxx','Y'),(2,'@1-2-3-4','1','2','3','4','Y');
/*!40000 ALTER TABLE `l_shelf` ENABLE KEYS */;
UNLOCK TABLES;

--
-- Table structure for table `l_sku_mapping`
--

DROP TABLE IF EXISTS `l_sku_mapping`;
/*!40101 SET @saved_cs_client     = @@character_set_client */;
 SET character_set_client = utf8mb4 ;
CREATE TABLE `l_sku_mapping` (
  `id` int(11) NOT NULL AUTO_INCREMENT,
  `dy_sku` varchar(13) COLLATE utf8_bin DEFAULT NULL,
  `sku` varchar(20) COLLATE utf8_bin DEFAULT NULL,
  `platform` varchar(20) COLLATE utf8_bin DEFAULT NULL,
  `create_on` timestamp NULL DEFAULT NULL,
  `create_by` varchar(200) COLLATE utf8_bin DEFAULT NULL,
  PRIMARY KEY (`id`)
) ENGINE=InnoDB AUTO_INCREMENT=7 DEFAULT CHARSET=utf8 COLLATE=utf8_bin;
/*!40101 SET character_set_client = @saved_cs_client */;

--
-- Dumping data for table `l_sku_mapping`
--

LOCK TABLES `l_sku_mapping` WRITE;
/*!40000 ALTER TABLE `l_sku_mapping` DISABLE KEYS */;
INSERT INTO `l_sku_mapping` VALUES (5,'9540879835477','skutest001','1','2018-12-18 13:52:45','user01'),(6,'8950615433071','sku00001','2','2018-12-18 13:52:45','user01');
/*!40000 ALTER TABLE `l_sku_mapping` ENABLE KEYS */;
UNLOCK TABLES;

--
-- Table structure for table `l_status`
--

DROP TABLE IF EXISTS `l_status`;
/*!40101 SET @saved_cs_client     = @@character_set_client */;
 SET character_set_client = utf8mb4 ;
CREATE TABLE `l_status` (
  `id` int(11) NOT NULL AUTO_INCREMENT,
  `seq` int(11) DEFAULT NULL,
  `type` varchar(50) COLLATE utf8_bin DEFAULT NULL,
  `name` varchar(50) COLLATE utf8_bin DEFAULT NULL,
  PRIMARY KEY (`id`),
  UNIQUE KEY `l_status_id_uindex` (`id`)
) ENGINE=InnoDB AUTO_INCREMENT=12 DEFAULT CHARSET=utf8 COLLATE=utf8_bin;
/*!40101 SET character_set_client = @saved_cs_client */;

--
-- Dumping data for table `l_status`
--

LOCK TABLES `l_status` WRITE;
/*!40000 ALTER TABLE `l_status` DISABLE KEYS */;
INSERT INTO `l_status` VALUES (1,1,'order','Â∑≤ÁîüÊàêËÆ¢Âçï,Êú™Á°ÆËÆ§Áõ∏ÂÖ≥‰ø°ÊÅØÂèäÊèê‰∫§Âá∫Â∫ì'),(2,2,'order','Â∑≤Á°ÆËÆ§Áõ∏ÂÖ≥‰ø°ÊÅØ,Êú™Êèê‰∫§Âá∫Â∫ì'),(3,3,'order','Â∑≤Êèê‰∫§Âá∫Â∫ì'),(4,4,'order','Â∑≤Âá∫Â∫ì'),(5,5,'order','Â∑≤ÂÆåÊàê'),(6,6,'order','ËÆ¢ÂçïÂ∑≤Êã¶Êà™,ÊÇ®ÂèØÈáçÊñ∞ÁºñËæëÊèê‰∫§'),(7,1,'deliverbox','Êñ∞Âª∫'),(8,2,'deliverbox','Â§¥Á®ã'),(9,3,'deliverbox','ÂÖ•Â∫ìÂæÖÁ°ÆËÆ§'),(10,4,'deliverbox','Â∑≤ÂÖ•Â∫ì'),(11,5,'deliverbox','Â∑≤ÂÆåÊàê');
/*!40000 ALTER TABLE `l_status` ENABLE KEYS */;
UNLOCK TABLES;

--
-- Table structure for table `l_store_info`
--

DROP TABLE IF EXISTS `l_store_info`;
/*!40101 SET @saved_cs_client     = @@character_set_client */;
 SET character_set_client = utf8mb4 ;
CREATE TABLE `l_store_info` (
  `id` int(11) NOT NULL AUTO_INCREMENT,
  `userId` int(11) DEFAULT NULL,
  `sellerId` varchar(100) COLLATE utf8_bin DEFAULT NULL,
  `mwsAuthToken` varchar(100) COLLATE utf8_bin DEFAULT NULL,
  `secretKey` varchar(100) COLLATE utf8_bin DEFAULT NULL,
  `platform` int(11) DEFAULT NULL,
  `enable` varchar(1) COLLATE utf8_bin DEFAULT NULL,
  PRIMARY KEY (`id`)
) ENGINE=InnoDB AUTO_INCREMENT=3 DEFAULT CHARSET=utf8 COLLATE=utf8_bin;
/*!40101 SET character_set_client = @saved_cs_client */;

--
-- Dumping data for table `l_store_info`
--

LOCK TABLES `l_store_info` WRITE;
/*!40000 ALTER TABLE `l_store_info` DISABLE KEYS */;
INSERT INTO `l_store_info` VALUES (1,1,'AOYEK60LBAPEN','AKIAJ7YDUM5NCBSW4ODA','SIOhohQJmYcqwCXGgP9t5ZlK9XoTQ3Dp0xWyUUsE',NULL,NULL),(2,34,'','','',0,'N');
/*!40000 ALTER TABLE `l_store_info` ENABLE KEYS */;
UNLOCK TABLES;

--
-- Table structure for table `l_user`
--

DROP TABLE IF EXISTS `l_user`;
/*!40101 SET @saved_cs_client     = @@character_set_client */;
 SET character_set_client = utf8mb4 ;
CREATE TABLE `l_user` (
  `id` int(11) NOT NULL AUTO_INCREMENT,
  `username` varchar(100) COLLATE utf8_bin DEFAULT NULL,
  `password` varchar(100) COLLATE utf8_bin DEFAULT NULL,
  `email` varchar(100) COLLATE utf8_bin DEFAULT NULL,
  `type` varchar(45) COLLATE utf8_bin DEFAULT NULL,
  `enable` varchar(1) COLLATE utf8_bin DEFAULT NULL,
  `inner_id` varchar(45) COLLATE utf8_bin DEFAULT NULL,
  PRIMARY KEY (`id`)
) ENGINE=InnoDB AUTO_INCREMENT=43 DEFAULT CHARSET=utf8 COLLATE=utf8_bin;
/*!40101 SET character_set_client = @saved_cs_client */;

--
-- Dumping data for table `l_user`
--

LOCK TABLES `l_user` WRITE;
/*!40000 ALTER TABLE `l_user` DISABLE KEYS */;
INSERT INTO `l_user` VALUES (1,'admin','$2a$10$8XoXYzVCdH2o0VC5WFf3yOpqsDBRgIehj/gRrOikiE.8AErxE2XB6',NULL,NULL,'Y','DY1'),(4,'chenzeshenga','$2a$10$8XoXYzVCdH2o0VC5WFf3yOpqsDBRgIehj/gRrOikiE.8AErxE2XB6','222','ÂïÜÊà∑','Y','DY4'),(34,'user01','$2a$10$8XoXYzVCdH2o0VC5WFf3yOpqsDBRgIehj/gRrOikiE.8AErxE2XB6','chenzeshenga@163.com','ÂïÜÊà∑','Y','DY34'),(41,'operator','$2a$10$8XoXYzVCdH2o0VC5WFf3yOpqsDBRgIehj/gRrOikiE.8AErxE2XB6','test@11.com','ÂïÜÊà∑','Y','DY41'),(42,'head_operator','$2a$10$8XoXYzVCdH2o0VC5WFf3yOpqsDBRgIehj/gRrOikiE.8AErxE2XB6',NULL,'ÂïÜÊà∑','Y','');
/*!40000 ALTER TABLE `l_user` ENABLE KEYS */;
UNLOCK TABLES;

--
-- Table structure for table `l_user_balance`
--

DROP TABLE IF EXISTS `l_user_balance`;
/*!40101 SET @saved_cs_client     = @@character_set_client */;
 SET character_set_client = utf8mb4 ;
CREATE TABLE `l_user_balance` (
  `userId` int(11) NOT NULL AUTO_INCREMENT,
  `userBalance` varchar(45) COLLATE utf8_bin DEFAULT NULL,
  `userBalanceJpy` varchar(45) COLLATE utf8_bin DEFAULT NULL,
  PRIMARY KEY (`userId`)
) ENGINE=InnoDB AUTO_INCREMENT=89 DEFAULT CHARSET=utf8 COLLATE=utf8_bin;
/*!40101 SET character_set_client = @saved_cs_client */;

--
-- Dumping data for table `l_user_balance`
--

LOCK TABLES `l_user_balance` WRITE;
/*!40000 ALTER TABLE `l_user_balance` DISABLE KEYS */;
INSERT INTO `l_user_balance` VALUES (88,NULL,NULL);
/*!40000 ALTER TABLE `l_user_balance` ENABLE KEYS */;
UNLOCK TABLES;

--
-- Table structure for table `l_user_info`
--

DROP TABLE IF EXISTS `l_user_info`;
/*!40101 SET @saved_cs_client     = @@character_set_client */;
 SET character_set_client = utf8mb4 ;
CREATE TABLE `l_user_info` (
  `userId` int(11) NOT NULL,
  `userAddress` varchar(450) COLLATE utf8_bin DEFAULT NULL,
  `name` varchar(200) COLLATE utf8_bin DEFAULT NULL COMMENT 'ÂÖ¨Âè∏ÂêçÁß∞',
  `addr` varchar(450) COLLATE utf8_bin DEFAULT NULL,
  `mainContacts` varchar(200) COLLATE utf8_bin DEFAULT NULL,
  `telephone` varchar(45) COLLATE utf8_bin DEFAULT NULL,
  `contact` varchar(45) COLLATE utf8_bin DEFAULT NULL,
  PRIMARY KEY (`userId`)
) ENGINE=InnoDB DEFAULT CHARSET=utf8 COLLATE=utf8_bin;
/*!40101 SET character_set_client = @saved_cs_client */;

--
-- Dumping data for table `l_user_info`
--

LOCK TABLES `l_user_info` WRITE;
/*!40000 ALTER TABLE `l_user_info` DISABLE KEYS */;
INSERT INTO `l_user_info` VALUES (1,'','klklkl','qqq','','',NULL),(34,'','','','','',NULL),(88,NULL,NULL,NULL,NULL,NULL,NULL);
/*!40000 ALTER TABLE `l_user_info` ENABLE KEYS */;
UNLOCK TABLES;

--
-- Table structure for table `l_volume_weight`
--

DROP TABLE IF EXISTS `l_volume_weight`;
/*!40101 SET @saved_cs_client     = @@character_set_client */;
 SET character_set_client = utf8mb4 ;
CREATE TABLE `l_volume_weight` (
  `id` int(11) NOT NULL AUTO_INCREMENT,
  `refno` varchar(45) COLLATE utf8_bin DEFAULT NULL,
  `ref_type` varchar(45) COLLATE utf8_bin DEFAULT NULL,
  `length` double DEFAULT NULL,
  `width` double DEFAULT NULL,
  `height` double DEFAULT NULL,
  `weight` double DEFAULT NULL,
  PRIMARY KEY (`id`)
) ENGINE=InnoDB DEFAULT CHARSET=utf8 COLLATE=utf8_bin;
/*!40101 SET character_set_client = @saved_cs_client */;

--
-- Dumping data for table `l_volume_weight`
--

LOCK TABLES `l_volume_weight` WRITE;
/*!40000 ALTER TABLE `l_volume_weight` DISABLE KEYS */;
/*!40000 ALTER TABLE `l_volume_weight` ENABLE KEYS */;
UNLOCK TABLES;

--
-- Table structure for table `l_warehousing`
--

DROP TABLE IF EXISTS `l_warehousing`;
/*!40101 SET @saved_cs_client     = @@character_set_client */;
 SET character_set_client = utf8mb4 ;
CREATE TABLE `l_warehousing` (
  `parent_sku` varchar(40) NOT NULL,
  `owner` varchar(45) NOT NULL,
  `deliver_status` varchar(20) DEFAULT NULL,
  `method` varchar(20) DEFAULT NULL,
  `create_on` datetime DEFAULT CURRENT_TIMESTAMP,
  `update_on` datetime DEFAULT CURRENT_TIMESTAMP,
  `create_by` varchar(45) DEFAULT NULL,
  `update_by` varchar(45) DEFAULT NULL,
  `insurance` varchar(45) DEFAULT NULL,
  `head` varchar(45) DEFAULT NULL,
  `track_no` varchar(45) DEFAULT NULL,
  `clearance_type` varchar(45) DEFAULT NULL,
  `estimated_date` datetime DEFAULT CURRENT_TIMESTAMP,
  `deliver_way` varchar(30) DEFAULT NULL,
  `operation_type` varchar(30) DEFAULT NULL,
  `fee_1` varchar(20) DEFAULT NULL,
  `fee_2` varchar(20) DEFAULT NULL,
  `fee_3` varchar(20) DEFAULT NULL,
  `fee_4` varchar(20) DEFAULT NULL,
  `fee_5` varchar(20) DEFAULT NULL,
  `fee_6` varchar(20) DEFAULT NULL,
  `fee_7` varchar(20) DEFAULT NULL,
  `fee_8` varchar(20) DEFAULT NULL,
  `fee_a` varchar(20) DEFAULT NULL,
  `fee_d` varchar(20) DEFAULT NULL,
  `fee_c` varchar(20) DEFAULT NULL,
  `fee_b` varchar(20) DEFAULT NULL,
  `fee_e` varchar(20) DEFAULT NULL,
  `channel` varchar(20) DEFAULT NULL,
  `estimate_date_to_warehouse` datetime DEFAULT CURRENT_TIMESTAMP,
  `tax_type` varchar(20) DEFAULT NULL,
  `carrier` varchar(50) DEFAULT NULL,
  `fee_1_num` varchar(20) DEFAULT NULL,
  `fee_2_num` varchar(20) DEFAULT NULL,
  `fee_3_num` varchar(20) DEFAULT NULL,
  `fee_4_num` varchar(20) DEFAULT NULL,
  `fee_5_num` varchar(20) DEFAULT NULL,
  `fee_6_num` varchar(20) DEFAULT NULL,
  `fee_7_num` varchar(20) DEFAULT NULL,
  `fee_8_num` varchar(20) DEFAULT NULL,
  `fee_a_num` varchar(20) DEFAULT NULL,
  `fee_b_num` varchar(20) DEFAULT NULL,
  `fee_c_num` varchar(20) DEFAULT NULL,
  `fee_d_num` varchar(20) DEFAULT NULL,
  `fee_e_num` varchar(20) DEFAULT NULL
) ENGINE=InnoDB DEFAULT CHARSET=utf8mb4 COLLATE=utf8mb4_0900_ai_ci;
/*!40101 SET character_set_client = @saved_cs_client */;

--
-- Dumping data for table `l_warehousing`
--

LOCK TABLES `l_warehousing` WRITE;
/*!40000 ALTER TABLE `l_warehousing` DISABLE KEYS */;
INSERT INTO `l_warehousing` VALUES ('DY003e4c1c','user01','1','','2019-02-06 19:01:47','2019-02-14 23:38:27','user01','user01','N','2','xx','2','2019-02-09 00:00:00',NULL,NULL,NULL,NULL,NULL,NULL,NULL,NULL,NULL,NULL,NULL,NULL,NULL,NULL,NULL,'CHL0008',NULL,NULL,NULL,NULL,NULL,NULL,NULL,NULL,NULL,NULL,NULL,NULL,NULL,NULL,NULL,NULL),('DY12379a54','user01','7','2','2019-02-06 19:03:38','2019-02-18 22:27:59','user01','operator','N','2','xxxx','2',NULL,'ÈõÜË£ÖÁÆ±Âç°ËΩ¶Ê¥æÈÄÅ','ÊôÆË¥ßÂÖ•Â∫ì','N','N','N','N','N','N','N','N','Y','N','N','Y','N','CHL0008',NULL,'2',NULL,NULL,NULL,NULL,NULL,NULL,NULL,NULL,NULL,'200','500',NULL,NULL,NULL),('DY76861bc2','user01','1','','2019-02-16 15:16:32','2019-02-16 15:16:32','user01','user01','N','2','7897987398472983','2','2019-02-16 00:00:00',NULL,NULL,NULL,NULL,NULL,NULL,NULL,NULL,NULL,NULL,NULL,NULL,NULL,NULL,NULL,'CHL0008',NULL,'2','È°∫‰∏∞',NULL,NULL,NULL,NULL,NULL,NULL,NULL,NULL,NULL,NULL,NULL,NULL,NULL),('DYbc8947d5','user01','1','','2019-02-16 15:19:40','2019-02-16 15:19:40','user01','user01','N','2','123213143','2','2019-02-23 00:00:00',NULL,NULL,NULL,NULL,NULL,NULL,NULL,NULL,NULL,NULL,NULL,NULL,NULL,NULL,NULL,'CHL0008',NULL,'2','Âæ∑ÈÇ¶',NULL,NULL,NULL,NULL,NULL,NULL,NULL,NULL,NULL,NULL,NULL,NULL,NULL),('DYfcb5e0ea','user01','1','','2019-02-16 15:21:34','2019-02-16 15:21:34','user01','user01','N','2','8932849287','2','2019-02-23 00:00:00',NULL,NULL,NULL,NULL,NULL,NULL,NULL,NULL,NULL,NULL,NULL,NULL,NULL,NULL,NULL,'CHL0008',NULL,'2','È°∫‰∏∞',NULL,NULL,NULL,NULL,NULL,NULL,NULL,NULL,NULL,NULL,NULL,NULL,NULL),('DYaa853c30','user01','1','','2019-02-16 15:26:53','2019-02-21 00:06:04','user01','user01','N','2','2389462648','2','2019-02-23 00:00:00',NULL,NULL,NULL,NULL,NULL,NULL,NULL,NULL,NULL,NULL,NULL,NULL,NULL,NULL,NULL,'-1',NULL,'2','È°∫‰∏∞',NULL,NULL,NULL,NULL,NULL,NULL,NULL,NULL,NULL,NULL,NULL,NULL,NULL),('DY44605a27','user01','1','4','2019-02-20 20:35:09','2019-02-21 00:12:15','user01','user01','30','1','','2',NULL,NULL,NULL,NULL,NULL,NULL,NULL,NULL,NULL,NULL,NULL,NULL,NULL,NULL,NULL,NULL,'CHL0006',NULL,'2','',NULL,NULL,NULL,NULL,NULL,NULL,NULL,NULL,NULL,NULL,NULL,NULL,NULL),('DY2b82c128','user01','1','4','2019-02-22 01:03:44','2019-02-22 01:03:44','user01','user01','N','1','','2',NULL,NULL,NULL,NULL,NULL,NULL,NULL,NULL,NULL,NULL,NULL,NULL,NULL,NULL,NULL,NULL,'CHL0006',NULL,'2','',NULL,NULL,NULL,NULL,NULL,NULL,NULL,NULL,NULL,NULL,NULL,NULL,NULL),('DYbd55f0ce','user01','1','','2019-02-28 21:25:15','2019-02-28 21:25:15','user01','user01','N','2','xx','2','2019-03-01 00:00:00',NULL,NULL,NULL,NULL,NULL,NULL,NULL,NULL,NULL,NULL,NULL,NULL,NULL,NULL,NULL,'',NULL,'2','xxx',NULL,NULL,NULL,NULL,NULL,NULL,NULL,NULL,NULL,NULL,NULL,NULL,NULL);
/*!40000 ALTER TABLE `l_warehousing` ENABLE KEYS */;
UNLOCK TABLES;

--
-- Table structure for table `l_warehousing_content`
--

DROP TABLE IF EXISTS `l_warehousing_content`;
/*!40101 SET @saved_cs_client     = @@character_set_client */;
 SET character_set_client = utf8mb4 ;
CREATE TABLE `l_warehousing_content` (
  `parent_sku` varchar(40) COLLATE utf8_bin NOT NULL,
  `sku` varchar(45) COLLATE utf8_bin NOT NULL,
  `box_seq` varchar(20) COLLATE utf8_bin DEFAULT NULL,
  `num` varchar(20) COLLATE utf8_bin DEFAULT NULL,
  `defect_num` varchar(20) COLLATE utf8_bin DEFAULT NULL,
  `normal_num` varchar(20) COLLATE utf8_bin DEFAULT NULL,
  `wrap_type` varchar(45) COLLATE utf8_bin DEFAULT NULL,
  `user_confirm` varchar(2) COLLATE utf8_bin DEFAULT NULL,
  `img_path` varchar(2000) COLLATE utf8_bin DEFAULT NULL,
  `dy_sku` varchar(20) COLLATE utf8_bin DEFAULT NULL,
  `comments` varchar(2000) COLLATE utf8_bin DEFAULT NULL
) ENGINE=InnoDB DEFAULT CHARSET=utf8 COLLATE=utf8_bin;
/*!40101 SET character_set_client = @saved_cs_client */;

--
-- Dumping data for table `l_warehousing_content`
--

LOCK TABLES `l_warehousing_content` WRITE;
/*!40000 ALTER TABLE `l_warehousing_content` DISABLE KEYS */;
INSERT INTO `l_warehousing_content` VALUES ('DY003e4c1c','sku00001','1','12',NULL,NULL,'Ëá™Â∏¶ÂåÖË£Ö',NULL,NULL,'8950615433071',NULL),('DY76861bc2','121211','1','12',NULL,NULL,'Ëá™Â∏¶ÂåÖË£Ö',NULL,NULL,'1281211134862',NULL),('DYbc8947d5','sku0002','1','12',NULL,NULL,'Ëá™Â∏¶ÂåÖË£Ö',NULL,NULL,'0082316348939',NULL),('DYbc8947d5','sku0002','2','12',NULL,NULL,'Ëá™Â∏¶ÂåÖË£Ö',NULL,NULL,'0082316348939',NULL),('DYfcb5e0ea','sku0002','1','12',NULL,NULL,'Ëá™Â∏¶ÂåÖË£Ö',NULL,NULL,'0082316348939',NULL),('DYfcb5e0ea','sku0002','2','12',NULL,NULL,'Ëá™Â∏¶ÂåÖË£Ö',NULL,NULL,'0082316348939',NULL),('DY12379a54','sku00001','1','12','2','10','Ëá™Â∏¶ÂåÖË£Ö','Y','F:/project/tmp/warehousing/upload/DY12379a54/QQÊµèËßàÂô®Êà™Âõæ_20180206214851_D57E3F203B584a9c8B8F0D80E031379A.jpg','8950615433071','xxxxxxxx'),('DYaa853c30','sku0002','1','12',NULL,NULL,'Ëá™Â∏¶ÂåÖË£Ö',NULL,NULL,'0082316348939',NULL),('DYaa853c30','sku0002','2','123',NULL,NULL,'Ëá™Â∏¶ÂåÖË£Ö',NULL,NULL,'0082316348939',NULL),('DY2b82c128','sku0002','1','10',NULL,NULL,'Ëá™Â∏¶ÂåÖË£Ö',NULL,NULL,'0082316348939',NULL),('DY2b82c128','sku0002','2','15',NULL,NULL,'Ëá™Â∏¶ÂåÖË£Ö',NULL,NULL,'0082316348939',NULL),('DYbd55f0ce','sku0002','1','12',NULL,NULL,'Ëá™Â∏¶ÂåÖË£Ö',NULL,NULL,'0082316348939',NULL);
/*!40000 ALTER TABLE `l_warehousing_content` ENABLE KEYS */;
UNLOCK TABLES;

--
-- Dumping events for database 'logistics'
--

--
-- Dumping routines for database 'logistics'
--
/*!40103 SET TIME_ZONE=@OLD_TIME_ZONE */;

/*!40101 SET SQL_MODE=@OLD_SQL_MODE */;
/*!40014 SET FOREIGN_KEY_CHECKS=@OLD_FOREIGN_KEY_CHECKS */;
/*!40014 SET UNIQUE_CHECKS=@OLD_UNIQUE_CHECKS */;
/*!40101 SET CHARACTER_SET_CLIENT=@OLD_CHARACTER_SET_CLIENT */;
/*!40101 SET CHARACTER_SET_RESULTS=@OLD_CHARACTER_SET_RESULTS */;
/*!40101 SET COLLATION_CONNECTION=@OLD_COLLATION_CONNECTION */;
/*!40111 SET SQL_NOTES=@OLD_SQL_NOTES */;

-- Dump completed on 2019-03-07  1:26:49
